namespace,pod,container,timestamp,cpu-average
free5gc,free5gc-amf-8745675cb-scvkr,amf,1731790740000,1.0011663673668416
free5gc,free5gc-amf-8745675cb-scvkr,amf,1731790800000,1.0013096815138285
free5gc,free5gc-amf-8745675cb-scvkr,amf,1731790860000,0.9987331746337196
free5gc,free5gc-amf-8745675cb-scvkr,amf,1731790920000,0.9982442063099914
free5gc,free5gc-amf-8745675cb-scvkr,amf,1731790980000,0.0585454132943893
free5gc,free5gc-amf-8745675cb-scvkr,amf,1731791040000,0.0001584477061857
free5gc,free5gc-amf-8745675cb-scvkr,amf,1731791100000,0.0006440461584917
free5gc,free5gc-amf-8745675cb-scvkr,amf,1731791160000,0.0
free5gc,free5gc-amf-8745675cb-scvkr,amf,1731791220000,0.0005423962742137
free5gc,free5gc-amf-8745675cb-scvkr,amf,1731791280000,0.0001673740694031
free5gc,free5gc-amf-8745675cb-scvkr,amf,1731791340000,0.0006106271327335
free5gc,free5gc-amf-8745675cb-scvkr,amf,1731791400000,0.0
free5gc,free5gc-amf-8745675cb-scvkr,amf,1731791460000,0.0005861632699228
free5gc,free5gc-amf-8745675cb-scvkr,amf,1731791520000,0.0
free5gc,free5gc-amf-8745675cb-scvkr,amf,1731791580000,0.0005618183859766
free5gc,free5gc-amf-8745675cb-scvkr,amf,1731791640000,0.0
free5gc,free5gc-amf-8745675cb-scvkr,amf,1731791700000,0.000457961649365
free5gc,free5gc-amf-8745675cb-scvkr,amf,1731791760000,0.0001414032165211
free5gc,free5gc-amf-8745675cb-scvkr,amf,1731791820000,0.000653620009321
free5gc,free5gc-amf-8745675cb-scvkr,amf,1731791880000,0.0
free5gc,free5gc-amf-8745675cb-scvkr,amf,1731791940000,0.0005554884338098
free5gc,free5gc-amf-8745675cb-scvkr,amf,1731792000000,0.0
free5gc,free5gc-amf-8745675cb-scvkr,amf,1731792060000,0.000450663272183
free5gc,free5gc-amf-8745675cb-scvkr,amf,1731792120000,0.0001983941704395
free5gc,free5gc-amf-8745675cb-scvkr,amf,1731792180000,0.0
free5gc,free5gc-amf-8745675cb-scvkr,amf,1731792240000,0.0003384291540207
free5gc,free5gc-amf-8745675cb-scvkr,amf,1731792300000,0.0
free5gc,free5gc-amf-8745675cb-scvkr,amf,1731792360000,0.0002466353751206
free5gc,free5gc-amf-8745675cb-scvkr,amf,1731792420000,0.0
free5gc,free5gc-amf-8745675cb-scvkr,amf,1731792480000,8.718610960387767e-05
free5gc,free5gc-amf-8745675cb-scvkr,amf,1731792540000,0.0
free5gc,free5gc-amf-8745675cb-scvkr,amf,1731792600000,7.962626958096195e-06
free5gc,free5gc-amf-8745675cb-scvkr,amf,1731792660000,0.0003800415466664
free5gc,free5gc-amf-8745675cb-scvkr,amf,1731792720000,1.4214548852944055e-05
free5gc,free5gc-amf-8745675cb-scvkr,amf,1731792780000,0.0
free5gc,free5gc-amf-8745675cb-scvkr,amf,1731792840000,8.541775867099947e-06
free5gc,free5gc-amf-8745675cb-scvkr,amf,1731792900000,0.0
free5gc,free5gc-amf-8745675cb-scvkr,amf,1731792960000,0.0
free5gc,free5gc-amf-8745675cb-scvkr,amf,1731793020000,0.0
free5gc,free5gc-amf-8745675cb-scvkr,amf,1731793080000,0.0
free5gc,free5gc-amf-8745675cb-scvkr,amf,1731793140000,0.0001426643527161
free5gc,free5gc-amf-8745675cb-scvkr,amf,1731793200000,0.0005358618656331
free5gc,free5gc-amf-8745675cb-scvkr,amf,1731793260000,0.0001356739825611
free5gc,free5gc-amf-8745675cb-scvkr,amf,1731793320000,0.0004685194080663
free5gc,free5gc-amf-8745675cb-scvkr,amf,1731793380000,0.000122804326908
free5gc,free5gc-amf-8745675cb-scvkr,amf,1731793440000,0.0005587404041528
free5gc,free5gc-amf-8745675cb-scvkr,amf,1731793500000,0.0001999606080566
free5gc,free5gc-amf-8745675cb-scvkr,amf,1731793560000,0.0003883065171976
free5gc,free5gc-amf-8745675cb-scvkr,amf,1731793620000,9.898207445896702e-05
free5gc,free5gc-amf-8745675cb-scvkr,amf,1731793680000,0.0004825896972086
free5gc,free5gc-amf-8745675cb-scvkr,amf,1731793740000,0.0001096538691506
free5gc,free5gc-amf-8745675cb-scvkr,amf,1731793800000,0.0008198873988169
free5gc,free5gc-amf-8745675cb-scvkr,amf,1731793860000,0.0002572481821061
free5gc,free5gc-amf-8745675cb-scvkr,amf,1731793920000,0.0006644891799839
free5gc,free5gc-amf-8745675cb-scvkr,amf,1731793980000,0.0001168744190165
free5gc,free5gc-amf-8745675cb-scvkr,amf,1731794040000,0.0003684856518049
free5gc,free5gc-amf-8745675cb-scvkr,amf,1731794100000,0.0002734137194388
free5gc,free5gc-amf-8745675cb-scvkr,amf,1731794160000,0.0005590113851129
free5gc,free5gc-amf-8745675cb-scvkr,amf,1731794220000,0.0001674972687451
free5gc,free5gc-amf-8745675cb-scvkr,amf,1731794280000,0.0005994172310789
free5gc,free5gc-amf-8745675cb-scvkr,amf,1731794340000,0.0001332427892075
free5gc,free5gc-amf-8745675cb-scvkr,amf,1731794400000,0.0003270132155169
free5gc,free5gc-amf-8745675cb-scvkr,amf,1731794460000,0.0001747515829115
free5gc,free5gc-amf-8745675cb-scvkr,amf,1731794520000,0.0004800067457545
free5gc,free5gc-amf-8745675cb-scvkr,amf,1731794580000,0.0001515936338335
free5gc,free5gc-amf-8745675cb-scvkr,amf,1731794640000,0.0006366007839212
free5gc,free5gc-amf-8745675cb-scvkr,amf,1731794700000,0.0001404391956901
free5gc,free5gc-amf-8745675cb-scvkr,amf,1731794760000,0.0004176913485161
free5gc,free5gc-amf-8745675cb-scvkr,amf,1731794820000,0.000108525204498
free5gc,free5gc-amf-8745675cb-scvkr,amf,1731794880000,0.0004863675197232
free5gc,free5gc-amf-8745675cb-scvkr,amf,1731794940000,0.0002069915520786
free5gc,free5gc-amf-8745675cb-scvkr,amf,1731795000000,0.000408838109046
free5gc,free5gc-amf-8745675cb-scvkr,amf,1731795060000,0.0002017511803986
free5gc,free5gc-amf-8745675cb-scvkr,amf,1731795120000,0.0004204422051245
free5gc,free5gc-amf-8745675cb-scvkr,amf,1731795180000,0.0001945363103403
free5gc,free5gc-amf-8745675cb-scvkr,amf,1731795240000,0.0004743159947035
free5gc,free5gc-amf-8745675cb-scvkr,amf,1731795300000,0.0001208695896695
free5gc,free5gc-amf-8745675cb-scvkr,amf,1731795360000,0.0004788056235269
free5gc,free5gc-amf-8745675cb-scvkr,amf,1731795420000,0.0001320070011667
free5gc,free5gc-amf-8745675cb-scvkr,amf,1731795480000,0.0004360648439932
free5gc,free5gc-amf-8745675cb-scvkr,amf,1731795540000,0.0001081287792723
free5gc,free5gc-amf-8745675cb-scvkr,amf,1731795600000,0.0005022245229642
free5gc,free5gc-amf-8745675cb-scvkr,amf,1731795660000,6.945162263295206e-05
free5gc,free5gc-amf-8745675cb-scvkr,amf,1731795720000,0.0004478075475317
free5gc,free5gc-amf-8745675cb-scvkr,amf,1731795780000,0.0001546298579928
free5gc,free5gc-amf-8745675cb-scvkr,amf,1731795840000,0.0005925262460585
free5gc,free5gc-amf-8745675cb-scvkr,amf,1731795900000,9.470703967904251e-06
free5gc,free5gc-amf-8745675cb-scvkr,amf,1731795960000,0.0004057283714525
free5gc,free5gc-amf-8745675cb-scvkr,amf,1731796020000,0.0
free5gc,free5gc-amf-8745675cb-scvkr,amf,1731796080000,0.0004235920452468
free5gc,free5gc-amf-8745675cb-scvkr,amf,1731796140000,0.0
free5gc,free5gc-amf-8745675cb-scvkr,amf,1731796200000,0.0
free5gc,free5gc-amf-8745675cb-scvkr,amf,1731796260000,0.0
free5gc,free5gc-amf-8745675cb-scvkr,amf,1731796320000,0.0
free5gc,free5gc-amf-8745675cb-scvkr,amf,1731796380000,0.0
free5gc,free5gc-amf-8745675cb-scvkr,amf,1731796440000,0.0
free5gc,free5gc-amf-8745675cb-scvkr,amf,1731796500000,0.0001217697591158
free5gc,free5gc-amf-8745675cb-scvkr,amf,1731796560000,0.0001492532009609
free5gc,free5gc-amf-8745675cb-scvkr,amf,1731796620000,0.0
free5gc,free5gc-amf-8745675cb-scvkr,amf,1731796680000,0.0
free5gc,free5gc-amf-8745675cb-scvkr,amf,1731796740000,0.0004893335786953
free5gc,free5gc-amf-8745675cb-scvkr,amf,1731796800000,0.0001714920372677
free5gc,free5gc-amf-8745675cb-scvkr,amf,1731796860000,0.0004857341522349
free5gc,free5gc-amf-8745675cb-scvkr,amf,1731796920000,0.0001159891290872
free5gc,free5gc-amf-8745675cb-scvkr,amf,1731796980000,0.000508007847197
free5gc,free5gc-amf-8745675cb-scvkr,amf,1731797040000,0.0002187527277247
free5gc,free5gc-amf-8745675cb-scvkr,amf,1731797100000,0.0003080203146608
free5gc,free5gc-amf-8745675cb-scvkr,amf,1731797160000,0.0001329163853023
free5gc,free5gc-amf-8745675cb-scvkr,amf,1731797220000,0.0004106148809654
free5gc,free5gc-amf-8745675cb-scvkr,amf,1731797280000,0.0
free5gc,free5gc-amf-8745675cb-scvkr,amf,1731797340000,0.0003247241537538
free5gc,free5gc-amf-8745675cb-scvkr,amf,1731797400000,0.0001770828547992
free5gc,free5gc-amf-8745675cb-scvkr,amf,1731797460000,0.0003828682163688
free5gc,free5gc-amf-8745675cb-scvkr,amf,1731797520000,0.0001333929353381
free5gc,free5gc-amf-8745675cb-scvkr,amf,1731797580000,0.0005524701932039
free5gc,free5gc-amf-8745675cb-scvkr,amf,1731797640000,0.0002353560877584
free5gc,free5gc-amf-8745675cb-scvkr,amf,1731797700000,0.0
free5gc,free5gc-amf-8745675cb-scvkr,amf,1731797760000,8.63001287541473e-06
free5gc,free5gc-amf-8745675cb-scvkr,amf,1731797820000,0.0001959188718007
free5gc,free5gc-amf-8745675cb-scvkr,amf,1731797880000,0.0
free5gc,free5gc-amf-8745675cb-scvkr,amf,1731797940000,0.0001338477265011
free5gc,free5gc-amf-8745675cb-scvkr,amf,1731798000000,0.0006518884837854
free5gc,free5gc-amf-8745675cb-scvkr,amf,1731798060000,0.0002770597824543
free5gc,free5gc-amf-8745675cb-scvkr,amf,1731798120000,0.0005100646806642
free5gc,free5gc-amf-8745675cb-scvkr,amf,1731798180000,5.592794555513833e-05
free5gc,free5gc-amf-8745675cb-scvkr,amf,1731798240000,0.0
free5gc,free5gc-amf-8745675cb-scvkr,amf,1731798300000,0.0001465646551729
free5gc,free5gc-amf-8745675cb-scvkr,amf,1731798360000,0.0005838738772926
free5gc,free5gc-amf-8745675cb-scvkr,amf,1731798420000,0.0001611984966991
free5gc,free5gc-amf-8745675cb-scvkr,amf,1731798480000,0.0
free5gc,free5gc-amf-8745675cb-scvkr,amf,1731798540000,7.806833522307488e-05
free5gc,free5gc-amf-8745675cb-scvkr,amf,1731798600000,0.0004048541666659
free5gc,free5gc-amf-8745675cb-scvkr,amf,1731798660000,6.751336633168372e-06
free5gc,free5gc-amf-8745675cb-scvkr,amf,1731798720000,0.0
free5gc,free5gc-amf-8745675cb-scvkr,amf,1731798780000,0.0
free5gc,free5gc-amf-8745675cb-scvkr,amf,1731798840000,0.0001579144062151
free5gc,free5gc-amf-8745675cb-scvkr,amf,1731798900000,0.0003357282913168
free5gc,free5gc-amf-8745675cb-scvkr,amf,1731798960000,0.00021662765854
free5gc,free5gc-amf-8745675cb-scvkr,amf,1731799020000,0.0004276300297833
free5gc,free5gc-amf-8745675cb-scvkr,amf,1731799080000,0.0001927666449646
free5gc,free5gc-amf-8745675cb-scvkr,amf,1731799140000,0.0005163523500961
free5gc,free5gc-amf-8745675cb-scvkr,amf,1731799200000,0.0001564280271493
free5gc,free5gc-amf-8745675cb-scvkr,amf,1731799260000,0.0004690128419872
free5gc,free5gc-amf-8745675cb-scvkr,amf,1731799320000,6.855017037488237e-05
free5gc,free5gc-amf-8745675cb-scvkr,amf,1731799380000,0.0004861294427503
free5gc,free5gc-amf-8745675cb-scvkr,amf,1731799440000,5.2382597095009227e-05
free5gc,free5gc-amf-8745675cb-scvkr,amf,1731799500000,0.000402418226855
free5gc,free5gc-amf-8745675cb-scvkr,amf,1731799560000,0.0001201148115448
free5gc,free5gc-amf-8745675cb-scvkr,amf,1731799620000,0.0
free5gc,free5gc-amf-8745675cb-scvkr,amf,1731799680000,0.0
free5gc,free5gc-amf-8745675cb-scvkr,amf,1731799740000,0.0003010516155653
free5gc,free5gc-amf-8745675cb-scvkr,amf,1731799800000,0.0
free5gc,free5gc-amf-8745675cb-scvkr,amf,1731799860000,0.0
free5gc,free5gc-amf-8745675cb-scvkr,amf,1731799920000,0.0004131372132633
free5gc,free5gc-amf-8745675cb-scvkr,amf,1731799980000,0.0001043902318087
free5gc,free5gc-amf-8745675cb-scvkr,amf,1731800040000,0.0
free5gc,free5gc-amf-8745675cb-scvkr,amf,1731800100000,0.000150640918214
free5gc,free5gc-amf-8745675cb-scvkr,amf,1731800160000,0.0005043266510069
free5gc,free5gc-amf-8745675cb-scvkr,amf,1731800220000,7.583000000010997e-06
free5gc,free5gc-amf-8745675cb-scvkr,amf,1731800280000,0.000339645555123
free5gc,free5gc-amf-8745675cb-scvkr,amf,1731800340000,9.08139641747122e-06
free5gc,free5gc-amf-8745675cb-scvkr,amf,1731800400000,0.0002334550771075
free5gc,free5gc-amf-8745675cb-scvkr,amf,1731800460000,0.0
free5gc,free5gc-amf-8745675cb-scvkr,amf,1731800520000,8.542424492293141e-05
free5gc,free5gc-amf-8745675cb-scvkr,amf,1731800580000,0.0003932577764546
free5gc,free5gc-amf-8745675cb-scvkr,amf,1731800640000,0.0001495910345947
free5gc,free5gc-amf-8745675cb-scvkr,amf,1731800700000,0.0
free5gc,free5gc-amf-8745675cb-scvkr,amf,1731800760000,0.0001723066768811
free5gc,free5gc-amf-8745675cb-scvkr,amf,1731800820000,0.0004630025120584
free5gc,free5gc-amf-8745675cb-scvkr,amf,1731800880000,9.269413204136594e-06
free5gc,free5gc-amf-8745675cb-scvkr,amf,1731800940000,0.000374695645895
free5gc,free5gc-amf-8745675cb-scvkr,amf,1731801000000,1.2370555734856188e-05
free5gc,free5gc-amf-8745675cb-scvkr,amf,1731801060000,0.0
free5gc,free5gc-amf-8745675cb-scvkr,amf,1731801120000,0.0
free5gc,free5gc-amf-8745675cb-scvkr,amf,1731801180000,0.0
free5gc,free5gc-amf-8745675cb-scvkr,amf,1731801240000,0.0
free5gc,free5gc-amf-8745675cb-scvkr,amf,1731801300000,0.0
free5gc,free5gc-amf-8745675cb-scvkr,amf,1731801360000,0.0
free5gc,free5gc-amf-8745675cb-scvkr,amf,1731801420000,0.0
free5gc,free5gc-amf-8745675cb-scvkr,amf,1731801480000,0.0
free5gc,free5gc-amf-8745675cb-scvkr,amf,1731801540000,0.0
free5gc,free5gc-amf-8745675cb-scvkr,amf,1731801600000,0.0
free5gc,free5gc-amf-8745675cb-scvkr,amf,1731801660000,0.0
free5gc,free5gc-amf-8745675cb-scvkr,amf,1731801720000,0.0
free5gc,free5gc-amf-8745675cb-scvkr,amf,1731801780000,0.0
free5gc,free5gc-amf-8745675cb-scvkr,amf,1731801840000,0.0003280525099193
free5gc,free5gc-amf-8745675cb-scvkr,amf,1731801900000,7.644654561110151e-05
free5gc,free5gc-amf-8745675cb-scvkr,amf,1731801960000,0.0003455046415614
free5gc,free5gc-amf-8745675cb-scvkr,amf,1731802020000,0.0001514236622246
free5gc,free5gc-amf-8745675cb-scvkr,amf,1731802080000,0.0004863645207441
free5gc,free5gc-amf-8745675cb-scvkr,amf,1731802140000,0.0001880992283607
free5gc,free5gc-amf-8745675cb-scvkr,amf,1731802200000,0.000183685623236
free5gc,free5gc-amf-8745675cb-scvkr,amf,1731802260000,0.0001080990019204
free5gc,free5gc-amf-8745675cb-scvkr,amf,1731802320000,0.0004477821207331
free5gc,free5gc-amf-8745675cb-scvkr,amf,1731802380000,0.0
free5gc,free5gc-amf-8745675cb-scvkr,amf,1731802440000,0.0003948076932847
free5gc,free5gc-amf-8745675cb-scvkr,amf,1731802500000,0.0001486214511041
free5gc,free5gc-amf-8745675cb-scvkr,amf,1731802560000,0.0003811141757181
free5gc,free5gc-amf-8745675cb-scvkr,amf,1731802620000,0.0
free5gc,free5gc-amf-8745675cb-scvkr,amf,1731802680000,0.0
free5gc,free5gc-amf-8745675cb-scvkr,amf,1731802740000,0.0
free5gc,free5gc-amf-8745675cb-scvkr,amf,1731802800000,0.0
free5gc,free5gc-amf-8745675cb-scvkr,amf,1731802860000,0.0
free5gc,free5gc-amf-8745675cb-scvkr,amf,1731802920000,0.0
free5gc,free5gc-amf-8745675cb-scvkr,amf,1731802980000,0.0
free5gc,free5gc-amf-8745675cb-scvkr,amf,1731803040000,0.0
free5gc,free5gc-amf-8745675cb-scvkr,amf,1731803100000,0.0
free5gc,free5gc-amf-8745675cb-scvkr,amf,1731803160000,0.0
free5gc,free5gc-amf-8745675cb-scvkr,amf,1731803220000,0.0001216568518721
free5gc,free5gc-amf-8745675cb-scvkr,amf,1731803280000,0.0001376587291894
free5gc,free5gc-amf-8745675cb-scvkr,amf,1731803340000,0.0003936497339969
free5gc,free5gc-amf-8745675cb-scvkr,amf,1731803400000,0.0001165267999994
free5gc,free5gc-amf-8745675cb-scvkr,amf,1731803460000,0.0003722215637111
free5gc,free5gc-amf-8745675cb-scvkr,amf,1731803520000,0.0
free5gc,free5gc-amf-8745675cb-scvkr,amf,1731803580000,0.0
free5gc,free5gc-amf-8745675cb-scvkr,amf,1731803640000,0.0
free5gc,free5gc-amf-8745675cb-scvkr,amf,1731803700000,0.0001121306055848
free5gc,free5gc-amf-8745675cb-scvkr,amf,1731803760000,0.0006061733304934
free5gc,free5gc-amf-8745675cb-scvkr,amf,1731803820000,6.600598449112706e-05
free5gc,free5gc-amf-8745675cb-scvkr,amf,1731803880000,0.0002892110845021
free5gc,free5gc-amf-8745675cb-scvkr,amf,1731803940000,0.0
free5gc,free5gc-amf-8745675cb-scvkr,amf,1731804000000,0.0001141277834869
free5gc,free5gc-amf-8745675cb-scvkr,amf,1731804060000,0.0003312750523351
free5gc,free5gc-amf-8745675cb-scvkr,amf,1731804120000,0.0002792660675965
free5gc,free5gc-amf-8745675cb-scvkr,amf,1731804180000,0.000340805142628
free5gc,free5gc-amf-8745675cb-scvkr,amf,1731804240000,8.755317533721117e-06
free5gc,free5gc-amf-8745675cb-scvkr,amf,1731804300000,0.0
free5gc,free5gc-amf-8745675cb-scvkr,amf,1731804360000,0.0
free5gc,free5gc-amf-8745675cb-scvkr,amf,1731804420000,0.0
free5gc,free5gc-amf-8745675cb-scvkr,amf,1731804480000,0.0
free5gc,free5gc-amf-8745675cb-scvkr,amf,1731804540000,5.568417493733602e-05
free5gc,free5gc-amf-8745675cb-scvkr,amf,1731804600000,0.0004636899123731
free5gc,free5gc-amf-8745675cb-scvkr,amf,1731804660000,0.0001458912454788
free5gc,free5gc-amf-8745675cb-scvkr,amf,1731804720000,0.0006458210274716
free5gc,free5gc-amf-8745675cb-scvkr,amf,1731804780000,0.0001563582302658
free5gc,free5gc-amf-8745675cb-scvkr,amf,1731804840000,0.0004619686181717
free5gc,free5gc-amf-8745675cb-scvkr,amf,1731804900000,0.0001922269936902
free5gc,free5gc-amf-8745675cb-scvkr,amf,1731804960000,0.0004373294959733
free5gc,free5gc-amf-8745675cb-scvkr,amf,1731805020000,0.0001688578935039
free5gc,free5gc-amf-8745675cb-scvkr,amf,1731805080000,0.0
free5gc,free5gc-amf-8745675cb-scvkr,amf,1731805140000,0.0
free5gc,free5gc-amf-8745675cb-scvkr,amf,1731805200000,0.0
free5gc,free5gc-amf-8745675cb-scvkr,amf,1731805260000,0.0
free5gc,free5gc-amf-8745675cb-scvkr,amf,1731805320000,0.0
free5gc,free5gc-amf-8745675cb-scvkr,amf,1731805380000,0.0
free5gc,free5gc-amf-8745675cb-scvkr,amf,1731805440000,0.0001134938691498
free5gc,free5gc-amf-8745675cb-scvkr,amf,1731805500000,0.0002310461999996
free5gc,free5gc-amf-8745675cb-scvkr,amf,1731805560000,9.359059015672724e-05
free5gc,free5gc-amf-8745675cb-scvkr,amf,1731805620000,0.0004128623642543
free5gc,free5gc-amf-8745675cb-scvkr,amf,1731805680000,0.0
free5gc,free5gc-amf-8745675cb-scvkr,amf,1731805740000,0.0
free5gc,free5gc-amf-8745675cb-scvkr,amf,1731805800000,0.0
free5gc,free5gc-amf-8745675cb-scvkr,amf,1731805860000,0.0001493396448807
free5gc,free5gc-amf-8745675cb-scvkr,amf,1731805920000,0.000379661338661
free5gc,free5gc-amf-8745675cb-scvkr,amf,1731805980000,0.0001257511635832
free5gc,free5gc-amf-8745675cb-scvkr,amf,1731806040000,0.0003796489333627
free5gc,free5gc-amf-8745675cb-scvkr,amf,1731806100000,0.000152393348817
free5gc,free5gc-amf-8745675cb-scvkr,amf,1731806160000,0.0002631857575439
free5gc,free5gc-amf-8745675cb-scvkr,amf,1731806220000,6.981478066098835e-05
free5gc,free5gc-amf-8745675cb-scvkr,amf,1731806280000,0.0003148427172308
free5gc,free5gc-amf-8745675cb-scvkr,amf,1731806340000,0.0
free5gc,free5gc-amf-8745675cb-scvkr,amf,1731806400000,0.0
free5gc,free5gc-amf-8745675cb-scvkr,amf,1731806460000,0.0
free5gc,free5gc-amf-8745675cb-scvkr,amf,1731806520000,0.0
free5gc,free5gc-amf-8745675cb-scvkr,amf,1731806580000,0.0003475328718373
free5gc,free5gc-amf-8745675cb-scvkr,amf,1731806640000,0.0001144348192511
free5gc,free5gc-amf-8745675cb-scvkr,amf,1731806700000,0.0003835555463444
free5gc,free5gc-amf-8745675cb-scvkr,amf,1731806760000,9.389961277721362e-05
free5gc,free5gc-amf-8745675cb-scvkr,amf,1731806820000,0.0005296753323142
free5gc,free5gc-amf-8745675cb-scvkr,amf,1731806880000,0.0001860089698537
free5gc,free5gc-amf-8745675cb-scvkr,amf,1731806940000,0.0003975818604509
free5gc,free5gc-amf-8745675cb-scvkr,amf,1731807000000,0.0002097128998347
free5gc,free5gc-amf-8745675cb-scvkr,amf,1731807060000,0.0004721326573726
free5gc,free5gc-amf-8745675cb-scvkr,amf,1731807120000,0.0
free5gc,free5gc-amf-8745675cb-scvkr,amf,1731807180000,0.0002895368150387
free5gc,free5gc-amf-8745675cb-scvkr,amf,1731807240000,0.0001848286560434
free5gc,free5gc-amf-8745675cb-scvkr,amf,1731807300000,0.0003532983718927
free5gc,free5gc-amf-8745675cb-scvkr,amf,1731807360000,0.0
free5gc,free5gc-amf-8745675cb-scvkr,amf,1731807420000,0.0
free5gc,free5gc-amf-8745675cb-scvkr,amf,1731807480000,0.0001058540269341
free5gc,free5gc-amf-8745675cb-scvkr,amf,1731807540000,0.0001539799101718
free5gc,free5gc-amf-8745675cb-scvkr,amf,1731807600000,0.0004257823574957
free5gc,free5gc-amf-8745675cb-scvkr,amf,1731807660000,9.663778301751816e-05
free5gc,free5gc-amf-8745675cb-scvkr,amf,1731807720000,0.0003158319567565
free5gc,free5gc-amf-8745675cb-scvkr,amf,1731807780000,0.0001493603108173
free5gc,free5gc-amf-8745675cb-scvkr,amf,1731807840000,0.0
free5gc,free5gc-amf-8745675cb-scvkr,amf,1731807900000,0.0
free5gc,free5gc-amf-8745675cb-scvkr,amf,1731807960000,0.0
free5gc,free5gc-amf-8745675cb-scvkr,amf,1731808020000,0.0
free5gc,free5gc-amf-8745675cb-scvkr,amf,1731808080000,0.0001910370602671
free5gc,free5gc-amf-8745675cb-scvkr,amf,1731808140000,0.0
free5gc,free5gc-amf-8745675cb-scvkr,amf,1731808200000,0.000116707592331
free5gc,free5gc-amf-8745675cb-scvkr,amf,1731808260000,0.0001773191129347
free5gc,free5gc-amf-8745675cb-scvkr,amf,1731808320000,0.0001440156174638
free5gc,free5gc-amf-8745675cb-scvkr,amf,1731808380000,0.0005561024028477
free5gc,free5gc-amf-8745675cb-scvkr,amf,1731808440000,0.0001032078319166
free5gc,free5gc-amf-8745675cb-scvkr,amf,1731808500000,0.0003814001292016
free5gc,free5gc-amf-8745675cb-scvkr,amf,1731808560000,0.0001854212692446
free5gc,free5gc-amf-8745675cb-scvkr,amf,1731808620000,0.0002892527082785
free5gc,free5gc-amf-8745675cb-scvkr,amf,1731808680000,0.0001637665185188
free5gc,free5gc-amf-8745675cb-scvkr,amf,1731808740000,0.0005472084103751
free5gc,free5gc-amf-8745675cb-scvkr,amf,1731808800000,8.65005197600287e-05
free5gc,free5gc-amf-8745675cb-scvkr,amf,1731808860000,0.0
free5gc,free5gc-amf-8745675cb-scvkr,amf,1731808920000,0.0
free5gc,free5gc-amf-8745675cb-scvkr,amf,1731808980000,0.0
free5gc,free5gc-amf-8745675cb-scvkr,amf,1731809040000,0.0
free5gc,free5gc-amf-8745675cb-scvkr,amf,1731809100000,0.0
free5gc,free5gc-amf-8745675cb-scvkr,amf,1731809160000,0.0
free5gc,free5gc-amf-8745675cb-scvkr,amf,1731809220000,0.0
free5gc,free5gc-amf-8745675cb-scvkr,amf,1731809280000,0.0001202844405408
free5gc,free5gc-amf-8745675cb-scvkr,amf,1731809340000,0.0
free5gc,free5gc-amf-8745675cb-scvkr,amf,1731809400000,0.0
free5gc,free5gc-amf-8745675cb-scvkr,amf,1731809460000,0.0
free5gc,free5gc-amf-8745675cb-scvkr,amf,1731809520000,0.0
free5gc,free5gc-amf-8745675cb-scvkr,amf,1731809580000,0.0001119990100445
free5gc,free5gc-amf-8745675cb-scvkr,amf,1731809640000,0.000122793530738
free5gc,free5gc-amf-8745675cb-scvkr,amf,1731809700000,8.83054573997627e-05
free5gc,free5gc-amf-8745675cb-scvkr,amf,1731809760000,0.0006307747806615
free5gc,free5gc-amf-8745675cb-scvkr,amf,1731809820000,0.0001246132288805
free5gc,free5gc-amf-8745675cb-scvkr,amf,1731809880000,0.0
free5gc,free5gc-amf-8745675cb-scvkr,amf,1731809940000,0.0001285346172508
free5gc,free5gc-amf-8745675cb-scvkr,amf,1731810000000,0.0
free5gc,free5gc-amf-8745675cb-scvkr,amf,1731810060000,0.0
free5gc,free5gc-amf-8745675cb-scvkr,amf,1731810120000,0.0
free5gc,free5gc-amf-8745675cb-scvkr,amf,1731810180000,0.0
free5gc,free5gc-amf-8745675cb-scvkr,amf,1731810240000,0.0
free5gc,free5gc-amf-8745675cb-scvkr,amf,1731810300000,0.0
free5gc,free5gc-amf-8745675cb-scvkr,amf,1731810360000,0.0
free5gc,free5gc-amf-8745675cb-scvkr,amf,1731810420000,0.0
free5gc,free5gc-amf-8745675cb-scvkr,amf,1731810480000,0.0
free5gc,free5gc-amf-8745675cb-scvkr,amf,1731810540000,0.0
free5gc,free5gc-amf-8745675cb-scvkr,amf,1731810600000,0.0
free5gc,free5gc-amf-8745675cb-scvkr,amf,1731810660000,0.0
free5gc,free5gc-amf-8745675cb-scvkr,amf,1731810720000,0.0
free5gc,free5gc-amf-8745675cb-scvkr,amf,1731810780000,0.0003958417630933
free5gc,free5gc-amf-8745675cb-scvkr,amf,1731810840000,0.0
free5gc,free5gc-amf-8745675cb-scvkr,amf,1731810900000,0.0004881670981404
free5gc,free5gc-amf-8745675cb-scvkr,amf,1731810960000,0.0001703869271776
free5gc,free5gc-amf-8745675cb-scvkr,amf,1731811020000,0.0003168304914001
free5gc,free5gc-amf-8745675cb-scvkr,amf,1731811080000,7.008261979447989e-06
free5gc,free5gc-amf-8745675cb-scvkr,amf,1731811140000,0.0
free5gc,free5gc-amf-8745675cb-scvkr,amf,1731811200000,0.0
free5gc,free5gc-amf-8745675cb-scvkr,amf,1731811260000,7.337781536585594e-05
free5gc,free5gc-amf-8745675cb-scvkr,amf,1731811320000,0.0004157724560864
free5gc,free5gc-amf-8745675cb-scvkr,amf,1731811380000,0.0001136431646622
free5gc,free5gc-amf-8745675cb-scvkr,amf,1731811440000,0.0002372918412575
free5gc,free5gc-amf-8745675cb-scvkr,amf,1731811500000,0.0001055614157924
free5gc,free5gc-amf-8745675cb-scvkr,amf,1731811560000,0.0
free5gc,free5gc-amf-8745675cb-scvkr,amf,1731811620000,0.0001421689293847
free5gc,free5gc-amf-8745675cb-scvkr,amf,1731811680000,0.0
free5gc,free5gc-amf-8745675cb-scvkr,amf,1731811740000,0.0
free5gc,free5gc-amf-8745675cb-scvkr,amf,1731811800000,0.0
free5gc,free5gc-amf-8745675cb-scvkr,amf,1731811860000,0.0004152060309619
free5gc,free5gc-amf-8745675cb-scvkr,amf,1731811920000,6.719324978012718e-05
free5gc,free5gc-amf-8745675cb-scvkr,amf,1731811980000,0.0001350045637553
free5gc,free5gc-amf-8745675cb-scvkr,amf,1731812040000,0.0001221709874098
free5gc,free5gc-amf-8745675cb-scvkr,amf,1731812100000,0.000454078291814
free5gc,free5gc-amf-8745675cb-scvkr,amf,1731812160000,0.0001417468284259
free5gc,free5gc-amf-8745675cb-scvkr,amf,1731812220000,0.0006047317350299
free5gc,free5gc-amf-8745675cb-scvkr,amf,1731812280000,6.809676930078996e-05
free5gc,free5gc-amf-8745675cb-scvkr,amf,1731812340000,0.0004905610971936
free5gc,free5gc-amf-8745675cb-scvkr,amf,1731812400000,0.0001547345837329
free5gc,free5gc-amf-8745675cb-scvkr,amf,1731812460000,0.0003867843804755
free5gc,free5gc-amf-8745675cb-scvkr,amf,1731812520000,0.0
free5gc,free5gc-amf-8745675cb-scvkr,amf,1731812580000,0.0
free5gc,free5gc-amf-8745675cb-scvkr,amf,1731812640000,8.757950872626537e-05
free5gc,free5gc-amf-8745675cb-scvkr,amf,1731812700000,9.43492450815413e-05
free5gc,free5gc-amf-8745675cb-scvkr,amf,1731812760000,0.0004990846984782
free5gc,free5gc-amf-8745675cb-scvkr,amf,1731812820000,0.0001050954422683
free5gc,free5gc-amf-8745675cb-scvkr,amf,1731812880000,0.0004440617605191
free5gc,free5gc-amf-8745675cb-scvkr,amf,1731812940000,0.0001188887309478
free5gc,free5gc-amf-8745675cb-scvkr,amf,1731813000000,0.0005860436517835
free5gc,free5gc-amf-8745675cb-scvkr,amf,1731813060000,8.227295955653083e-05
free5gc,free5gc-amf-8745675cb-scvkr,amf,1731813120000,0.0003549201116933
free5gc,free5gc-amf-8745675cb-scvkr,amf,1731813180000,7.737923649715018e-06
free5gc,free5gc-amf-8745675cb-scvkr,amf,1731813240000,0.0
free5gc,free5gc-amf-8745675cb-scvkr,amf,1731813300000,0.000105936969566
free5gc,free5gc-amf-8745675cb-scvkr,amf,1731813360000,6.034843067056122e-05
free5gc,free5gc-amf-8745675cb-scvkr,amf,1731813420000,0.0
free5gc,free5gc-amf-8745675cb-scvkr,amf,1731813480000,0.0001223549905037
free5gc,free5gc-amf-8745675cb-scvkr,amf,1731813540000,0.0004158352013966
free5gc,free5gc-amf-8745675cb-scvkr,amf,1731813600000,0.0
free5gc,free5gc-amf-8745675cb-scvkr,amf,1731813660000,0.0001117511829196
free5gc,free5gc-amf-8745675cb-scvkr,amf,1731813720000,0.0001388453361617
free5gc,free5gc-amf-8745675cb-scvkr,amf,1731813780000,0.0003623191754032
free5gc,free5gc-amf-8745675cb-scvkr,amf,1731813840000,0.0001668572880075
free5gc,free5gc-amf-8745675cb-scvkr,amf,1731813900000,0.0004501455127293
free5gc,free5gc-amf-8745675cb-scvkr,amf,1731813960000,0.000121143395871
free5gc,free5gc-amf-8745675cb-scvkr,amf,1731814020000,0.0009465529604753
free5gc,free5gc-amf-8745675cb-scvkr,amf,1731814080000,0.0001168738782963
free5gc,free5gc-amf-8745675cb-scvkr,amf,1731814140000,0.0005358732348421
free5gc,free5gc-amf-8745675cb-scvkr,amf,1731814200000,9.989749987984816e-05
free5gc,free5gc-amf-8745675cb-scvkr,amf,1731814260000,0.0002402115888107
free5gc,free5gc-amf-8745675cb-scvkr,amf,1731814320000,9.219800587691353e-05
free5gc,free5gc-amf-8745675cb-scvkr,amf,1731814380000,0.0
free5gc,free5gc-amf-8745675cb-scvkr,amf,1731814440000,1.1024792290495516e-05
free5gc,free5gc-amf-8745675cb-scvkr,amf,1731814500000,0.0
free5gc,free5gc-amf-8745675cb-scvkr,amf,1731814560000,0.0
free5gc,free5gc-amf-8745675cb-scvkr,amf,1731814620000,0.0001450401081926
free5gc,free5gc-amf-8745675cb-scvkr,amf,1731814680000,0.0
free5gc,free5gc-amf-8745675cb-scvkr,amf,1731814740000,0.0001454619158569
free5gc,free5gc-amf-8745675cb-scvkr,amf,1731814800000,0.0
free5gc,free5gc-amf-8745675cb-scvkr,amf,1731814860000,0.000168119643346
free5gc,free5gc-amf-8745675cb-scvkr,amf,1731814920000,0.0
free5gc,free5gc-amf-8745675cb-scvkr,amf,1731814980000,0.0
free5gc,free5gc-amf-8745675cb-scvkr,amf,1731815040000,0.0001715698999987
free5gc,free5gc-amf-8745675cb-scvkr,amf,1731815100000,0.0001323249056917
free5gc,free5gc-amf-8745675cb-scvkr,amf,1731815160000,0.0004441317925516
free5gc,free5gc-amf-8745675cb-scvkr,amf,1731815220000,0.0002158096304589
free5gc,free5gc-amf-8745675cb-scvkr,amf,1731815280000,0.0003596731067826
free5gc,free5gc-amf-8745675cb-scvkr,amf,1731815340000,1.0156584548785802e-05
free5gc,free5gc-amf-8745675cb-scvkr,amf,1731815400000,0.0
free5gc,free5gc-amf-8745675cb-scvkr,amf,1731815460000,0.0
free5gc,free5gc-amf-8745675cb-scvkr,amf,1731815520000,0.0002299274888586
free5gc,free5gc-amf-8745675cb-scvkr,amf,1731815580000,0.0004457810423537
free5gc,free5gc-amf-8745675cb-scvkr,amf,1731815640000,0.0001096961957187
free5gc,free5gc-amf-8745675cb-scvkr,amf,1731815700000,0.0001935051428851
free5gc,free5gc-amf-8745675cb-scvkr,amf,1731815760000,0.0
free5gc,free5gc-amf-8745675cb-scvkr,amf,1731815820000,0.0001470647335019
free5gc,free5gc-amf-8745675cb-scvkr,amf,1731815880000,0.0003959270729271
free5gc,free5gc-amf-8745675cb-scvkr,amf,1731815940000,0.0001629392237622
free5gc,free5gc-amf-8745675cb-scvkr,amf,1731816000000,0.0004360110891486
free5gc,free5gc-amf-8745675cb-scvkr,amf,1731816060000,0.0001132512324358
free5gc,free5gc-amf-8745675cb-scvkr,amf,1731816120000,0.0004460078458521
free5gc,free5gc-amf-8745675cb-scvkr,amf,1731816180000,7.438522799967228e-05
free5gc,free5gc-amf-8745675cb-scvkr,amf,1731816240000,0.0005383399320101
free5gc,free5gc-amf-8745675cb-scvkr,amf,1731816300000,0.0001789919095364
free5gc,free5gc-amf-8745675cb-scvkr,amf,1731816360000,0.0002975774611682
free5gc,free5gc-amf-8745675cb-scvkr,amf,1731816420000,0.0001936456744589
free5gc,free5gc-amf-8745675cb-scvkr,amf,1731816480000,0.0003683899821878
free5gc,free5gc-amf-8745675cb-scvkr,amf,1731816540000,0.0002205797950406
free5gc,free5gc-amf-8745675cb-scvkr,amf,1731816600000,0.0003966182279253
free5gc,free5gc-amf-8745675cb-scvkr,amf,1731816660000,0.0001179326000013
free5gc,free5gc-amf-8745675cb-scvkr,amf,1731816720000,0.0003480703898142
free5gc,free5gc-amf-8745675cb-scvkr,amf,1731816780000,9.727647757288724e-05
free5gc,free5gc-amf-8745675cb-scvkr,amf,1731816840000,0.0004906603368513
free5gc,free5gc-amf-8745675cb-scvkr,amf,1731816900000,0.0001781207682053
free5gc,free5gc-amf-8745675cb-scvkr,amf,1731816960000,0.0005968684438786
free5gc,free5gc-amf-8745675cb-scvkr,amf,1731817020000,0.0001654993901269
free5gc,free5gc-amf-8745675cb-scvkr,amf,1731817080000,0.0002843207661234
free5gc,free5gc-amf-8745675cb-scvkr,amf,1731817140000,0.0001184527013741
free5gc,free5gc-amf-8745675cb-scvkr,amf,1731817200000,0.0005177405000011
free5gc,free5gc-amf-8745675cb-scvkr,amf,1731817260000,0.0001005029147105
free5gc,free5gc-amf-8745675cb-scvkr,amf,1731817320000,0.0004149117249852
free5gc,free5gc-amf-8745675cb-scvkr,amf,1731817380000,0.0001621315621002
free5gc,free5gc-amf-8745675cb-scvkr,amf,1731817440000,0.0004351937559671
free5gc,free5gc-amf-8745675cb-scvkr,amf,1731817500000,0.0001729618459145
free5gc,free5gc-amf-8745675cb-scvkr,amf,1731817560000,0.000644703381229
free5gc,free5gc-amf-8745675cb-scvkr,amf,1731817620000,0.0001721027215143
free5gc,free5gc-amf-8745675cb-scvkr,amf,1731817680000,0.0005241041743906
free5gc,free5gc-amf-8745675cb-scvkr,amf,1731817740000,0.0001638893138355
free5gc,free5gc-amf-8745675cb-scvkr,amf,1731817800000,0.0004962104406337
free5gc,free5gc-amf-8745675cb-scvkr,amf,1731817860000,0.0001064228416729
free5gc,free5gc-amf-8745675cb-scvkr,amf,1731817920000,0.0004598497074219
free5gc,free5gc-amf-8745675cb-scvkr,amf,1731817980000,0.0001396281870461
free5gc,free5gc-amf-8745675cb-scvkr,amf,1731818040000,0.0006025378092094
free5gc,free5gc-amf-8745675cb-scvkr,amf,1731818100000,8.108101101795321e-05
free5gc,free5gc-amf-8745675cb-scvkr,amf,1731818160000,0.000382623951229
free5gc,free5gc-amf-8745675cb-scvkr,amf,1731818220000,0.0001728433199749
free5gc,free5gc-amf-8745675cb-scvkr,amf,1731818280000,0.000338519152322
free5gc,free5gc-amf-8745675cb-scvkr,amf,1731818340000,8.563058818502145e-05
free5gc,free5gc-amf-8745675cb-scvkr,amf,1731818400000,0.0006808983621017
free5gc,free5gc-amf-8745675cb-scvkr,amf,1731818460000,6.232015563119383e-05
free5gc,free5gc-amf-8745675cb-scvkr,amf,1731818520000,0.0
free5gc,free5gc-amf-8745675cb-scvkr,amf,1731818580000,0.0001685506050607
free5gc,free5gc-amf-8745675cb-scvkr,amf,1731818640000,0.0004317683497653
free5gc,free5gc-amf-8745675cb-scvkr,amf,1731818700000,0.0001184479725163
free5gc,free5gc-amf-8745675cb-scvkr,amf,1731818760000,0.0004102511250353
free5gc,free5gc-amf-8745675cb-scvkr,amf,1731818820000,0.0
free5gc,free5gc-amf-8745675cb-scvkr,amf,1731818880000,9.265134235492158e-05
free5gc,free5gc-amf-8745675cb-scvkr,amf,1731818940000,0.0001834083637664
free5gc,free5gc-amf-8745675cb-scvkr,amf,1731819000000,0.0002270076566136
free5gc,free5gc-amf-8745675cb-scvkr,amf,1731819060000,0.0003302737306844
free5gc,free5gc-amf-8745675cb-scvkr,amf,1731819120000,0.0001720715873883
free5gc,free5gc-amf-8745675cb-scvkr,amf,1731819180000,0.0
free5gc,free5gc-amf-8745675cb-scvkr,amf,1731819240000,0.0
free5gc,free5gc-amf-8745675cb-scvkr,amf,1731819300000,0.0004574304739863
free5gc,free5gc-amf-8745675cb-scvkr,amf,1731819360000,0.0002093570752031
free5gc,free5gc-amf-8745675cb-scvkr,amf,1731819420000,0.0
free5gc,free5gc-amf-8745675cb-scvkr,amf,1731819480000,0.0
free5gc,free5gc-amf-8745675cb-scvkr,amf,1731819540000,0.0004040877605736
free5gc,free5gc-amf-8745675cb-scvkr,amf,1731819600000,0.0
free5gc,free5gc-amf-8745675cb-scvkr,amf,1731819660000,0.0
free5gc,free5gc-amf-8745675cb-scvkr,amf,1731819720000,0.0
free5gc,free5gc-amf-8745675cb-scvkr,amf,1731819780000,0.0003544524247882
free5gc,free5gc-amf-8745675cb-scvkr,amf,1731819840000,0.0
free5gc,free5gc-amf-8745675cb-scvkr,amf,1731819900000,0.0
free5gc,free5gc-amf-8745675cb-scvkr,amf,1731819960000,0.0
free5gc,free5gc-amf-8745675cb-scvkr,amf,1731820020000,0.0
free5gc,free5gc-amf-8745675cb-scvkr,amf,1731820080000,0.0
free5gc,free5gc-amf-8745675cb-scvkr,amf,1731820140000,0.0005063118931552
free5gc,free5gc-amf-8745675cb-scvkr,amf,1731820200000,0.0
free5gc,free5gc-amf-8745675cb-scvkr,amf,1731820260000,0.0
free5gc,free5gc-amf-8745675cb-scvkr,amf,1731820320000,0.0
free5gc,free5gc-amf-8745675cb-scvkr,amf,1731820380000,0.0
free5gc,free5gc-amf-8745675cb-scvkr,amf,1731820440000,8.915419289636412e-05
free5gc,free5gc-amf-8745675cb-scvkr,amf,1731820500000,0.0
free5gc,free5gc-amf-8745675cb-scvkr,amf,1731820560000,0.0001463682901305
free5gc,free5gc-amf-8745675cb-scvkr,amf,1731820620000,0.0004625403704996
free5gc,free5gc-amf-8745675cb-scvkr,amf,1731820680000,0.0
free5gc,free5gc-amf-8745675cb-scvkr,amf,1731820740000,0.0
free5gc,free5gc-amf-8745675cb-scvkr,amf,1731820800000,0.0
free5gc,free5gc-amf-8745675cb-scvkr,amf,1731820860000,0.0
free5gc,free5gc-amf-8745675cb-scvkr,amf,1731820920000,0.0
free5gc,free5gc-amf-8745675cb-scvkr,amf,1731820980000,0.0
free5gc,free5gc-amf-8745675cb-scvkr,amf,1731821040000,0.0
free5gc,free5gc-amf-8745675cb-scvkr,amf,1731821100000,0.0
free5gc,free5gc-amf-8745675cb-scvkr,amf,1731821160000,0.0
free5gc,free5gc-amf-8745675cb-scvkr,amf,1731821220000,0.0
free5gc,free5gc-amf-8745675cb-scvkr,amf,1731821280000,0.0
free5gc,free5gc-amf-8745675cb-scvkr,amf,1731821340000,0.0
free5gc,free5gc-amf-8745675cb-scvkr,amf,1731821400000,0.0
free5gc,free5gc-amf-8745675cb-scvkr,amf,1731821460000,8.25243858015001e-05
free5gc,free5gc-amf-8745675cb-scvkr,amf,1731821520000,0.0003083809105549
free5gc,free5gc-amf-8745675cb-scvkr,amf,1731821580000,0.0
free5gc,free5gc-amf-8745675cb-scvkr,amf,1731821640000,0.0
free5gc,free5gc-amf-8745675cb-scvkr,amf,1731821700000,0.0
free5gc,free5gc-amf-8745675cb-scvkr,amf,1731821760000,0.0
free5gc,free5gc-amf-8745675cb-scvkr,amf,1731821820000,0.0
free5gc,free5gc-amf-8745675cb-scvkr,amf,1731821880000,0.000367518847461
free5gc,free5gc-amf-8745675cb-scvkr,amf,1731821940000,0.0
free5gc,free5gc-amf-8745675cb-scvkr,amf,1731822000000,0.0
free5gc,free5gc-amf-8745675cb-scvkr,amf,1731822060000,0.0
free5gc,free5gc-amf-8745675cb-scvkr,amf,1731822120000,0.0004252408067594
free5gc,free5gc-amf-8745675cb-scvkr,amf,1731822180000,0.0
free5gc,free5gc-amf-8745675cb-scvkr,amf,1731822240000,0.0
free5gc,free5gc-amf-8745675cb-scvkr,amf,1731822300000,8.720549509311107e-05
free5gc,free5gc-amf-8745675cb-scvkr,amf,1731822360000,0.0
free5gc,free5gc-amf-8745675cb-scvkr,amf,1731822420000,0.0
free5gc,free5gc-amf-8745675cb-scvkr,amf,1731822480000,0.0003188861368464
free5gc,free5gc-amf-8745675cb-scvkr,amf,1731822540000,0.0
free5gc,free5gc-amf-8745675cb-scvkr,amf,1731822600000,0.0
free5gc,free5gc-amf-8745675cb-scvkr,amf,1731822660000,0.0
free5gc,free5gc-amf-8745675cb-scvkr,amf,1731822720000,0.0003084267210009
free5gc,free5gc-amf-8745675cb-scvkr,amf,1731822780000,0.0001793348193384
free5gc,free5gc-amf-8745675cb-scvkr,amf,1731822840000,0.0
free5gc,free5gc-amf-8745675cb-scvkr,amf,1731822900000,0.0
free5gc,free5gc-amf-8745675cb-scvkr,amf,1731822960000,0.0
free5gc,free5gc-amf-8745675cb-scvkr,amf,1731823020000,0.0
free5gc,free5gc-amf-8745675cb-scvkr,amf,1731823080000,0.0
free5gc,free5gc-amf-8745675cb-scvkr,amf,1731823140000,0.0
free5gc,free5gc-amf-8745675cb-scvkr,amf,1731823200000,0.0
free5gc,free5gc-amf-8745675cb-scvkr,amf,1731823260000,0.0
free5gc,free5gc-amf-8745675cb-scvkr,amf,1731823320000,0.0
free5gc,free5gc-amf-8745675cb-scvkr,amf,1731823380000,0.0
free5gc,free5gc-amf-8745675cb-scvkr,amf,1731823440000,0.0
free5gc,free5gc-amf-8745675cb-scvkr,amf,1731823500000,0.0
free5gc,free5gc-amf-8745675cb-scvkr,amf,1731823560000,0.0
free5gc,free5gc-amf-8745675cb-scvkr,amf,1731823620000,0.0
free5gc,free5gc-amf-8745675cb-scvkr,amf,1731823680000,0.0
free5gc,free5gc-amf-8745675cb-scvkr,amf,1731823740000,0.0001721888349604
free5gc,free5gc-amf-8745675cb-scvkr,amf,1731823800000,0.0
free5gc,free5gc-amf-8745675cb-scvkr,amf,1731823860000,0.0
free5gc,free5gc-amf-8745675cb-scvkr,amf,1731823920000,0.0
free5gc,free5gc-amf-8745675cb-scvkr,amf,1731823980000,0.0
free5gc,free5gc-amf-8745675cb-scvkr,amf,1731824040000,0.0
free5gc,free5gc-amf-8745675cb-scvkr,amf,1731824100000,0.0
free5gc,free5gc-amf-8745675cb-scvkr,amf,1731824160000,0.0003216755715533
free5gc,free5gc-amf-8745675cb-scvkr,amf,1731824220000,0.0
free5gc,free5gc-amf-8745675cb-scvkr,amf,1731824280000,0.0
free5gc,free5gc-amf-8745675cb-scvkr,amf,1731824340000,0.0001415686742469
free5gc,free5gc-amf-8745675cb-scvkr,amf,1731824400000,0.0
free5gc,free5gc-amf-8745675cb-scvkr,amf,1731824460000,0.0
free5gc,free5gc-amf-8745675cb-scvkr,amf,1731824520000,0.0
free5gc,free5gc-amf-8745675cb-scvkr,amf,1731824580000,0.0
free5gc,free5gc-amf-8745675cb-scvkr,amf,1731824640000,0.0
free5gc,free5gc-amf-8745675cb-scvkr,amf,1731824700000,0.0
free5gc,free5gc-amf-8745675cb-scvkr,amf,1731824760000,0.0
free5gc,free5gc-amf-8745675cb-scvkr,amf,1731824820000,0.0
free5gc,free5gc-amf-8745675cb-scvkr,amf,1731824880000,0.0004843742984412
free5gc,free5gc-amf-8745675cb-scvkr,amf,1731824940000,0.0
free5gc,free5gc-amf-8745675cb-scvkr,amf,1731825000000,0.0
free5gc,free5gc-amf-8745675cb-scvkr,amf,1731825060000,0.0
free5gc,free5gc-amf-8745675cb-scvkr,amf,1731825120000,0.0003790690274802
free5gc,free5gc-amf-8745675cb-scvkr,amf,1731825180000,0.0
free5gc,free5gc-amf-8745675cb-scvkr,amf,1731825240000,0.0
free5gc,free5gc-amf-8745675cb-scvkr,amf,1731825300000,0.0
free5gc,free5gc-amf-8745675cb-scvkr,amf,1731825360000,0.0
