namespace,pod,container,timestamp,cpu_usage
free5gc,free5gc-amf-7cbccff989-bbx5m,amf,1731603240000,1.0015226459476982
free5gc,free5gc-amf-7cbccff989-bbx5m,amf,1731603300000,1.0007441595092021
free5gc,free5gc-amf-7cbccff989-bbx5m,amf,1731603360000,0.8127812270856488
free5gc,free5gc-amf-7cbccff989-bbx5m,amf,1731603420000,0.5025260175764904
free5gc,free5gc-amf-7cbccff989-bbx5m,amf,1731603480000,0.9997576975519357
free5gc,free5gc-amf-7cbccff989-bbx5m,amf,1731603540000,0.9483911754990577
free5gc,free5gc-amf-7cbccff989-bbx5m,amf,1731603600000,0.998557994466954
free5gc,free5gc-amf-7cbccff989-bbx5m,amf,1731603660000,0.9972822979180171
free5gc,free5gc-amf-7cbccff989-bbx5m,amf,1731603720000,0.8805277226778804
free5gc,free5gc-amf-7cbccff989-bbx5m,amf,1731603780000,0.998044019895894
free5gc,free5gc-amf-7cbccff989-bbx5m,amf,1731603840000,0.9987148227712138
free5gc,free5gc-amf-7cbccff989-bbx5m,amf,1731603900000,0.9966530153599188
free5gc,free5gc-amf-7cbccff989-bbx5m,amf,1731603960000,0.9989029366468594
free5gc,free5gc-amf-7cbccff989-bbx5m,amf,1731604020000,0.9976710689440449
free5gc,free5gc-amf-7cbccff989-bbx5m,amf,1731604080000,0.9981843653216557
free5gc,free5gc-amf-7cbccff989-bbx5m,amf,1731604140000,0.8134751911261996
free5gc,free5gc-amf-7cbccff989-bbx5m,amf,1731604200000,0.81479729728065
free5gc,free5gc-amf-7cbccff989-bbx5m,amf,1731604260000,0.8356981452795935
free5gc,free5gc-amf-7cbccff989-bbx5m,amf,1731604320000,0.7932357056814998
free5gc,free5gc-amf-7cbccff989-bbx5m,amf,1731604380000,0.6957998833415634
free5gc,free5gc-amf-7cbccff989-bbx5m,amf,1731604440000,0.857637669598878
free5gc,free5gc-amf-7cbccff989-bbx5m,amf,1731604500000,0.8421114338918139
free5gc,free5gc-amf-7cbccff989-bbx5m,amf,1731604560000,0.8591979041308089
free5gc,free5gc-amf-7cbccff989-bbx5m,amf,1731604620000,0.8119185576506258
free5gc,free5gc-amf-7cbccff989-bbx5m,amf,1731604680000,0.8443585570182284
free5gc,free5gc-amf-7cbccff989-bbx5m,amf,1731604740000,0.8427521713617598
free5gc,free5gc-amf-7cbccff989-bbx5m,amf,1731604800000,0.8408990222775152
free5gc,free5gc-amf-7cbccff989-bbx5m,amf,1731604860000,0.8442523282046572
free5gc,free5gc-amf-7cbccff989-bbx5m,amf,1731604920000,0.9385890937328485
free5gc,free5gc-amf-7cbccff989-bbx5m,amf,1731604980000,1.0001067005767466
free5gc,free5gc-amf-7cbccff989-bbx5m,amf,1731605040000,0.0
free5gc,free5gc-amf-7cbccff989-bbx5m,amf,1731605100000,0.0
free5gc,free5gc-amf-7cbccff989-bbx5m,amf,1731605160000,0.0
free5gc,free5gc-amf-7cbccff989-bbx5m,amf,1731605220000,0.4150571649548815
free5gc,free5gc-amf-7cbccff989-bbx5m,amf,1731605280000,0.8450696604693699
free5gc,free5gc-amf-7cbccff989-bbx5m,amf,1731605340000,0.8573374619962139
free5gc,free5gc-amf-7cbccff989-bbx5m,amf,1731605400000,0.8465771876411857
free5gc,free5gc-amf-7cbccff989-bbx5m,amf,1731605460000,1.0023401006725754
free5gc,free5gc-amf-7cbccff989-bbx5m,amf,1731605520000,0.8159464414016796
free5gc,free5gc-amf-7cbccff989-bbx5m,amf,1731605580000,0.7094640554607359
free5gc,free5gc-amf-7cbccff989-bbx5m,amf,1731605640000,0.7182035646151598
free5gc,free5gc-amf-7cbccff989-bbx5m,amf,1731605700000,0.8940257385998739
free5gc,free5gc-amf-7cbccff989-bbx5m,amf,1731605760000,0.5423010121039841
free5gc,free5gc-amf-7cbccff989-bbx5m,amf,1731605820000,0.6012225386418842
free5gc,free5gc-amf-7cbccff989-bbx5m,amf,1731605880000,0.1422833243956507
free5gc,free5gc-amf-7cbccff989-bbx5m,amf,1731605940000,4.053566928434882e-06
free5gc,free5gc-amf-7cbccff989-bbx5m,amf,1731606000000,0.0
free5gc,free5gc-amf-7cbccff989-bbx5m,amf,1731606060000,7.82572637280922e-05
free5gc,free5gc-amf-7cbccff989-bbx5m,amf,1731606120000,0.0001728291810156522
free5gc,free5gc-amf-7cbccff989-bbx5m,amf,1731606180000,0.020260508100000154
free5gc,free5gc-amf-7cbccff989-bbx5m,amf,1731606240000,0.502426434752925
free5gc,free5gc-amf-7cbccff989-bbx5m,amf,1731606300000,0.510668373429245
free5gc,free5gc-amf-7cbccff989-bbx5m,amf,1731606360000,0.5695714014476867
free5gc,free5gc-amf-7cbccff989-bbx5m,amf,1731606420000,0.6428878967702011
free5gc,free5gc-amf-7cbccff989-bbx5m,amf,1731606480000,0.34893938965152393
free5gc,free5gc-amf-7cbccff989-bbx5m,amf,1731606540000,0.5472212605576615
free5gc,free5gc-amf-7cbccff989-bbx5m,amf,1731606600000,0.43159537805996573
free5gc,free5gc-amf-7cbccff989-bbx5m,amf,1731606660000,0.4262576997133042
free5gc,free5gc-amf-7cbccff989-bbx5m,amf,1731606720000,0.4597441322241109
free5gc,free5gc-amf-7cbccff989-bbx5m,amf,1731606780000,0.5740010427676454
free5gc,free5gc-amf-7cbccff989-bbx5m,amf,1731606840000,0.5669962301226257
free5gc,free5gc-amf-7cbccff989-bbx5m,amf,1731606900000,0.604657237069226
free5gc,free5gc-amf-7cbccff989-bbx5m,amf,1731606960000,0.5467136618522493
free5gc,free5gc-amf-7cbccff989-bbx5m,amf,1731607020000,0.5206644251132388
free5gc,free5gc-amf-7cbccff989-bbx5m,amf,1731607080000,0.594331765687087
free5gc,free5gc-amf-7cbccff989-bbx5m,amf,1731607140000,0.5209709275155422
free5gc,free5gc-amf-7cbccff989-bbx5m,amf,1731607200000,0.5681611018439047
free5gc,free5gc-amf-7cbccff989-bbx5m,amf,1731607260000,0.4556308806211022
free5gc,free5gc-amf-7cbccff989-bbx5m,amf,1731607320000,0.4373024980758138
free5gc,free5gc-amf-7cbccff989-bbx5m,amf,1731607380000,0.4135895784343269
free5gc,free5gc-amf-7cbccff989-bbx5m,amf,1731607440000,0.5930021534467949
free5gc,free5gc-amf-7cbccff989-bbx5m,amf,1731607500000,0.5497875801028143
free5gc,free5gc-amf-7cbccff989-bbx5m,amf,1731607560000,0.4389285945810567
free5gc,free5gc-amf-7cbccff989-bbx5m,amf,1731607620000,0.4104942030999009
free5gc,free5gc-amf-7cbccff989-bbx5m,amf,1731607680000,0.2216443506211559
free5gc,free5gc-amf-7cbccff989-bbx5m,amf,1731607740000,0.7872959107421302
free5gc,free5gc-amf-7cbccff989-bbx5m,amf,1731607800000,0.5006244022373989
free5gc,free5gc-amf-7cbccff989-bbx5m,amf,1731607860000,0.49342086435316
free5gc,free5gc-amf-7cbccff989-bbx5m,amf,1731607920000,0.7229526149727136
free5gc,free5gc-amf-7cbccff989-bbx5m,amf,1731607980000,0.5166551952464343
free5gc,free5gc-amf-7cbccff989-bbx5m,amf,1731608040000,0.6092802306534281
free5gc,free5gc-amf-7cbccff989-bbx5m,amf,1731608100000,0.4645799679550317
free5gc,free5gc-amf-7cbccff989-bbx5m,amf,1731608160000,0.4010398123907972
free5gc,free5gc-amf-7cbccff989-bbx5m,amf,1731608220000,0.6838622622972894
free5gc,free5gc-amf-7cbccff989-bbx5m,amf,1731608280000,0.6034553553214387
free5gc,free5gc-amf-7cbccff989-bbx5m,amf,1731608340000,0.6742818121269767
free5gc,free5gc-amf-7cbccff989-bbx5m,amf,1731608400000,0.5991370580138576
free5gc,free5gc-amf-7cbccff989-bbx5m,amf,1731608460000,0.7508790561031181
free5gc,free5gc-amf-7cbccff989-bbx5m,amf,1731608520000,0.45622038129897546
free5gc,free5gc-amf-7cbccff989-bbx5m,amf,1731608580000,0.5300124438523662
free5gc,free5gc-amf-7cbccff989-bbx5m,amf,1731608640000,0.4944028158230872
free5gc,free5gc-amf-7cbccff989-bbx5m,amf,1731608700000,0.5888014706929103
free5gc,free5gc-amf-7cbccff989-bbx5m,amf,1731608760000,0.7396472326963379
free5gc,free5gc-amf-7cbccff989-bbx5m,amf,1731608820000,0.38959281122781275
free5gc,free5gc-amf-7cbccff989-bbx5m,amf,1731608880000,0.49142368103361767
free5gc,free5gc-amf-7cbccff989-bbx5m,amf,1731608940000,0.6332124625197484
free5gc,free5gc-amf-7cbccff989-bbx5m,amf,1731609000000,0.9989197711201712
free5gc,free5gc-amf-7cbccff989-bbx5m,amf,1731609060000,0.49109142767205566
free5gc,free5gc-amf-7cbccff989-bbx5m,amf,1731609120000,7.194413204163879e-06
free5gc,free5gc-amf-7cbccff989-bbx5m,amf,1731609180000,0.00023978443295636322
free5gc,free5gc-amf-7cbccff989-bbx5m,amf,1731609240000,4.699426731098121e-06
free5gc,free5gc-amf-7cbccff989-bbx5m,amf,1731609300000,0.02916464234784748
free5gc,free5gc-amf-7cbccff989-bbx5m,amf,1731609360000,0.45681338732523313
free5gc,free5gc-amf-7cbccff989-bbx5m,amf,1731609420000,0.31067183987043107
free5gc,free5gc-amf-7cbccff989-bbx5m,amf,1731609480000,0.26053434792796104
free5gc,free5gc-amf-7cbccff989-bbx5m,amf,1731609540000,0.2548028220498691
free5gc,free5gc-amf-7cbccff989-bbx5m,amf,1731609600000,0.3667377993847242
free5gc,free5gc-amf-7cbccff989-bbx5m,amf,1731609660000,0.2855928738534395
free5gc,free5gc-amf-7cbccff989-bbx5m,amf,1731609720000,0.202551243268914
free5gc,free5gc-amf-7cbccff989-bbx5m,amf,1731609780000,0.4746228827538488
free5gc,free5gc-amf-7cbccff989-bbx5m,amf,1731609840000,0.3665234464558215
free5gc,free5gc-amf-7cbccff989-bbx5m,amf,1731609900000,0.20610035336364949
free5gc,free5gc-amf-7cbccff989-bbx5m,amf,1731609960000,0.27358989440906045
free5gc,free5gc-amf-7cbccff989-bbx5m,amf,1731610020000,0.3228186966091195
free5gc,free5gc-amf-7cbccff989-bbx5m,amf,1731610080000,0.5218234004257977
free5gc,free5gc-amf-7cbccff989-bbx5m,amf,1731610140000,0.32742728699708284
free5gc,free5gc-amf-7cbccff989-bbx5m,amf,1731610200000,0.35221113440645463
free5gc,free5gc-amf-7cbccff989-bbx5m,amf,1731610260000,0.1967316573731668
free5gc,free5gc-amf-7cbccff989-bbx5m,amf,1731610320000,0.2340544833598983
free5gc,free5gc-amf-7cbccff989-bbx5m,amf,1731610380000,0.18607042474075974
free5gc,free5gc-amf-7cbccff989-bbx5m,amf,1731610440000,0.238466851921212
free5gc,free5gc-amf-7cbccff989-bbx5m,amf,1731610500000,0.4052216243585282
free5gc,free5gc-amf-7cbccff989-bbx5m,amf,1731610560000,0.2378511129328147
free5gc,free5gc-amf-7cbccff989-bbx5m,amf,1731610620000,0.23416920906351937
free5gc,free5gc-amf-7cbccff989-bbx5m,amf,1731610680000,0.2893099476184073
free5gc,free5gc-amf-7cbccff989-bbx5m,amf,1731610740000,0.42942207175802394
free5gc,free5gc-amf-7cbccff989-bbx5m,amf,1731610800000,0.39977435203165396
free5gc,free5gc-amf-7cbccff989-bbx5m,amf,1731610860000,0.3874407388708339
free5gc,free5gc-amf-7cbccff989-bbx5m,amf,1731610920000,0.2583192247011087
free5gc,free5gc-amf-7cbccff989-bbx5m,amf,1731610980000,0.42415250388335013
free5gc,free5gc-amf-7cbccff989-bbx5m,amf,1731611040000,0.23549403904625946
free5gc,free5gc-amf-7cbccff989-bbx5m,amf,1731611100000,0.37948091056397587
free5gc,free5gc-amf-7cbccff989-bbx5m,amf,1731611160000,0.2511801389893056
free5gc,free5gc-amf-7cbccff989-bbx5m,amf,1731611220000,0.2962217281146589
free5gc,free5gc-amf-7cbccff989-bbx5m,amf,1731611280000,0.4963179287932381
free5gc,free5gc-amf-7cbccff989-bbx5m,amf,1731611340000,0.29000711799276785
free5gc,free5gc-amf-7cbccff989-bbx5m,amf,1731611400000,0.4219251789143676
free5gc,free5gc-amf-7cbccff989-bbx5m,amf,1731611460000,0.24190918200253378
free5gc,free5gc-amf-7cbccff989-bbx5m,amf,1731611520000,0.22316744782561185
free5gc,free5gc-amf-7cbccff989-bbx5m,amf,1731611580000,0.1956551229999832
free5gc,free5gc-amf-7cbccff989-bbx5m,amf,1731611640000,0.41536440971648836
free5gc,free5gc-amf-7cbccff989-bbx5m,amf,1731611700000,0.21786767701917104
free5gc,free5gc-amf-7cbccff989-bbx5m,amf,1731611760000,0.33286693395837497
free5gc,free5gc-amf-7cbccff989-bbx5m,amf,1731611820000,0.3286122012163004
free5gc,free5gc-amf-7cbccff989-bbx5m,amf,1731611880000,0.28012322505820986
free5gc,free5gc-amf-7cbccff989-bbx5m,amf,1731611940000,0.2763837476378173
free5gc,free5gc-amf-7cbccff989-bbx5m,amf,1731612000000,0.4520413016371233
free5gc,free5gc-amf-7cbccff989-bbx5m,amf,1731612060000,0.3558687841958097
free5gc,free5gc-amf-7cbccff989-bbx5m,amf,1731612120000,0.4330929086321161
free5gc,free5gc-amf-7cbccff989-bbx5m,amf,1731612180000,0.5382305191401076
free5gc,free5gc-amf-7cbccff989-bbx5m,amf,1731612240000,0.2641531347205118
free5gc,free5gc-amf-7cbccff989-bbx5m,amf,1731612300000,0.3766154774699179
free5gc,free5gc-amf-7cbccff989-bbx5m,amf,1731612360000,0.23621145253359022
free5gc,free5gc-amf-7cbccff989-bbx5m,amf,1731612420000,0.4164578599256371
free5gc,free5gc-amf-7cbccff989-bbx5m,amf,1731612480000,0.11640387540001029
free5gc,free5gc-amf-7cbccff989-bbx5m,amf,1731612540000,0.38981858746530224
free5gc,free5gc-amf-7cbccff989-bbx5m,amf,1731612600000,0.3210845140813223
free5gc,free5gc-amf-7cbccff989-bbx5m,amf,1731612660000,0.22380944980453152
free5gc,free5gc-amf-7cbccff989-bbx5m,amf,1731612720000,0.38978517796477913
free5gc,free5gc-amf-7cbccff989-bbx5m,amf,1731612780000,0.26667474015463805
free5gc,free5gc-amf-7cbccff989-bbx5m,amf,1731612840000,0.3073249542941041
free5gc,free5gc-amf-7cbccff989-bbx5m,amf,1731612900000,0.31003512968532354
free5gc,free5gc-amf-7cbccff989-bbx5m,amf,1731612960000,0.39017274663289636
free5gc,free5gc-amf-7cbccff989-bbx5m,amf,1731613020000,0.43747138032888233
free5gc,free5gc-amf-7cbccff989-bbx5m,amf,1731613080000,0.19151926455253215
free5gc,free5gc-amf-7cbccff989-bbx5m,amf,1731613140000,0.08379053095454031
free5gc,free5gc-amf-7cbccff989-bbx5m,amf,1731613200000,0.33393302201344843
free5gc,free5gc-amf-7cbccff989-bbx5m,amf,1731613260000,0.09997782342358226
free5gc,free5gc-amf-7cbccff989-bbx5m,amf,1731613320000,0.2698621593774846
free5gc,free5gc-amf-7cbccff989-bbx5m,amf,1731613380000,0.22589473640342755
free5gc,free5gc-amf-7cbccff989-bbx5m,amf,1731613440000,0.3852136213725882
free5gc,free5gc-amf-7cbccff989-bbx5m,amf,1731613500000,0.28640762078610704
free5gc,free5gc-amf-7cbccff989-bbx5m,amf,1731613560000,0.36829459348531113
free5gc,free5gc-amf-7cbccff989-bbx5m,amf,1731613620000,0.3126196827267046
free5gc,free5gc-amf-7cbccff989-bbx5m,amf,1731613680000,0.3020304558609887
free5gc,free5gc-amf-7cbccff989-bbx5m,amf,1731613740000,0.21260962914871806
free5gc,free5gc-amf-7cbccff989-bbx5m,amf,1731613800000,0.2955449032755535
free5gc,free5gc-amf-7cbccff989-bbx5m,amf,1731613860000,0.14219673862496066
free5gc,free5gc-amf-7cbccff989-bbx5m,amf,1731613920000,0.30803349528727303
free5gc,free5gc-amf-7cbccff989-bbx5m,amf,1731613980000,0.16561982463465447
free5gc,free5gc-amf-7cbccff989-bbx5m,amf,1731614040000,0.2959001415366591
free5gc,free5gc-amf-7cbccff989-bbx5m,amf,1731614100000,0.26513250307395714
free5gc,free5gc-amf-7cbccff989-bbx5m,amf,1731614160000,0.27404215611757965
free5gc,free5gc-amf-7cbccff989-bbx5m,amf,1731614220000,0.43643554567786197
free5gc,free5gc-amf-7cbccff989-bbx5m,amf,1731614280000,0.3732217163126384
free5gc,free5gc-amf-7cbccff989-bbx5m,amf,1731614340000,0.15139335200212836
free5gc,free5gc-amf-7cbccff989-bbx5m,amf,1731614400000,0.2729697783169207
free5gc,free5gc-amf-7cbccff989-bbx5m,amf,1731614460000,0.3385180719044214
free5gc,free5gc-amf-7cbccff989-bbx5m,amf,1731614520000,0.2124779151766998
free5gc,free5gc-amf-7cbccff989-bbx5m,amf,1731614580000,0.36882405819543135
free5gc,free5gc-amf-7cbccff989-bbx5m,amf,1731614640000,0.2716468431244483
free5gc,free5gc-amf-7cbccff989-bbx5m,amf,1731614700000,0.23651910837338314
free5gc,free5gc-amf-7cbccff989-bbx5m,amf,1731614760000,0.35044172774396043
free5gc,free5gc-amf-7cbccff989-bbx5m,amf,1731614820000,0.37193172408958586
free5gc,free5gc-amf-7cbccff989-bbx5m,amf,1731614880000,0.31427043253662135
free5gc,free5gc-amf-7cbccff989-bbx5m,amf,1731614940000,0.21224146169491986
free5gc,free5gc-amf-7cbccff989-bbx5m,amf,1731615000000,0.39270591842149555
free5gc,free5gc-amf-7cbccff989-bbx5m,amf,1731615060000,0.325840244062122
free5gc,free5gc-amf-7cbccff989-bbx5m,amf,1731615120000,0.2653199964132705
free5gc,free5gc-amf-7cbccff989-bbx5m,amf,1731615180000,0.22849551940444504
free5gc,free5gc-amf-7cbccff989-bbx5m,amf,1731615240000,0.44718082005081566
free5gc,free5gc-amf-7cbccff989-bbx5m,amf,1731615300000,0.403846357743093
free5gc,free5gc-amf-7cbccff989-bbx5m,amf,1731615360000,0.40502780465289534
free5gc,free5gc-amf-7cbccff989-bbx5m,amf,1731615420000,0.1833852864926095
free5gc,free5gc-amf-7cbccff989-bbx5m,amf,1731615480000,0.4299150415039645
free5gc,free5gc-amf-7cbccff989-bbx5m,amf,1731615540000,0.21710062718825107
free5gc,free5gc-amf-7cbccff989-bbx5m,amf,1731615600000,0.27170630249688976
free5gc,free5gc-amf-7cbccff989-bbx5m,amf,1731615660000,0.25964485145039684
free5gc,free5gc-amf-7cbccff989-bbx5m,amf,1731615720000,0.20818572970679522
free5gc,free5gc-amf-7cbccff989-bbx5m,amf,1731615780000,0.3751316976243848
free5gc,free5gc-amf-7cbccff989-bbx5m,amf,1731615840000,0.2155898646585187
free5gc,free5gc-amf-7cbccff989-bbx5m,amf,1731615900000,0.23570028402543158
free5gc,free5gc-amf-7cbccff989-bbx5m,amf,1731615960000,0.2003528459345595
free5gc,free5gc-amf-7cbccff989-bbx5m,amf,1731616020000,0.29050390595067066
free5gc,free5gc-amf-7cbccff989-bbx5m,amf,1731616080000,0.4177740820442088
free5gc,free5gc-amf-7cbccff989-bbx5m,amf,1731616140000,0.1806019136852445
free5gc,free5gc-amf-7cbccff989-bbx5m,amf,1731616200000,0.2530118622029789
free5gc,free5gc-amf-7cbccff989-bbx5m,amf,1731616260000,0.26051212764708565
free5gc,free5gc-amf-7cbccff989-bbx5m,amf,1731616320000,0.22807544050436748
free5gc,free5gc-amf-7cbccff989-bbx5m,amf,1731616380000,0.2891144731824499
free5gc,free5gc-amf-7cbccff989-bbx5m,amf,1731616440000,0.24059965195087446
free5gc,free5gc-amf-7cbccff989-bbx5m,amf,1731616500000,0.22967463178815783
free5gc,free5gc-amf-7cbccff989-bbx5m,amf,1731616560000,0.29746916872176976
free5gc,free5gc-amf-7cbccff989-bbx5m,amf,1731616620000,0.4288936700298595
free5gc,free5gc-amf-7cbccff989-bbx5m,amf,1731616680000,0.2755698051309335
free5gc,free5gc-amf-7cbccff989-bbx5m,amf,1731616740000,0.2042456375839096
free5gc,free5gc-amf-7cbccff989-bbx5m,amf,1731616800000,0.24778319350126818
free5gc,free5gc-amf-7cbccff989-bbx5m,amf,1731616860000,0.48114690914310515
free5gc,free5gc-amf-7cbccff989-bbx5m,amf,1731616920000,0.2929302390825757
free5gc,free5gc-amf-7cbccff989-bbx5m,amf,1731616980000,0.15455709481372573
free5gc,free5gc-amf-7cbccff989-bbx5m,amf,1731617040000,0.33764531342046383
free5gc,free5gc-amf-7cbccff989-bbx5m,amf,1731617100000,0.3504207957002713
free5gc,free5gc-amf-7cbccff989-bbx5m,amf,1731617160000,0.3799919233617269
free5gc,free5gc-amf-7cbccff989-bbx5m,amf,1731617220000,0.3644369337549695
free5gc,free5gc-amf-7cbccff989-bbx5m,amf,1731617280000,0.31581072081898226
free5gc,free5gc-amf-7cbccff989-bbx5m,amf,1731617340000,0.3093297487781933
free5gc,free5gc-amf-7cbccff989-bbx5m,amf,1731617400000,0.32826665185637094
free5gc,free5gc-amf-7cbccff989-bbx5m,amf,1731617460000,0.22247735268785354
free5gc,free5gc-amf-7cbccff989-bbx5m,amf,1731617520000,0.43371495377139685
free5gc,free5gc-amf-7cbccff989-bbx5m,amf,1731617580000,0.40837649605238285
free5gc,free5gc-amf-7cbccff989-bbx5m,amf,1731617640000,0.25794503926819645
free5gc,free5gc-amf-7cbccff989-bbx5m,amf,1731617700000,0.37414079370690656
free5gc,free5gc-amf-7cbccff989-bbx5m,amf,1731617760000,0.25160838533189556
free5gc,free5gc-amf-7cbccff989-bbx5m,amf,1731617820000,0.32617112022886185
free5gc,free5gc-amf-7cbccff989-bbx5m,amf,1731617880000,0.23728836355293126
free5gc,free5gc-amf-7cbccff989-bbx5m,amf,1731617940000,0.40102627277318453
free5gc,free5gc-amf-7cbccff989-bbx5m,amf,1731618000000,0.2050668440022521
free5gc,free5gc-amf-7cbccff989-bbx5m,amf,1731618060000,0.3296674661100446
free5gc,free5gc-amf-7cbccff989-bbx5m,amf,1731618120000,0.32380046518106415
free5gc,free5gc-amf-7cbccff989-bbx5m,amf,1731618180000,0.41239017891164387
free5gc,free5gc-amf-7cbccff989-bbx5m,amf,1731618240000,0.45181180663863896
free5gc,free5gc-amf-7cbccff989-bbx5m,amf,1731618300000,0.35603159643649684
free5gc,free5gc-amf-7cbccff989-bbx5m,amf,1731618360000,0.32736392570233913
free5gc,free5gc-amf-7cbccff989-bbx5m,amf,1731618420000,0.43518498833145264
free5gc,free5gc-amf-7cbccff989-bbx5m,amf,1731618480000,0.3564079324125283
free5gc,free5gc-amf-7cbccff989-bbx5m,amf,1731618540000,0.43257457983935543
free5gc,free5gc-amf-7cbccff989-bbx5m,amf,1731618600000,0.3461139056524435
free5gc,free5gc-amf-7cbccff989-bbx5m,amf,1731618660000,0.22969736203424757
free5gc,free5gc-amf-7cbccff989-bbx5m,amf,1731618720000,0.34480441360998026
free5gc,free5gc-amf-7cbccff989-bbx5m,amf,1731618780000,0.4234792922590928
free5gc,free5gc-amf-7cbccff989-bbx5m,amf,1731618840000,0.11471618070760772
free5gc,free5gc-amf-7cbccff989-bbx5m,amf,1731618900000,0.16556352103943506
free5gc,free5gc-amf-7cbccff989-bbx5m,amf,1731618960000,0.4523627184149583
free5gc,free5gc-amf-7cbccff989-bbx5m,amf,1731619020000,0.32375667266138475
free5gc,free5gc-amf-7cbccff989-bbx5m,amf,1731619080000,0.34903356823272874
free5gc,free5gc-amf-7cbccff989-bbx5m,amf,1731619140000,0.4367787963536803
free5gc,free5gc-amf-7cbccff989-bbx5m,amf,1731619200000,0.19292044677836626
free5gc,free5gc-amf-7cbccff989-bbx5m,amf,1731619260000,0.397516947041607
free5gc,free5gc-amf-7cbccff989-bbx5m,amf,1731619320000,0.42569837809918665
free5gc,free5gc-amf-7cbccff989-bbx5m,amf,1731619380000,0.4133211014855468
free5gc,free5gc-amf-7cbccff989-bbx5m,amf,1731619440000,0.29422984507921196
free5gc,free5gc-amf-7cbccff989-bbx5m,amf,1731619500000,0.24156356901168702
free5gc,free5gc-amf-7cbccff989-bbx5m,amf,1731619560000,0.22235895605827666
free5gc,free5gc-amf-7cbccff989-bbx5m,amf,1731619620000,0.1765466811560484
free5gc,free5gc-amf-7cbccff989-bbx5m,amf,1731619680000,0.3473083219081304
free5gc,free5gc-amf-7cbccff989-bbx5m,amf,1731619740000,0.34566155943627747
free5gc,free5gc-amf-7cbccff989-bbx5m,amf,1731619800000,0.4371266618011392
free5gc,free5gc-amf-7cbccff989-bbx5m,amf,1731619860000,0.5526262568700441
free5gc,free5gc-amf-7cbccff989-bbx5m,amf,1731619920000,0.1590513351444118
free5gc,free5gc-amf-7cbccff989-bbx5m,amf,1731619980000,0.317655397901437
free5gc,free5gc-amf-7cbccff989-bbx5m,amf,1731620040000,0.26445631770520306
free5gc,free5gc-amf-7cbccff989-bbx5m,amf,1731620100000,0.2869887399242853
free5gc,free5gc-amf-7cbccff989-bbx5m,amf,1731620160000,0.35239824861667984
free5gc,free5gc-amf-7cbccff989-bbx5m,amf,1731620220000,0.41689264989330566
free5gc,free5gc-amf-7cbccff989-bbx5m,amf,1731620280000,0.3097003832214797
free5gc,free5gc-amf-7cbccff989-bbx5m,amf,1731620340000,0.2612545313110202
free5gc,free5gc-amf-7cbccff989-bbx5m,amf,1731620400000,0.4214333612285489
free5gc,free5gc-amf-7cbccff989-bbx5m,amf,1731620460000,0.27858964419809085
free5gc,free5gc-amf-7cbccff989-bbx5m,amf,1731620520000,0.37513043185573275
free5gc,free5gc-amf-7cbccff989-bbx5m,amf,1731620580000,0.2758718151688654
free5gc,free5gc-amf-7cbccff989-bbx5m,amf,1731620640000,0.35707543989927343
free5gc,free5gc-amf-7cbccff989-bbx5m,amf,1731620700000,0.2314964354453869
free5gc,free5gc-amf-7cbccff989-bbx5m,amf,1731620760000,0.31773868285014684
free5gc,free5gc-amf-7cbccff989-bbx5m,amf,1731620820000,0.3014087467894817
free5gc,free5gc-amf-7cbccff989-bbx5m,amf,1731620880000,0.4904844546643846
free5gc,free5gc-amf-7cbccff989-bbx5m,amf,1731620940000,0.46866718684417996
free5gc,free5gc-amf-7cbccff989-bbx5m,amf,1731621000000,0.3441075236755401
free5gc,free5gc-amf-7cbccff989-bbx5m,amf,1731621060000,0.4250536419025812
free5gc,free5gc-amf-7cbccff989-bbx5m,amf,1731621120000,0.3113916128616455
free5gc,free5gc-amf-7cbccff989-bbx5m,amf,1731621180000,0.35547089390605624
free5gc,free5gc-amf-7cbccff989-bbx5m,amf,1731621240000,0.35451322126623264
free5gc,free5gc-amf-7cbccff989-bbx5m,amf,1731621300000,0.3046892910366389
free5gc,free5gc-amf-7cbccff989-bbx5m,amf,1731621360000,0.17217945113633593
free5gc,free5gc-amf-7cbccff989-bbx5m,amf,1731621420000,0.35384101644555194
free5gc,free5gc-amf-7cbccff989-bbx5m,amf,1731621480000,0.1643204535566624
free5gc,free5gc-amf-7cbccff989-bbx5m,amf,1731621540000,0.17649786437113976
free5gc,free5gc-amf-7cbccff989-bbx5m,amf,1731621600000,0.46264569283586654
free5gc,free5gc-amf-7cbccff989-bbx5m,amf,1731621660000,0.3316200971643233
free5gc,free5gc-amf-7cbccff989-bbx5m,amf,1731621720000,0.4732261613154244
free5gc,free5gc-amf-7cbccff989-bbx5m,amf,1731621780000,0.15223555900873045
free5gc,free5gc-amf-7cbccff989-bbx5m,amf,1731621840000,0.24405277405893888
free5gc,free5gc-amf-7cbccff989-bbx5m,amf,1731621900000,0.33563584103199046
free5gc,free5gc-amf-7cbccff989-bbx5m,amf,1731621960000,0.2797011579723372
free5gc,free5gc-amf-7cbccff989-bbx5m,amf,1731622020000,0.24192627557036098
free5gc,free5gc-amf-7cbccff989-bbx5m,amf,1731622080000,0.2697483919799815
free5gc,free5gc-amf-7cbccff989-bbx5m,amf,1731622140000,0.24872987676763664
free5gc,free5gc-amf-7cbccff989-bbx5m,amf,1731622200000,0.42365155265797283
free5gc,free5gc-amf-7cbccff989-bbx5m,amf,1731622260000,0.27722912697308383
free5gc,free5gc-amf-7cbccff989-bbx5m,amf,1731622320000,0.2518656793922763
free5gc,free5gc-amf-7cbccff989-bbx5m,amf,1731622380000,0.1912664906200862
free5gc,free5gc-amf-7cbccff989-bbx5m,amf,1731622440000,0.25620197330112293
free5gc,free5gc-amf-7cbccff989-bbx5m,amf,1731622500000,0.33729282730703763
free5gc,free5gc-amf-7cbccff989-bbx5m,amf,1731622560000,0.3351060847755296
free5gc,free5gc-amf-7cbccff989-bbx5m,amf,1731622620000,0.21363192753481308
free5gc,free5gc-amf-7cbccff989-bbx5m,amf,1731622680000,0.31494782341072647
free5gc,free5gc-amf-7cbccff989-bbx5m,amf,1731622740000,0.29706599935107697
free5gc,free5gc-amf-7cbccff989-bbx5m,amf,1731622800000,0.2633881315714229
free5gc,free5gc-amf-7cbccff989-bbx5m,amf,1731622860000,0.2590455865099423
free5gc,free5gc-amf-7cbccff989-bbx5m,amf,1731622920000,0.32268505700867167
free5gc,free5gc-amf-7cbccff989-bbx5m,amf,1731622980000,0.46783402207028363
free5gc,free5gc-amf-7cbccff989-bbx5m,amf,1731623040000,0.3307445352969055
free5gc,free5gc-amf-7cbccff989-bbx5m,amf,1731623100000,0.2428910220467248
free5gc,free5gc-amf-7cbccff989-bbx5m,amf,1731623160000,0.3491376986388572
free5gc,free5gc-amf-7cbccff989-bbx5m,amf,1731623220000,0.12094580734010832
free5gc,free5gc-amf-7cbccff989-bbx5m,amf,1731623280000,0.3677715893948081
free5gc,free5gc-amf-7cbccff989-bbx5m,amf,1731623340000,0.307444349969017
free5gc,free5gc-amf-7cbccff989-bbx5m,amf,1731623400000,0.2518851677098577
free5gc,free5gc-amf-7cbccff989-bbx5m,amf,1731623460000,0.28221502971792933
free5gc,free5gc-amf-7cbccff989-bbx5m,amf,1731623520000,0.3036655984202289
free5gc,free5gc-amf-7cbccff989-bbx5m,amf,1731623580000,0.22193128339859539
free5gc,free5gc-amf-7cbccff989-bbx5m,amf,1731623640000,0.21832169349456065
free5gc,free5gc-amf-7cbccff989-bbx5m,amf,1731623700000,0.3157650395687831
free5gc,free5gc-amf-7cbccff989-bbx5m,amf,1731623760000,0.16748576667597365
free5gc,free5gc-amf-7cbccff989-bbx5m,amf,1731623820000,0.3412266728058811
free5gc,free5gc-amf-7cbccff989-bbx5m,amf,1731623880000,0.20994877458262
free5gc,free5gc-amf-7cbccff989-bbx5m,amf,1731623940000,0.23169138017256094
free5gc,free5gc-amf-7cbccff989-bbx5m,amf,1731624000000,0.30402200625527365
free5gc,free5gc-amf-7cbccff989-bbx5m,amf,1731624060000,0.4345847023048038
free5gc,free5gc-amf-7cbccff989-bbx5m,amf,1731624120000,0.24436234317935704
free5gc,free5gc-amf-7cbccff989-bbx5m,amf,1731624180000,0.2529364664284602
free5gc,free5gc-amf-7cbccff989-bbx5m,amf,1731624240000,0.1872791483919027
free5gc,free5gc-amf-7cbccff989-bbx5m,amf,1731624300000,0.3478683402361038
free5gc,free5gc-amf-7cbccff989-bbx5m,amf,1731624360000,0.25870619642573967
free5gc,free5gc-amf-7cbccff989-bbx5m,amf,1731624420000,0.38083743660001806
free5gc,free5gc-amf-7cbccff989-bbx5m,amf,1731624480000,0.25908597099645564
free5gc,free5gc-amf-7cbccff989-bbx5m,amf,1731624540000,0.3524366901814615
free5gc,free5gc-amf-7cbccff989-bbx5m,amf,1731624600000,0.48719049740712017
free5gc,free5gc-amf-7cbccff989-bbx5m,amf,1731624660000,0.16606417991976646
free5gc,free5gc-amf-7cbccff989-bbx5m,amf,1731624720000,0.1957275626240955
free5gc,free5gc-amf-7cbccff989-bbx5m,amf,1731624780000,0.2626700948999769
free5gc,free5gc-amf-7cbccff989-bbx5m,amf,1731624840000,0.31297455172136607
free5gc,free5gc-amf-7cbccff989-bbx5m,amf,1731624900000,0.19232265314647307
free5gc,free5gc-amf-7cbccff989-bbx5m,amf,1731624960000,0.33769863488466145
free5gc,free5gc-amf-7cbccff989-bbx5m,amf,1731625020000,0.27861679999999317
free5gc,free5gc-amf-7cbccff989-bbx5m,amf,1731625080000,0.4034844706884208
free5gc,free5gc-amf-7cbccff989-bbx5m,amf,1731625140000,0.1648064075327753
free5gc,free5gc-amf-7cbccff989-bbx5m,amf,1731625200000,0.3698855244068776
free5gc,free5gc-amf-7cbccff989-bbx5m,amf,1731625260000,0.16784263630871699
free5gc,free5gc-amf-7cbccff989-bbx5m,amf,1731625320000,0.23826308713772137
free5gc,free5gc-amf-7cbccff989-bbx5m,amf,1731625380000,0.3143579540700376
free5gc,free5gc-amf-7cbccff989-bbx5m,amf,1731625440000,0.19222052207187548
free5gc,free5gc-amf-7cbccff989-bbx5m,amf,1731625500000,0.3010759444732343
free5gc,free5gc-amf-7cbccff989-bbx5m,amf,1731625560000,0.19365979513949985
free5gc,free5gc-amf-7cbccff989-bbx5m,amf,1731625620000,0.1853687633516214
free5gc,free5gc-amf-7cbccff989-bbx5m,amf,1731625680000,0.199079872628165
free5gc,free5gc-amf-7cbccff989-bbx5m,amf,1731625740000,0.16367781538391368
free5gc,free5gc-amf-7cbccff989-bbx5m,amf,1731625800000,0.23842111326175833
free5gc,free5gc-amf-7cbccff989-bbx5m,amf,1731625860000,0.16075322200117106
free5gc,free5gc-amf-7cbccff989-bbx5m,amf,1731625920000,0.09416533524637427
free5gc,free5gc-amf-7cbccff989-bbx5m,amf,1731625980000,0.15157886435814735
free5gc,free5gc-amf-7cbccff989-bbx5m,amf,1731626040000,0.260801161445086
free5gc,free5gc-amf-7cbccff989-bbx5m,amf,1731626100000,0.43410493818952206
free5gc,free5gc-amf-7cbccff989-bbx5m,amf,1731626160000,0.3381969007414427
free5gc,free5gc-amf-7cbccff989-bbx5m,amf,1731626220000,0.4641194935366132
free5gc,free5gc-amf-7cbccff989-bbx5m,amf,1731626280000,0.1262675533841761
free5gc,free5gc-amf-7cbccff989-bbx5m,amf,1731626340000,0.30597424699585546
free5gc,free5gc-amf-7cbccff989-bbx5m,amf,1731626400000,0.2657271906256109
free5gc,free5gc-amf-7cbccff989-bbx5m,amf,1731626460000,0.19780386614839976
free5gc,free5gc-amf-7cbccff989-bbx5m,amf,1731626520000,0.26374912201421813
free5gc,free5gc-amf-7cbccff989-bbx5m,amf,1731626580000,0.20246030752088945
free5gc,free5gc-amf-7cbccff989-bbx5m,amf,1731626640000,0.223774314386715
free5gc,free5gc-amf-7cbccff989-bbx5m,amf,1731626700000,0.26219614232906097
free5gc,free5gc-amf-7cbccff989-bbx5m,amf,1731626760000,0.14289523920653602
free5gc,free5gc-amf-7cbccff989-bbx5m,amf,1731626820000,0.2543624330048016
free5gc,free5gc-amf-7cbccff989-bbx5m,amf,1731626880000,0.15007462425136137
free5gc,free5gc-amf-7cbccff989-bbx5m,amf,1731626940000,0.1253730149314395
free5gc,free5gc-amf-7cbccff989-bbx5m,amf,1731627000000,0.3372782370201244
free5gc,free5gc-amf-7cbccff989-bbx5m,amf,1731627060000,0.2991626789613532
free5gc,free5gc-amf-7cbccff989-bbx5m,amf,1731627120000,0.24665532023733233
free5gc,free5gc-amf-7cbccff989-bbx5m,amf,1731627180000,0.2682246383718256
free5gc,free5gc-amf-7cbccff989-bbx5m,amf,1731627240000,0.08941055120003512
free5gc,free5gc-amf-7cbccff989-bbx5m,amf,1731627300000,0.2545904341109229
free5gc,free5gc-amf-7cbccff989-bbx5m,amf,1731627360000,0.3143042093699252
free5gc,free5gc-amf-7cbccff989-bbx5m,amf,1731627420000,0.3037366822588183
free5gc,free5gc-amf-7cbccff989-bbx5m,amf,1731627480000,0.30857991442051713
free5gc,free5gc-amf-7cbccff989-bbx5m,amf,1731627540000,0.30672585701498417
free5gc,free5gc-amf-7cbccff989-bbx5m,amf,1731627600000,0.2676789727540633
free5gc,free5gc-amf-7cbccff989-bbx5m,amf,1731627660000,0.2145082194071247
free5gc,free5gc-amf-7cbccff989-bbx5m,amf,1731627720000,0.27349015692034856
free5gc,free5gc-amf-7cbccff989-bbx5m,amf,1731627780000,0.3017353920934957
free5gc,free5gc-amf-7cbccff989-bbx5m,amf,1731627840000,0.4096040736092098
free5gc,free5gc-amf-7cbccff989-bbx5m,amf,1731627900000,0.3387545889650583
free5gc,free5gc-amf-7cbccff989-bbx5m,amf,1731627960000,0.2552819495466732
free5gc,free5gc-amf-7cbccff989-bbx5m,amf,1731628020000,0.38338973872247634
free5gc,free5gc-amf-7cbccff989-bbx5m,amf,1731628080000,0.20010536368083187
free5gc,free5gc-amf-7cbccff989-bbx5m,amf,1731628140000,0.19017891132658593
free5gc,free5gc-amf-7cbccff989-bbx5m,amf,1731628200000,0.2496262623974132
free5gc,free5gc-amf-7cbccff989-bbx5m,amf,1731628260000,0.2812785961124356
free5gc,free5gc-amf-7cbccff989-bbx5m,amf,1731628320000,0.20498206451866205
free5gc,free5gc-amf-7cbccff989-bbx5m,amf,1731628380000,0.44319587674783234
free5gc,free5gc-amf-7cbccff989-bbx5m,amf,1731628440000,0.3085298478833038
free5gc,free5gc-amf-7cbccff989-bbx5m,amf,1731628500000,0.28123974902074494
free5gc,free5gc-amf-7cbccff989-bbx5m,amf,1731628560000,0.3751695479893328
free5gc,free5gc-amf-7cbccff989-bbx5m,amf,1731628620000,0.28782508714696453
free5gc,free5gc-amf-7cbccff989-bbx5m,amf,1731628680000,0.30973283405011764
free5gc,free5gc-amf-7cbccff989-bbx5m,amf,1731628740000,0.29899712030008485
free5gc,free5gc-amf-7cbccff989-bbx5m,amf,1731628800000,0.25244125329288986
free5gc,free5gc-amf-7cbccff989-bbx5m,amf,1731628860000,0.2229770282774364
free5gc,free5gc-amf-7cbccff989-bbx5m,amf,1731628920000,0.20577331883241312
free5gc,free5gc-amf-7cbccff989-bbx5m,amf,1731628980000,0.4965253336051953
free5gc,free5gc-amf-7cbccff989-bbx5m,amf,1731629040000,0.23590319576786672
free5gc,free5gc-amf-7cbccff989-bbx5m,amf,1731629100000,0.27222466873436196
free5gc,free5gc-amf-7cbccff989-bbx5m,amf,1731629160000,0.1981819119497199
free5gc,free5gc-amf-7cbccff989-bbx5m,amf,1731629220000,0.31283044735661075
free5gc,free5gc-amf-7cbccff989-bbx5m,amf,1731629280000,0.3738971499102801
free5gc,free5gc-amf-7cbccff989-bbx5m,amf,1731629340000,0.39611743736137345
free5gc,free5gc-amf-7cbccff989-bbx5m,amf,1731629400000,0.29528326095564866
free5gc,free5gc-amf-7cbccff989-bbx5m,amf,1731629460000,0.21520335290303638
free5gc,free5gc-amf-7cbccff989-bbx5m,amf,1731629520000,0.32494207338807907
free5gc,free5gc-amf-7cbccff989-bbx5m,amf,1731629580000,0.23221100549631032
free5gc,free5gc-amf-7cbccff989-bbx5m,amf,1731629640000,0.3005074074492606
free5gc,free5gc-amf-7cbccff989-bbx5m,amf,1731629700000,0.27877419437801887
free5gc,free5gc-amf-7cbccff989-bbx5m,amf,1731629760000,0.27849625424791236
free5gc,free5gc-amf-7cbccff989-bbx5m,amf,1731629820000,0.18937642285886885
free5gc,free5gc-amf-7cbccff989-bbx5m,amf,1731629880000,0.2676693293430159
free5gc,free5gc-amf-7cbccff989-bbx5m,amf,1731629940000,0.09280360805326211
free5gc,free5gc-amf-7cbccff989-bbx5m,amf,1731630000000,0.36097206541308785
free5gc,free5gc-amf-7cbccff989-bbx5m,amf,1731630060000,0.3645316548820574
free5gc,free5gc-amf-7cbccff989-bbx5m,amf,1731630120000,0.32108972536893815
free5gc,free5gc-amf-7cbccff989-bbx5m,amf,1731630180000,0.3610808172887843
free5gc,free5gc-amf-7cbccff989-bbx5m,amf,1731630240000,0.28978561045790335
free5gc,free5gc-amf-7cbccff989-bbx5m,amf,1731630300000,0.15575267914663202
free5gc,free5gc-amf-7cbccff989-bbx5m,amf,1731630360000,0.26561556674335646
free5gc,free5gc-amf-7cbccff989-bbx5m,amf,1731630420000,0.335883002348423
free5gc,free5gc-amf-7cbccff989-bbx5m,amf,1731630480000,0.295075133863393
free5gc,free5gc-amf-7cbccff989-bbx5m,amf,1731630540000,0.17858993652535812
free5gc,free5gc-amf-7cbccff989-bbx5m,amf,1731630600000,0.3313957548272019
free5gc,free5gc-amf-7cbccff989-bbx5m,amf,1731630660000,0.36703229731391107
free5gc,free5gc-amf-7cbccff989-bbx5m,amf,1731630720000,0.23413132094459307
free5gc,free5gc-amf-7cbccff989-bbx5m,amf,1731630780000,0.42046480543484044
free5gc,free5gc-amf-7cbccff989-bbx5m,amf,1731630840000,0.24112850776301653
free5gc,free5gc-amf-7cbccff989-bbx5m,amf,1731630900000,0.45520064975125163
free5gc,free5gc-amf-7cbccff989-bbx5m,amf,1731630960000,0.2668308198124661
free5gc,free5gc-amf-7cbccff989-bbx5m,amf,1731631020000,0.1983211704902531
free5gc,free5gc-amf-7cbccff989-bbx5m,amf,1731631080000,0.22265921550670645
free5gc,free5gc-amf-7cbccff989-bbx5m,amf,1731631140000,0.1353705906037008
free5gc,free5gc-amf-7cbccff989-bbx5m,amf,1731631200000,0.38964056450874773
free5gc,free5gc-amf-7cbccff989-bbx5m,amf,1731631260000,0.34731798228243593
free5gc,free5gc-amf-7cbccff989-bbx5m,amf,1731631320000,0.14416752506414707
free5gc,free5gc-amf-7cbccff989-bbx5m,amf,1731631380000,0.22815910682462606
free5gc,free5gc-amf-7cbccff989-bbx5m,amf,1731631440000,0.24478361836230522
free5gc,free5gc-amf-7cbccff989-bbx5m,amf,1731631500000,0.12789995426333634
free5gc,free5gc-amf-7cbccff989-bbx5m,amf,1731631560000,0.23157336009727555
free5gc,free5gc-amf-7cbccff989-bbx5m,amf,1731631620000,0.2963848030894845
free5gc,free5gc-amf-7cbccff989-bbx5m,amf,1731631680000,0.3645336686003769
free5gc,free5gc-amf-7cbccff989-bbx5m,amf,1731631740000,0.30038107467857844
free5gc,free5gc-amf-7cbccff989-bbx5m,amf,1731631800000,0.28639401478802284
free5gc,free5gc-amf-7cbccff989-bbx5m,amf,1731631860000,0.11796878633809293
free5gc,free5gc-amf-7cbccff989-bbx5m,amf,1731631920000,0.3047156438053563
free5gc,free5gc-amf-7cbccff989-bbx5m,amf,1731631980000,0.17326902189482293
free5gc,free5gc-amf-7cbccff989-bbx5m,amf,1731632040000,0.24193504825315953
free5gc,free5gc-amf-7cbccff989-bbx5m,amf,1731632100000,0.20107364612042353
free5gc,free5gc-amf-7cbccff989-bbx5m,amf,1731632160000,0.27039217881472877
free5gc,free5gc-amf-7cbccff989-bbx5m,amf,1731632220000,0.20363258650991448
free5gc,free5gc-amf-7cbccff989-bbx5m,amf,1731632280000,0.2747092513750245
free5gc,free5gc-amf-7cbccff989-bbx5m,amf,1731632340000,0.21287647769780585
free5gc,free5gc-amf-7cbccff989-bbx5m,amf,1731632400000,0.36020008014484267
free5gc,free5gc-amf-7cbccff989-bbx5m,amf,1731632460000,0.40189171479927843
free5gc,free5gc-amf-7cbccff989-bbx5m,amf,1731632520000,0.41512225295879285
free5gc,free5gc-amf-7cbccff989-bbx5m,amf,1731632580000,0.0
free5gc,free5gc-amf-7cbccff989-bbx5m,amf,1731632640000,0.0
free5gc,free5gc-amf-7cbccff989-bbx5m,amf,1731632700000,0.0005922919835521148
free5gc,free5gc-amf-7cbccff989-bbx5m,amf,1731632760000,0.0002259485917495052
free5gc,free5gc-amf-7cbccff989-bbx5m,amf,1731632820000,0.00041747772310183414
free5gc,free5gc-amf-7cbccff989-bbx5m,amf,1731632880000,0.0004033539322511733
free5gc,free5gc-amf-7cbccff989-bbx5m,amf,1731632940000,0.0006916480853554063
free5gc,free5gc-amf-7cbccff989-bbx5m,amf,1731633000000,0.00037495151221955995
free5gc,free5gc-amf-7cbccff989-bbx5m,amf,1731633060000,0.0004686872000092991
free5gc,free5gc-amf-7cbccff989-bbx5m,amf,1731633120000,0.00026404164532558986
free5gc,free5gc-amf-7cbccff989-bbx5m,amf,1731633180000,0.0005741389514871518
free5gc,free5gc-amf-7cbccff989-bbx5m,amf,1731633240000,0.00027597881889170105
free5gc,free5gc-amf-7cbccff989-bbx5m,amf,1731633300000,0.00046272653817556065
free5gc,free5gc-amf-7cbccff989-bbx5m,amf,1731633360000,0.00033867863906743485
free5gc,free5gc-amf-7cbccff989-bbx5m,amf,1731633420000,0.000362218572641873
free5gc,free5gc-amf-7cbccff989-bbx5m,amf,1731633480000,0.0002966104859990962
free5gc,free5gc-amf-7cbccff989-bbx5m,amf,1731633540000,0.0005019082515062585
free5gc,free5gc-amf-7cbccff989-bbx5m,amf,1731633600000,0.0
free5gc,free5gc-amf-7cbccff989-bbx5m,amf,1731633660000,0.00034306123106711084
free5gc,free5gc-amf-7cbccff989-bbx5m,amf,1731633720000,0.0
free5gc,free5gc-amf-7cbccff989-bbx5m,amf,1731633780000,0.0
free5gc,free5gc-amf-7cbccff989-bbx5m,amf,1731633840000,0.0
free5gc,free5gc-amf-7cbccff989-bbx5m,amf,1731633900000,0.7770707752336269
free5gc,free5gc-amf-7cbccff989-bbx5m,amf,1731633960000,0.8672215525663685
free5gc,free5gc-amf-7cbccff989-bbx5m,amf,1731634020000,0.9979867400802682
free5gc,free5gc-amf-7cbccff989-bbx5m,amf,1731634080000,1.0002539449900025
free5gc,free5gc-amf-7cbccff989-bbx5m,amf,1731634140000,0.8263065878251344
free5gc,free5gc-amf-7cbccff989-bbx5m,amf,1731634200000,0.9989429251886277
free5gc,free5gc-amf-7cbccff989-bbx5m,amf,1731634260000,0.9976471783023695
free5gc,free5gc-amf-7cbccff989-bbx5m,amf,1731634320000,1.0003704791846797
free5gc,free5gc-amf-7cbccff989-bbx5m,amf,1731634380000,1.0001377037109669
free5gc,free5gc-amf-7cbccff989-bbx5m,amf,1731634440000,0.998651717721672
free5gc,free5gc-amf-7cbccff989-bbx5m,amf,1731634500000,0.8634341675135099
free5gc,free5gc-amf-7cbccff989-bbx5m,amf,1731634560000,0.9996958972546984
free5gc,free5gc-amf-7cbccff989-bbx5m,amf,1731634620000,0.8423020444459818
free5gc,free5gc-amf-7cbccff989-bbx5m,amf,1731634680000,0.9976457216494948
free5gc,free5gc-amf-7cbccff989-bbx5m,amf,1731634740000,0.9972767684956183
free5gc,free5gc-amf-7cbccff989-bbx5m,amf,1731634800000,0.9995371386904299
free5gc,free5gc-amf-7cbccff989-bbx5m,amf,1731634860000,0.7319646064000052
free5gc,free5gc-amf-7cbccff989-bbx5m,amf,1731634920000,0.9971937679977779
free5gc,free5gc-amf-7cbccff989-bbx5m,amf,1731634980000,0.9983492792800227
free5gc,free5gc-amf-7cbccff989-bbx5m,amf,1731635040000,1.0008499873229326
free5gc,free5gc-amf-7cbccff989-bbx5m,amf,1731635100000,0.9987664100229007
free5gc,free5gc-amf-7cbccff989-bbx5m,amf,1731635160000,0.8206378689568893
free5gc,free5gc-amf-7cbccff989-bbx5m,amf,1731635220000,0.8464949840652773
free5gc,free5gc-amf-7cbccff989-bbx5m,amf,1731635280000,0.9988834347193537
free5gc,free5gc-amf-7cbccff989-bbx5m,amf,1731635340000,0.9967248262994803
free5gc,free5gc-amf-7cbccff989-bbx5m,amf,1731635400000,0.9972063256981347
free5gc,free5gc-amf-7cbccff989-bbx5m,amf,1731635460000,1.000343458605709
free5gc,free5gc-amf-7cbccff989-bbx5m,amf,1731635520000,1.0009235159920546
free5gc,free5gc-amf-7cbccff989-bbx5m,amf,1731635580000,0.9970238333821727
free5gc,free5gc-amf-7cbccff989-bbx5m,amf,1731635640000,1.0002214544516164
free5gc,free5gc-amf-7cbccff989-bbx5m,amf,1731635700000,0.9985277480097289
free5gc,free5gc-amf-7cbccff989-bbx5m,amf,1731635760000,0.9980386098406954
free5gc,free5gc-amf-7cbccff989-bbx5m,amf,1731635820000,0.9973745981857114
free5gc,free5gc-amf-7cbccff989-bbx5m,amf,1731635880000,0.9986764928099848
free5gc,free5gc-amf-7cbccff989-bbx5m,amf,1731635940000,0.9991323600880402
free5gc,free5gc-amf-7cbccff989-bbx5m,amf,1731636000000,1.002301038205529
free5gc,free5gc-amf-7cbccff989-bbx5m,amf,1731636060000,0.9979221183159275
free5gc,free5gc-amf-7cbccff989-bbx5m,amf,1731636120000,0.9987003725344801
free5gc,free5gc-amf-7cbccff989-bbx5m,amf,1731636180000,1.0000163541886908
free5gc,free5gc-amf-7cbccff989-bbx5m,amf,1731636240000,0.9997694003826048
free5gc,free5gc-amf-7cbccff989-bbx5m,amf,1731636300000,0.9982232052346101
free5gc,free5gc-amf-7cbccff989-bbx5m,amf,1731636360000,1.0007634094873903
free5gc,free5gc-amf-7cbccff989-bbx5m,amf,1731636420000,1.0003002165214077
free5gc,free5gc-amf-7cbccff989-bbx5m,amf,1731636480000,1.0000366214056147
free5gc,free5gc-amf-7cbccff989-bbx5m,amf,1731636540000,0.9990405222932031
free5gc,free5gc-amf-7cbccff989-bbx5m,amf,1731636600000,1.0002927502327126
free5gc,free5gc-amf-7cbccff989-bbx5m,amf,1731636660000,0.9986697881109622
free5gc,free5gc-amf-7cbccff989-bbx5m,amf,1731636720000,0.9997357236999385
free5gc,free5gc-amf-7cbccff989-bbx5m,amf,1731636780000,0.9991734939553688
free5gc,free5gc-amf-7cbccff989-bbx5m,amf,1731636840000,0.9981498273732635
free5gc,free5gc-amf-7cbccff989-bbx5m,amf,1731636900000,0.9957332909792148
free5gc,free5gc-amf-7cbccff989-bbx5m,amf,1731636960000,0.99571351964889
free5gc,free5gc-amf-7cbccff989-bbx5m,amf,1731637020000,1.0000010911380401
free5gc,free5gc-amf-7cbccff989-bbx5m,amf,1731637080000,0.8516606905399783
free5gc,free5gc-amf-7cbccff989-bbx5m,amf,1731637140000,0.7571885402066514
free5gc,free5gc-amf-7cbccff989-bbx5m,amf,1731637200000,0.5416651694513435
free5gc,free5gc-amf-7cbccff989-bbx5m,amf,1731637260000,0.8747563176203432
free5gc,free5gc-amf-7cbccff989-bbx5m,amf,1731637320000,0.8555995382446229
free5gc,free5gc-amf-7cbccff989-bbx5m,amf,1731637380000,0.37822959595636757
free5gc,free5gc-amf-7cbccff989-bbx5m,amf,1731637440000,0.5222249939825611
free5gc,free5gc-amf-7cbccff989-bbx5m,amf,1731637500000,0.3609315929479801
free5gc,free5gc-amf-7cbccff989-bbx5m,amf,1731637560000,0.9344138432199514
free5gc,free5gc-amf-7cbccff989-bbx5m,amf,1731637620000,0.582401931208185
free5gc,free5gc-amf-7cbccff989-bbx5m,amf,1731637680000,0.35922551678959314
