namespace,pod,container,timestamp_1,cpu_usage_1,timestamp_2,cpu_usage_2,timestamp_3,cpu_usage_3,timestamp_4,cpu_usage_4
free5gc,free5gc-amf-7cbccff989-bbx5m,amf,1731603060000,0.20833635745325024,1731603120000,0.2499604990657802,1731603180000,0.25026985144698605,1731603240000,0.25038066148692456
free5gc,free5gc-amf-7cbccff989-bbx5m,amf,1731603120000,0.2499604990657802,1731603180000,0.25026985144698605,1731603240000,0.25038066148692456,1731603300000,0.25018603987730054
free5gc,free5gc-amf-7cbccff989-bbx5m,amf,1731603180000,0.25026985144698605,1731603240000,0.25038066148692456,1731603300000,0.25018603987730054,1731603360000,0.2031953067714122
free5gc,free5gc-amf-7cbccff989-bbx5m,amf,1731603240000,0.25038066148692456,1731603300000,0.25018603987730054,1731603360000,0.2031953067714122,1731603420000,0.1256315043941226
free5gc,free5gc-amf-7cbccff989-bbx5m,amf,1731603300000,0.25018603987730054,1731603360000,0.2031953067714122,1731603420000,0.1256315043941226,1731603480000,0.24993942438798392
free5gc,free5gc-amf-7cbccff989-bbx5m,amf,1731603360000,0.2031953067714122,1731603420000,0.1256315043941226,1731603480000,0.24993942438798392,1731603540000,0.23709779387476443
free5gc,free5gc-amf-7cbccff989-bbx5m,amf,1731603420000,0.1256315043941226,1731603480000,0.24993942438798392,1731603540000,0.23709779387476443,1731603600000,0.2496394986167385
free5gc,free5gc-amf-7cbccff989-bbx5m,amf,1731603480000,0.24993942438798392,1731603540000,0.23709779387476443,1731603600000,0.2496394986167385,1731603660000,0.2493205744795043
free5gc,free5gc-amf-7cbccff989-bbx5m,amf,1731603540000,0.23709779387476443,1731603600000,0.2496394986167385,1731603660000,0.2493205744795043,1731603720000,0.2201319306694701
free5gc,free5gc-amf-7cbccff989-bbx5m,amf,1731603600000,0.2496394986167385,1731603660000,0.2493205744795043,1731603720000,0.2201319306694701,1731603780000,0.2495110049739735
free5gc,free5gc-amf-7cbccff989-bbx5m,amf,1731603660000,0.2493205744795043,1731603720000,0.2201319306694701,1731603780000,0.2495110049739735,1731603840000,0.24967870569280345
free5gc,free5gc-amf-7cbccff989-bbx5m,amf,1731603720000,0.2201319306694701,1731603780000,0.2495110049739735,1731603840000,0.24967870569280345,1731603900000,0.2491632538399797
free5gc,free5gc-amf-7cbccff989-bbx5m,amf,1731603780000,0.2495110049739735,1731603840000,0.24967870569280345,1731603900000,0.2491632538399797,1731603960000,0.24972573416171484
free5gc,free5gc-amf-7cbccff989-bbx5m,amf,1731603840000,0.24967870569280345,1731603900000,0.2491632538399797,1731603960000,0.24972573416171484,1731604020000,0.24941776723601122
free5gc,free5gc-amf-7cbccff989-bbx5m,amf,1731603900000,0.2491632538399797,1731603960000,0.24972573416171484,1731604020000,0.24941776723601122,1731604080000,0.24954609133041392
free5gc,free5gc-amf-7cbccff989-bbx5m,amf,1731603960000,0.24972573416171484,1731604020000,0.24941776723601122,1731604080000,0.24954609133041392,1731604140000,0.2033687977815499
free5gc,free5gc-amf-7cbccff989-bbx5m,amf,1731604020000,0.24941776723601122,1731604080000,0.24954609133041392,1731604140000,0.2033687977815499,1731604200000,0.2036993243201625
free5gc,free5gc-amf-7cbccff989-bbx5m,amf,1731604080000,0.24954609133041392,1731604140000,0.2033687977815499,1731604200000,0.2036993243201625,1731604260000,0.20892453631989838
free5gc,free5gc-amf-7cbccff989-bbx5m,amf,1731604140000,0.2033687977815499,1731604200000,0.2036993243201625,1731604260000,0.20892453631989838,1731604320000,0.19830892642037495
free5gc,free5gc-amf-7cbccff989-bbx5m,amf,1731604200000,0.2036993243201625,1731604260000,0.20892453631989838,1731604320000,0.19830892642037495,1731604380000,0.17394997083539085
free5gc,free5gc-amf-7cbccff989-bbx5m,amf,1731604260000,0.20892453631989838,1731604320000,0.19830892642037495,1731604380000,0.17394997083539085,1731604440000,0.2144094173997195
free5gc,free5gc-amf-7cbccff989-bbx5m,amf,1731604320000,0.19830892642037495,1731604380000,0.17394997083539085,1731604440000,0.2144094173997195,1731604500000,0.21052785847295347
free5gc,free5gc-amf-7cbccff989-bbx5m,amf,1731604380000,0.17394997083539085,1731604440000,0.2144094173997195,1731604500000,0.21052785847295347,1731604560000,0.21479947603270222
free5gc,free5gc-amf-7cbccff989-bbx5m,amf,1731604440000,0.2144094173997195,1731604500000,0.21052785847295347,1731604560000,0.21479947603270222,1731604620000,0.20297963941265645
free5gc,free5gc-amf-7cbccff989-bbx5m,amf,1731604500000,0.21052785847295347,1731604560000,0.21479947603270222,1731604620000,0.20297963941265645,1731604680000,0.2110896392545571
free5gc,free5gc-amf-7cbccff989-bbx5m,amf,1731604560000,0.21479947603270222,1731604620000,0.20297963941265645,1731604680000,0.2110896392545571,1731604740000,0.21068804284043996
free5gc,free5gc-amf-7cbccff989-bbx5m,amf,1731604620000,0.20297963941265645,1731604680000,0.2110896392545571,1731604740000,0.21068804284043996,1731604800000,0.2102247555693788
free5gc,free5gc-amf-7cbccff989-bbx5m,amf,1731604680000,0.2110896392545571,1731604740000,0.21068804284043996,1731604800000,0.2102247555693788,1731604860000,0.2110630820511643
free5gc,free5gc-amf-7cbccff989-bbx5m,amf,1731604740000,0.21068804284043996,1731604800000,0.2102247555693788,1731604860000,0.2110630820511643,1731604920000,0.23464727343321212
free5gc,free5gc-amf-7cbccff989-bbx5m,amf,1731604800000,0.2102247555693788,1731604860000,0.2110630820511643,1731604920000,0.23464727343321212,1731604980000,0.25002667514418664
free5gc,free5gc-amf-7cbccff989-bbx5m,amf,1731604860000,0.2110630820511643,1731604920000,0.23464727343321212,1731604980000,0.25002667514418664,1731605040000,0
free5gc,free5gc-amf-7cbccff989-bbx5m,amf,1731604920000,0.23464727343321212,1731604980000,0.25002667514418664,1731605040000,0,1731605100000,0
free5gc,free5gc-amf-7cbccff989-bbx5m,amf,1731604980000,0.25002667514418664,1731605040000,0,1731605100000,0,1731605160000,0
free5gc,free5gc-amf-7cbccff989-bbx5m,amf,1731605040000,0,1731605100000,0,1731605160000,0,1731605220000,0.10376429123872037
free5gc,free5gc-amf-7cbccff989-bbx5m,amf,1731605100000,0,1731605160000,0,1731605220000,0.10376429123872037,1731605280000,0.21126741511734248
free5gc,free5gc-amf-7cbccff989-bbx5m,amf,1731605160000,0,1731605220000,0.10376429123872037,1731605280000,0.21126741511734248,1731605340000,0.21433436549905346
free5gc,free5gc-amf-7cbccff989-bbx5m,amf,1731605220000,0.10376429123872037,1731605280000,0.21126741511734248,1731605340000,0.21433436549905346,1731605400000,0.21164429691029643
free5gc,free5gc-amf-7cbccff989-bbx5m,amf,1731605280000,0.21126741511734248,1731605340000,0.21433436549905346,1731605400000,0.21164429691029643,1731605460000,0.25058502516814385
free5gc,free5gc-amf-7cbccff989-bbx5m,amf,1731605340000,0.21433436549905346,1731605400000,0.21164429691029643,1731605460000,0.25058502516814385,1731605520000,0.2039866103504199
free5gc,free5gc-amf-7cbccff989-bbx5m,amf,1731605400000,0.21164429691029643,1731605460000,0.25058502516814385,1731605520000,0.2039866103504199,1731605580000,0.17736601386518397
free5gc,free5gc-amf-7cbccff989-bbx5m,amf,1731605460000,0.25058502516814385,1731605520000,0.2039866103504199,1731605580000,0.17736601386518397,1731605640000,0.17955089115378994
free5gc,free5gc-amf-7cbccff989-bbx5m,amf,1731605520000,0.2039866103504199,1731605580000,0.17736601386518397,1731605640000,0.17955089115378994,1731605700000,0.22350643464996847
free5gc,free5gc-amf-7cbccff989-bbx5m,amf,1731605580000,0.17736601386518397,1731605640000,0.17955089115378994,1731605700000,0.22350643464996847,1731605760000,0.13557525302599602
free5gc,free5gc-amf-7cbccff989-bbx5m,amf,1731605640000,0.17955089115378994,1731605700000,0.22350643464996847,1731605760000,0.13557525302599602,1731605820000,0.15030563466047106
free5gc,free5gc-amf-7cbccff989-bbx5m,amf,1731605700000,0.22350643464996847,1731605760000,0.13557525302599602,1731605820000,0.15030563466047106,1731605880000,0.035570831098912674
free5gc,free5gc-amf-7cbccff989-bbx5m,amf,1731605760000,0.13557525302599602,1731605820000,0.15030563466047106,1731605880000,0.035570831098912674,1731605940000,1.0133917321087205e-06
free5gc,free5gc-amf-7cbccff989-bbx5m,amf,1731605820000,0.15030563466047106,1731605880000,0.035570831098912674,1731605940000,1.0133917321087205e-06,1731606000000,0
free5gc,free5gc-amf-7cbccff989-bbx5m,amf,1731605880000,0.035570831098912674,1731605940000,1.0133917321087205e-06,1731606000000,0,1731606060000,1.956431593202305e-05
free5gc,free5gc-amf-7cbccff989-bbx5m,amf,1731605940000,1.0133917321087205e-06,1731606000000,0,1731606060000,1.956431593202305e-05,1731606120000,4.320729525391305e-05
free5gc,free5gc-amf-7cbccff989-bbx5m,amf,1731606000000,0,1731606060000,1.956431593202305e-05,1731606120000,4.320729525391305e-05,1731606180000,0.0050651270250000385
free5gc,free5gc-amf-7cbccff989-bbx5m,amf,1731606060000,1.956431593202305e-05,1731606120000,4.320729525391305e-05,1731606180000,0.0050651270250000385,1731606240000,0.12560660868823126
free5gc,free5gc-amf-7cbccff989-bbx5m,amf,1731606120000,4.320729525391305e-05,1731606180000,0.0050651270250000385,1731606240000,0.12560660868823126,1731606300000,0.12766709335731125
free5gc,free5gc-amf-7cbccff989-bbx5m,amf,1731606180000,0.0050651270250000385,1731606240000,0.12560660868823126,1731606300000,0.12766709335731125,1731606360000,0.14239285036192167
free5gc,free5gc-amf-7cbccff989-bbx5m,amf,1731606240000,0.12560660868823126,1731606300000,0.12766709335731125,1731606360000,0.14239285036192167,1731606420000,0.16072197419255027
free5gc,free5gc-amf-7cbccff989-bbx5m,amf,1731606300000,0.12766709335731125,1731606360000,0.14239285036192167,1731606420000,0.16072197419255027,1731606480000,0.08723484741288098
free5gc,free5gc-amf-7cbccff989-bbx5m,amf,1731606360000,0.14239285036192167,1731606420000,0.16072197419255027,1731606480000,0.08723484741288098,1731606540000,0.13680531513941538
free5gc,free5gc-amf-7cbccff989-bbx5m,amf,1731606420000,0.16072197419255027,1731606480000,0.08723484741288098,1731606540000,0.13680531513941538,1731606600000,0.10789884451499143
free5gc,free5gc-amf-7cbccff989-bbx5m,amf,1731606480000,0.08723484741288098,1731606540000,0.13680531513941538,1731606600000,0.10789884451499143,1731606660000,0.10656442492832605
free5gc,free5gc-amf-7cbccff989-bbx5m,amf,1731606540000,0.13680531513941538,1731606600000,0.10789884451499143,1731606660000,0.10656442492832605,1731606720000,0.11493603305602773
free5gc,free5gc-amf-7cbccff989-bbx5m,amf,1731606600000,0.10789884451499143,1731606660000,0.10656442492832605,1731606720000,0.11493603305602773,1731606780000,0.14350026069191135
free5gc,free5gc-amf-7cbccff989-bbx5m,amf,1731606660000,0.10656442492832605,1731606720000,0.11493603305602773,1731606780000,0.14350026069191135,1731606840000,0.14174905753065642
free5gc,free5gc-amf-7cbccff989-bbx5m,amf,1731606720000,0.11493603305602773,1731606780000,0.14350026069191135,1731606840000,0.14174905753065642,1731606900000,0.1511643092673065
free5gc,free5gc-amf-7cbccff989-bbx5m,amf,1731606780000,0.14350026069191135,1731606840000,0.14174905753065642,1731606900000,0.1511643092673065,1731606960000,0.13667841546306234
free5gc,free5gc-amf-7cbccff989-bbx5m,amf,1731606840000,0.14174905753065642,1731606900000,0.1511643092673065,1731606960000,0.13667841546306234,1731607020000,0.1301661062783097
free5gc,free5gc-amf-7cbccff989-bbx5m,amf,1731606900000,0.1511643092673065,1731606960000,0.13667841546306234,1731607020000,0.1301661062783097,1731607080000,0.14858294142177175
free5gc,free5gc-amf-7cbccff989-bbx5m,amf,1731606960000,0.13667841546306234,1731607020000,0.1301661062783097,1731607080000,0.14858294142177175,1731607140000,0.13024273187888555
free5gc,free5gc-amf-7cbccff989-bbx5m,amf,1731607020000,0.1301661062783097,1731607080000,0.14858294142177175,1731607140000,0.13024273187888555,1731607200000,0.14204027546097617
free5gc,free5gc-amf-7cbccff989-bbx5m,amf,1731607080000,0.14858294142177175,1731607140000,0.13024273187888555,1731607200000,0.14204027546097617,1731607260000,0.11390772015527555
free5gc,free5gc-amf-7cbccff989-bbx5m,amf,1731607140000,0.13024273187888555,1731607200000,0.14204027546097617,1731607260000,0.11390772015527555,1731607320000,0.10932562451895345
free5gc,free5gc-amf-7cbccff989-bbx5m,amf,1731607200000,0.14204027546097617,1731607260000,0.11390772015527555,1731607320000,0.10932562451895345,1731607380000,0.10339739460858173
free5gc,free5gc-amf-7cbccff989-bbx5m,amf,1731607260000,0.11390772015527555,1731607320000,0.10932562451895345,1731607380000,0.10339739460858173,1731607440000,0.1482505383616987
free5gc,free5gc-amf-7cbccff989-bbx5m,amf,1731607320000,0.10932562451895345,1731607380000,0.10339739460858173,1731607440000,0.1482505383616987,1731607500000,0.13744689502570356
free5gc,free5gc-amf-7cbccff989-bbx5m,amf,1731607380000,0.10339739460858173,1731607440000,0.1482505383616987,1731607500000,0.13744689502570356,1731607560000,0.10973214864526418
free5gc,free5gc-amf-7cbccff989-bbx5m,amf,1731607440000,0.1482505383616987,1731607500000,0.13744689502570356,1731607560000,0.10973214864526418,1731607620000,0.10262355077497523
free5gc,free5gc-amf-7cbccff989-bbx5m,amf,1731607500000,0.13744689502570356,1731607560000,0.10973214864526418,1731607620000,0.10262355077497523,1731607680000,0.055411087655288974
free5gc,free5gc-amf-7cbccff989-bbx5m,amf,1731607560000,0.10973214864526418,1731607620000,0.10262355077497523,1731607680000,0.055411087655288974,1731607740000,0.19682397768553256
free5gc,free5gc-amf-7cbccff989-bbx5m,amf,1731607620000,0.10262355077497523,1731607680000,0.055411087655288974,1731607740000,0.19682397768553256,1731607800000,0.12515610055934973
free5gc,free5gc-amf-7cbccff989-bbx5m,amf,1731607680000,0.055411087655288974,1731607740000,0.19682397768553256,1731607800000,0.12515610055934973,1731607860000,0.12335521608829
free5gc,free5gc-amf-7cbccff989-bbx5m,amf,1731607740000,0.19682397768553256,1731607800000,0.12515610055934973,1731607860000,0.12335521608829,1731607920000,0.1807381537431784
free5gc,free5gc-amf-7cbccff989-bbx5m,amf,1731607800000,0.12515610055934973,1731607860000,0.12335521608829,1731607920000,0.1807381537431784,1731607980000,0.12916379881160858
free5gc,free5gc-amf-7cbccff989-bbx5m,amf,1731607860000,0.12335521608829,1731607920000,0.1807381537431784,1731607980000,0.12916379881160858,1731608040000,0.15232005766335702
free5gc,free5gc-amf-7cbccff989-bbx5m,amf,1731607920000,0.1807381537431784,1731607980000,0.12916379881160858,1731608040000,0.15232005766335702,1731608100000,0.11614499198875793
free5gc,free5gc-amf-7cbccff989-bbx5m,amf,1731607980000,0.12916379881160858,1731608040000,0.15232005766335702,1731608100000,0.11614499198875793,1731608160000,0.1002599530976993
free5gc,free5gc-amf-7cbccff989-bbx5m,amf,1731608040000,0.15232005766335702,1731608100000,0.11614499198875793,1731608160000,0.1002599530976993,1731608220000,0.17096556557432235
free5gc,free5gc-amf-7cbccff989-bbx5m,amf,1731608100000,0.11614499198875793,1731608160000,0.1002599530976993,1731608220000,0.17096556557432235,1731608280000,0.15086383883035967
free5gc,free5gc-amf-7cbccff989-bbx5m,amf,1731608160000,0.1002599530976993,1731608220000,0.17096556557432235,1731608280000,0.15086383883035967,1731608340000,0.16857045303174417
free5gc,free5gc-amf-7cbccff989-bbx5m,amf,1731608220000,0.17096556557432235,1731608280000,0.15086383883035967,1731608340000,0.16857045303174417,1731608400000,0.1497842645034644
free5gc,free5gc-amf-7cbccff989-bbx5m,amf,1731608280000,0.15086383883035967,1731608340000,0.16857045303174417,1731608400000,0.1497842645034644,1731608460000,0.18771976402577953
free5gc,free5gc-amf-7cbccff989-bbx5m,amf,1731608340000,0.16857045303174417,1731608400000,0.1497842645034644,1731608460000,0.18771976402577953,1731608520000,0.11405509532474387
free5gc,free5gc-amf-7cbccff989-bbx5m,amf,1731608400000,0.1497842645034644,1731608460000,0.18771976402577953,1731608520000,0.11405509532474387,1731608580000,0.13250311096309156
free5gc,free5gc-amf-7cbccff989-bbx5m,amf,1731608460000,0.18771976402577953,1731608520000,0.11405509532474387,1731608580000,0.13250311096309156,1731608640000,0.1236007039557718
free5gc,free5gc-amf-7cbccff989-bbx5m,amf,1731608520000,0.11405509532474387,1731608580000,0.13250311096309156,1731608640000,0.1236007039557718,1731608700000,0.14720036767322758
free5gc,free5gc-amf-7cbccff989-bbx5m,amf,1731608580000,0.13250311096309156,1731608640000,0.1236007039557718,1731608700000,0.14720036767322758,1731608760000,0.18491180817408448
free5gc,free5gc-amf-7cbccff989-bbx5m,amf,1731608640000,0.1236007039557718,1731608700000,0.14720036767322758,1731608760000,0.18491180817408448,1731608820000,0.09739820280695319
free5gc,free5gc-amf-7cbccff989-bbx5m,amf,1731608700000,0.14720036767322758,1731608760000,0.18491180817408448,1731608820000,0.09739820280695319,1731608880000,0.12285592025840442
free5gc,free5gc-amf-7cbccff989-bbx5m,amf,1731608760000,0.18491180817408448,1731608820000,0.09739820280695319,1731608880000,0.12285592025840442,1731608940000,0.1583031156299371
free5gc,free5gc-amf-7cbccff989-bbx5m,amf,1731608820000,0.09739820280695319,1731608880000,0.12285592025840442,1731608940000,0.1583031156299371,1731609000000,0.2497299427800428
free5gc,free5gc-amf-7cbccff989-bbx5m,amf,1731608880000,0.12285592025840442,1731608940000,0.1583031156299371,1731609000000,0.2497299427800428,1731609060000,0.12277285691801391
free5gc,free5gc-amf-7cbccff989-bbx5m,amf,1731608940000,0.1583031156299371,1731609000000,0.2497299427800428,1731609060000,0.12277285691801391,1731609120000,1.7986033010409697e-06
free5gc,free5gc-amf-7cbccff989-bbx5m,amf,1731609000000,0.2497299427800428,1731609060000,0.12277285691801391,1731609120000,1.7986033010409697e-06,1731609180000,5.9946108239090805e-05
free5gc,free5gc-amf-7cbccff989-bbx5m,amf,1731609060000,0.12277285691801391,1731609120000,1.7986033010409697e-06,1731609180000,5.9946108239090805e-05,1731609240000,1.1748566827745303e-06
free5gc,free5gc-amf-7cbccff989-bbx5m,amf,1731609120000,1.7986033010409697e-06,1731609180000,5.9946108239090805e-05,1731609240000,1.1748566827745303e-06,1731609300000,0.00729116058696187
free5gc,free5gc-amf-7cbccff989-bbx5m,amf,1731609180000,5.9946108239090805e-05,1731609240000,1.1748566827745303e-06,1731609300000,0.00729116058696187,1731609360000,0.11420334683130828
free5gc,free5gc-amf-7cbccff989-bbx5m,amf,1731609240000,1.1748566827745303e-06,1731609300000,0.00729116058696187,1731609360000,0.11420334683130828,1731609420000,0.07766795996760777
free5gc,free5gc-amf-7cbccff989-bbx5m,amf,1731609300000,0.00729116058696187,1731609360000,0.11420334683130828,1731609420000,0.07766795996760777,1731609480000,0.06513358698199026
free5gc,free5gc-amf-7cbccff989-bbx5m,amf,1731609360000,0.11420334683130828,1731609420000,0.07766795996760777,1731609480000,0.06513358698199026,1731609540000,0.06370070551246727
free5gc,free5gc-amf-7cbccff989-bbx5m,amf,1731609420000,0.07766795996760777,1731609480000,0.06513358698199026,1731609540000,0.06370070551246727,1731609600000,0.09168444984618104
free5gc,free5gc-amf-7cbccff989-bbx5m,amf,1731609480000,0.06513358698199026,1731609540000,0.06370070551246727,1731609600000,0.09168444984618104,1731609660000,0.07139821846335988
free5gc,free5gc-amf-7cbccff989-bbx5m,amf,1731609540000,0.06370070551246727,1731609600000,0.09168444984618104,1731609660000,0.07139821846335988,1731609720000,0.0506378108172285
free5gc,free5gc-amf-7cbccff989-bbx5m,amf,1731609600000,0.09168444984618104,1731609660000,0.07139821846335988,1731609720000,0.0506378108172285,1731609780000,0.1186557206884622
free5gc,free5gc-amf-7cbccff989-bbx5m,amf,1731609660000,0.07139821846335988,1731609720000,0.0506378108172285,1731609780000,0.1186557206884622,1731609840000,0.09163086161395538
free5gc,free5gc-amf-7cbccff989-bbx5m,amf,1731609720000,0.0506378108172285,1731609780000,0.1186557206884622,1731609840000,0.09163086161395538,1731609900000,0.05152508834091237
free5gc,free5gc-amf-7cbccff989-bbx5m,amf,1731609780000,0.1186557206884622,1731609840000,0.09163086161395538,1731609900000,0.05152508834091237,1731609960000,0.06839747360226511
free5gc,free5gc-amf-7cbccff989-bbx5m,amf,1731609840000,0.09163086161395538,1731609900000,0.05152508834091237,1731609960000,0.06839747360226511,1731610020000,0.08070467415227987
free5gc,free5gc-amf-7cbccff989-bbx5m,amf,1731609900000,0.05152508834091237,1731609960000,0.06839747360226511,1731610020000,0.08070467415227987,1731610080000,0.13045585010644942
free5gc,free5gc-amf-7cbccff989-bbx5m,amf,1731609960000,0.06839747360226511,1731610020000,0.08070467415227987,1731610080000,0.13045585010644942,1731610140000,0.08185682174927071
free5gc,free5gc-amf-7cbccff989-bbx5m,amf,1731610020000,0.08070467415227987,1731610080000,0.13045585010644942,1731610140000,0.08185682174927071,1731610200000,0.08805278360161366
free5gc,free5gc-amf-7cbccff989-bbx5m,amf,1731610080000,0.13045585010644942,1731610140000,0.08185682174927071,1731610200000,0.08805278360161366,1731610260000,0.0491829143432917
free5gc,free5gc-amf-7cbccff989-bbx5m,amf,1731610140000,0.08185682174927071,1731610200000,0.08805278360161366,1731610260000,0.0491829143432917,1731610320000,0.05851362083997458
free5gc,free5gc-amf-7cbccff989-bbx5m,amf,1731610200000,0.08805278360161366,1731610260000,0.0491829143432917,1731610320000,0.05851362083997458,1731610380000,0.046517606185189936
free5gc,free5gc-amf-7cbccff989-bbx5m,amf,1731610260000,0.0491829143432917,1731610320000,0.05851362083997458,1731610380000,0.046517606185189936,1731610440000,0.059616712980303
free5gc,free5gc-amf-7cbccff989-bbx5m,amf,1731610320000,0.05851362083997458,1731610380000,0.046517606185189936,1731610440000,0.059616712980303,1731610500000,0.10130540608963205
free5gc,free5gc-amf-7cbccff989-bbx5m,amf,1731610380000,0.046517606185189936,1731610440000,0.059616712980303,1731610500000,0.10130540608963205,1731610560000,0.05946277823320367
free5gc,free5gc-amf-7cbccff989-bbx5m,amf,1731610440000,0.059616712980303,1731610500000,0.10130540608963205,1731610560000,0.05946277823320367,1731610620000,0.05854230226587984
free5gc,free5gc-amf-7cbccff989-bbx5m,amf,1731610500000,0.10130540608963205,1731610560000,0.05946277823320367,1731610620000,0.05854230226587984,1731610680000,0.07232748690460182
free5gc,free5gc-amf-7cbccff989-bbx5m,amf,1731610560000,0.05946277823320367,1731610620000,0.05854230226587984,1731610680000,0.07232748690460182,1731610740000,0.10735551793950598
free5gc,free5gc-amf-7cbccff989-bbx5m,amf,1731610620000,0.05854230226587984,1731610680000,0.07232748690460182,1731610740000,0.10735551793950598,1731610800000,0.09994358800791349
free5gc,free5gc-amf-7cbccff989-bbx5m,amf,1731610680000,0.07232748690460182,1731610740000,0.10735551793950598,1731610800000,0.09994358800791349,1731610860000,0.09686018471770848
free5gc,free5gc-amf-7cbccff989-bbx5m,amf,1731610740000,0.10735551793950598,1731610800000,0.09994358800791349,1731610860000,0.09686018471770848,1731610920000,0.06457980617527717
free5gc,free5gc-amf-7cbccff989-bbx5m,amf,1731610800000,0.09994358800791349,1731610860000,0.09686018471770848,1731610920000,0.06457980617527717,1731610980000,0.10603812597083753
free5gc,free5gc-amf-7cbccff989-bbx5m,amf,1731610860000,0.09686018471770848,1731610920000,0.06457980617527717,1731610980000,0.10603812597083753,1731611040000,0.058873509761564864
free5gc,free5gc-amf-7cbccff989-bbx5m,amf,1731610920000,0.06457980617527717,1731610980000,0.10603812597083753,1731611040000,0.058873509761564864,1731611100000,0.09487022764099397
free5gc,free5gc-amf-7cbccff989-bbx5m,amf,1731610980000,0.10603812597083753,1731611040000,0.058873509761564864,1731611100000,0.09487022764099397,1731611160000,0.0627950347473264
free5gc,free5gc-amf-7cbccff989-bbx5m,amf,1731611040000,0.058873509761564864,1731611100000,0.09487022764099397,1731611160000,0.0627950347473264,1731611220000,0.07405543202866473
free5gc,free5gc-amf-7cbccff989-bbx5m,amf,1731611100000,0.09487022764099397,1731611160000,0.0627950347473264,1731611220000,0.07405543202866473,1731611280000,0.12407948219830953
free5gc,free5gc-amf-7cbccff989-bbx5m,amf,1731611160000,0.0627950347473264,1731611220000,0.07405543202866473,1731611280000,0.12407948219830953,1731611340000,0.07250177949819196
free5gc,free5gc-amf-7cbccff989-bbx5m,amf,1731611220000,0.07405543202866473,1731611280000,0.12407948219830953,1731611340000,0.07250177949819196,1731611400000,0.1054812947285919
free5gc,free5gc-amf-7cbccff989-bbx5m,amf,1731611280000,0.12407948219830953,1731611340000,0.07250177949819196,1731611400000,0.1054812947285919,1731611460000,0.060477295500633445
free5gc,free5gc-amf-7cbccff989-bbx5m,amf,1731611340000,0.07250177949819196,1731611400000,0.1054812947285919,1731611460000,0.060477295500633445,1731611520000,0.05579186195640296
free5gc,free5gc-amf-7cbccff989-bbx5m,amf,1731611400000,0.1054812947285919,1731611460000,0.060477295500633445,1731611520000,0.05579186195640296,1731611580000,0.0489137807499958
free5gc,free5gc-amf-7cbccff989-bbx5m,amf,1731611460000,0.060477295500633445,1731611520000,0.05579186195640296,1731611580000,0.0489137807499958,1731611640000,0.10384110242912209
free5gc,free5gc-amf-7cbccff989-bbx5m,amf,1731611520000,0.05579186195640296,1731611580000,0.0489137807499958,1731611640000,0.10384110242912209,1731611700000,0.05446691925479276
free5gc,free5gc-amf-7cbccff989-bbx5m,amf,1731611580000,0.0489137807499958,1731611640000,0.10384110242912209,1731611700000,0.05446691925479276,1731611760000,0.08321673348959374
free5gc,free5gc-amf-7cbccff989-bbx5m,amf,1731611640000,0.10384110242912209,1731611700000,0.05446691925479276,1731611760000,0.08321673348959374,1731611820000,0.0821530503040751
free5gc,free5gc-amf-7cbccff989-bbx5m,amf,1731611700000,0.05446691925479276,1731611760000,0.08321673348959374,1731611820000,0.0821530503040751,1731611880000,0.07003080626455246
free5gc,free5gc-amf-7cbccff989-bbx5m,amf,1731611760000,0.08321673348959374,1731611820000,0.0821530503040751,1731611880000,0.07003080626455246,1731611940000,0.06909593690945433
free5gc,free5gc-amf-7cbccff989-bbx5m,amf,1731611820000,0.0821530503040751,1731611880000,0.07003080626455246,1731611940000,0.06909593690945433,1731612000000,0.11301032540928083
free5gc,free5gc-amf-7cbccff989-bbx5m,amf,1731611880000,0.07003080626455246,1731611940000,0.06909593690945433,1731612000000,0.11301032540928083,1731612060000,0.08896719604895242
free5gc,free5gc-amf-7cbccff989-bbx5m,amf,1731611940000,0.06909593690945433,1731612000000,0.11301032540928083,1731612060000,0.08896719604895242,1731612120000,0.10827322715802902
free5gc,free5gc-amf-7cbccff989-bbx5m,amf,1731612000000,0.11301032540928083,1731612060000,0.08896719604895242,1731612120000,0.10827322715802902,1731612180000,0.1345576297850269
free5gc,free5gc-amf-7cbccff989-bbx5m,amf,1731612060000,0.08896719604895242,1731612120000,0.10827322715802902,1731612180000,0.1345576297850269,1731612240000,0.06603828368012794
free5gc,free5gc-amf-7cbccff989-bbx5m,amf,1731612120000,0.10827322715802902,1731612180000,0.1345576297850269,1731612240000,0.06603828368012794,1731612300000,0.09415386936747948
free5gc,free5gc-amf-7cbccff989-bbx5m,amf,1731612180000,0.1345576297850269,1731612240000,0.06603828368012794,1731612300000,0.09415386936747948,1731612360000,0.059052863133397554
free5gc,free5gc-amf-7cbccff989-bbx5m,amf,1731612240000,0.06603828368012794,1731612300000,0.09415386936747948,1731612360000,0.059052863133397554,1731612420000,0.10411446498140928
free5gc,free5gc-amf-7cbccff989-bbx5m,amf,1731612300000,0.09415386936747948,1731612360000,0.059052863133397554,1731612420000,0.10411446498140928,1731612480000,0.029100968850002573
free5gc,free5gc-amf-7cbccff989-bbx5m,amf,1731612360000,0.059052863133397554,1731612420000,0.10411446498140928,1731612480000,0.029100968850002573,1731612540000,0.09745464686632556
free5gc,free5gc-amf-7cbccff989-bbx5m,amf,1731612420000,0.10411446498140928,1731612480000,0.029100968850002573,1731612540000,0.09745464686632556,1731612600000,0.08027112852033058
free5gc,free5gc-amf-7cbccff989-bbx5m,amf,1731612480000,0.029100968850002573,1731612540000,0.09745464686632556,1731612600000,0.08027112852033058,1731612660000,0.05595236245113288
free5gc,free5gc-amf-7cbccff989-bbx5m,amf,1731612540000,0.09745464686632556,1731612600000,0.08027112852033058,1731612660000,0.05595236245113288,1731612720000,0.09744629449119478
free5gc,free5gc-amf-7cbccff989-bbx5m,amf,1731612600000,0.08027112852033058,1731612660000,0.05595236245113288,1731612720000,0.09744629449119478,1731612780000,0.06666868503865951
free5gc,free5gc-amf-7cbccff989-bbx5m,amf,1731612660000,0.05595236245113288,1731612720000,0.09744629449119478,1731612780000,0.06666868503865951,1731612840000,0.07683123857352603
free5gc,free5gc-amf-7cbccff989-bbx5m,amf,1731612720000,0.09744629449119478,1731612780000,0.06666868503865951,1731612840000,0.07683123857352603,1731612900000,0.07750878242133089
free5gc,free5gc-amf-7cbccff989-bbx5m,amf,1731612780000,0.06666868503865951,1731612840000,0.07683123857352603,1731612900000,0.07750878242133089,1731612960000,0.09754318665822409
free5gc,free5gc-amf-7cbccff989-bbx5m,amf,1731612840000,0.07683123857352603,1731612900000,0.07750878242133089,1731612960000,0.09754318665822409,1731613020000,0.10936784508222058
free5gc,free5gc-amf-7cbccff989-bbx5m,amf,1731612900000,0.07750878242133089,1731612960000,0.09754318665822409,1731613020000,0.10936784508222058,1731613080000,0.04787981613813304
free5gc,free5gc-amf-7cbccff989-bbx5m,amf,1731612960000,0.09754318665822409,1731613020000,0.10936784508222058,1731613080000,0.04787981613813304,1731613140000,0.020947632738635077
free5gc,free5gc-amf-7cbccff989-bbx5m,amf,1731613020000,0.10936784508222058,1731613080000,0.04787981613813304,1731613140000,0.020947632738635077,1731613200000,0.08348325550336211
free5gc,free5gc-amf-7cbccff989-bbx5m,amf,1731613080000,0.04787981613813304,1731613140000,0.020947632738635077,1731613200000,0.08348325550336211,1731613260000,0.024994455855895565
free5gc,free5gc-amf-7cbccff989-bbx5m,amf,1731613140000,0.020947632738635077,1731613200000,0.08348325550336211,1731613260000,0.024994455855895565,1731613320000,0.06746553984437115
free5gc,free5gc-amf-7cbccff989-bbx5m,amf,1731613200000,0.08348325550336211,1731613260000,0.024994455855895565,1731613320000,0.06746553984437115,1731613380000,0.05647368410085689
free5gc,free5gc-amf-7cbccff989-bbx5m,amf,1731613260000,0.024994455855895565,1731613320000,0.06746553984437115,1731613380000,0.05647368410085689,1731613440000,0.09630340534314705
free5gc,free5gc-amf-7cbccff989-bbx5m,amf,1731613320000,0.06746553984437115,1731613380000,0.05647368410085689,1731613440000,0.09630340534314705,1731613500000,0.07160190519652676
free5gc,free5gc-amf-7cbccff989-bbx5m,amf,1731613380000,0.05647368410085689,1731613440000,0.09630340534314705,1731613500000,0.07160190519652676,1731613560000,0.09207364837132778
free5gc,free5gc-amf-7cbccff989-bbx5m,amf,1731613440000,0.09630340534314705,1731613500000,0.07160190519652676,1731613560000,0.09207364837132778,1731613620000,0.07815492068167615
free5gc,free5gc-amf-7cbccff989-bbx5m,amf,1731613500000,0.07160190519652676,1731613560000,0.09207364837132778,1731613620000,0.07815492068167615,1731613680000,0.07550761396524718
free5gc,free5gc-amf-7cbccff989-bbx5m,amf,1731613560000,0.09207364837132778,1731613620000,0.07815492068167615,1731613680000,0.07550761396524718,1731613740000,0.053152407287179515
free5gc,free5gc-amf-7cbccff989-bbx5m,amf,1731613620000,0.07815492068167615,1731613680000,0.07550761396524718,1731613740000,0.053152407287179515,1731613800000,0.07388622581888837
free5gc,free5gc-amf-7cbccff989-bbx5m,amf,1731613680000,0.07550761396524718,1731613740000,0.053152407287179515,1731613800000,0.07388622581888837,1731613860000,0.035549184656240164
free5gc,free5gc-amf-7cbccff989-bbx5m,amf,1731613740000,0.053152407287179515,1731613800000,0.07388622581888837,1731613860000,0.035549184656240164,1731613920000,0.07700837382181826
free5gc,free5gc-amf-7cbccff989-bbx5m,amf,1731613800000,0.07388622581888837,1731613860000,0.035549184656240164,1731613920000,0.07700837382181826,1731613980000,0.04140495615866362
free5gc,free5gc-amf-7cbccff989-bbx5m,amf,1731613860000,0.035549184656240164,1731613920000,0.07700837382181826,1731613980000,0.04140495615866362,1731614040000,0.07397503538416478
free5gc,free5gc-amf-7cbccff989-bbx5m,amf,1731613920000,0.07700837382181826,1731613980000,0.04140495615866362,1731614040000,0.07397503538416478,1731614100000,0.06628312576848928
free5gc,free5gc-amf-7cbccff989-bbx5m,amf,1731613980000,0.04140495615866362,1731614040000,0.07397503538416478,1731614100000,0.06628312576848928,1731614160000,0.06851053902939491
free5gc,free5gc-amf-7cbccff989-bbx5m,amf,1731614040000,0.07397503538416478,1731614100000,0.06628312576848928,1731614160000,0.06851053902939491,1731614220000,0.10910888641946549
free5gc,free5gc-amf-7cbccff989-bbx5m,amf,1731614100000,0.06628312576848928,1731614160000,0.06851053902939491,1731614220000,0.10910888641946549,1731614280000,0.0933054290781596
free5gc,free5gc-amf-7cbccff989-bbx5m,amf,1731614160000,0.06851053902939491,1731614220000,0.10910888641946549,1731614280000,0.0933054290781596,1731614340000,0.03784833800053209
free5gc,free5gc-amf-7cbccff989-bbx5m,amf,1731614220000,0.10910888641946549,1731614280000,0.0933054290781596,1731614340000,0.03784833800053209,1731614400000,0.06824244457923018
free5gc,free5gc-amf-7cbccff989-bbx5m,amf,1731614280000,0.0933054290781596,1731614340000,0.03784833800053209,1731614400000,0.06824244457923018,1731614460000,0.08462951797610535
free5gc,free5gc-amf-7cbccff989-bbx5m,amf,1731614340000,0.03784833800053209,1731614400000,0.06824244457923018,1731614460000,0.08462951797610535,1731614520000,0.05311947879417495
free5gc,free5gc-amf-7cbccff989-bbx5m,amf,1731614400000,0.06824244457923018,1731614460000,0.08462951797610535,1731614520000,0.05311947879417495,1731614580000,0.09220601454885784
free5gc,free5gc-amf-7cbccff989-bbx5m,amf,1731614460000,0.08462951797610535,1731614520000,0.05311947879417495,1731614580000,0.09220601454885784,1731614640000,0.06791171078111208
free5gc,free5gc-amf-7cbccff989-bbx5m,amf,1731614520000,0.05311947879417495,1731614580000,0.09220601454885784,1731614640000,0.06791171078111208,1731614700000,0.059129777093345784
free5gc,free5gc-amf-7cbccff989-bbx5m,amf,1731614580000,0.09220601454885784,1731614640000,0.06791171078111208,1731614700000,0.059129777093345784,1731614760000,0.08761043193599011
free5gc,free5gc-amf-7cbccff989-bbx5m,amf,1731614640000,0.06791171078111208,1731614700000,0.059129777093345784,1731614760000,0.08761043193599011,1731614820000,0.09298293102239646
free5gc,free5gc-amf-7cbccff989-bbx5m,amf,1731614700000,0.059129777093345784,1731614760000,0.08761043193599011,1731614820000,0.09298293102239646,1731614880000,0.07856760813415534
free5gc,free5gc-amf-7cbccff989-bbx5m,amf,1731614760000,0.08761043193599011,1731614820000,0.09298293102239646,1731614880000,0.07856760813415534,1731614940000,0.053060365423729966
free5gc,free5gc-amf-7cbccff989-bbx5m,amf,1731614820000,0.09298293102239646,1731614880000,0.07856760813415534,1731614940000,0.053060365423729966,1731615000000,0.09817647960537389
free5gc,free5gc-amf-7cbccff989-bbx5m,amf,1731614880000,0.07856760813415534,1731614940000,0.053060365423729966,1731615000000,0.09817647960537389,1731615060000,0.0814600610155305
free5gc,free5gc-amf-7cbccff989-bbx5m,amf,1731614940000,0.053060365423729966,1731615000000,0.09817647960537389,1731615060000,0.0814600610155305,1731615120000,0.06632999910331762
free5gc,free5gc-amf-7cbccff989-bbx5m,amf,1731615000000,0.09817647960537389,1731615060000,0.0814600610155305,1731615120000,0.06632999910331762,1731615180000,0.05712387985111126
free5gc,free5gc-amf-7cbccff989-bbx5m,amf,1731615060000,0.0814600610155305,1731615120000,0.06632999910331762,1731615180000,0.05712387985111126,1731615240000,0.11179520501270392
free5gc,free5gc-amf-7cbccff989-bbx5m,amf,1731615120000,0.06632999910331762,1731615180000,0.05712387985111126,1731615240000,0.11179520501270392,1731615300000,0.10096158943577326
free5gc,free5gc-amf-7cbccff989-bbx5m,amf,1731615180000,0.05712387985111126,1731615240000,0.11179520501270392,1731615300000,0.10096158943577326,1731615360000,0.10125695116322384
free5gc,free5gc-amf-7cbccff989-bbx5m,amf,1731615240000,0.11179520501270392,1731615300000,0.10096158943577326,1731615360000,0.10125695116322384,1731615420000,0.04584632162315237
free5gc,free5gc-amf-7cbccff989-bbx5m,amf,1731615300000,0.10096158943577326,1731615360000,0.10125695116322384,1731615420000,0.04584632162315237,1731615480000,0.10747876037599112
free5gc,free5gc-amf-7cbccff989-bbx5m,amf,1731615360000,0.10125695116322384,1731615420000,0.04584632162315237,1731615480000,0.10747876037599112,1731615540000,0.05427515679706277
free5gc,free5gc-amf-7cbccff989-bbx5m,amf,1731615420000,0.04584632162315237,1731615480000,0.10747876037599112,1731615540000,0.05427515679706277,1731615600000,0.06792657562422244
free5gc,free5gc-amf-7cbccff989-bbx5m,amf,1731615480000,0.10747876037599112,1731615540000,0.05427515679706277,1731615600000,0.06792657562422244,1731615660000,0.06491121286259921
free5gc,free5gc-amf-7cbccff989-bbx5m,amf,1731615540000,0.05427515679706277,1731615600000,0.06792657562422244,1731615660000,0.06491121286259921,1731615720000,0.052046432426698805
free5gc,free5gc-amf-7cbccff989-bbx5m,amf,1731615600000,0.06792657562422244,1731615660000,0.06491121286259921,1731615720000,0.052046432426698805,1731615780000,0.0937829244060962
free5gc,free5gc-amf-7cbccff989-bbx5m,amf,1731615660000,0.06491121286259921,1731615720000,0.052046432426698805,1731615780000,0.0937829244060962,1731615840000,0.053897466164629676
free5gc,free5gc-amf-7cbccff989-bbx5m,amf,1731615720000,0.052046432426698805,1731615780000,0.0937829244060962,1731615840000,0.053897466164629676,1731615900000,0.058925071006357896
free5gc,free5gc-amf-7cbccff989-bbx5m,amf,1731615780000,0.0937829244060962,1731615840000,0.053897466164629676,1731615900000,0.058925071006357896,1731615960000,0.05008821148363987
free5gc,free5gc-amf-7cbccff989-bbx5m,amf,1731615840000,0.053897466164629676,1731615900000,0.058925071006357896,1731615960000,0.05008821148363987,1731616020000,0.07262597648766767
free5gc,free5gc-amf-7cbccff989-bbx5m,amf,1731615900000,0.058925071006357896,1731615960000,0.05008821148363987,1731616020000,0.07262597648766767,1731616080000,0.1044435205110522
free5gc,free5gc-amf-7cbccff989-bbx5m,amf,1731615960000,0.05008821148363987,1731616020000,0.07262597648766767,1731616080000,0.1044435205110522,1731616140000,0.045150478421311126
free5gc,free5gc-amf-7cbccff989-bbx5m,amf,1731616020000,0.07262597648766767,1731616080000,0.1044435205110522,1731616140000,0.045150478421311126,1731616200000,0.06325296555074472
free5gc,free5gc-amf-7cbccff989-bbx5m,amf,1731616080000,0.1044435205110522,1731616140000,0.045150478421311126,1731616200000,0.06325296555074472,1731616260000,0.06512803191177141
free5gc,free5gc-amf-7cbccff989-bbx5m,amf,1731616140000,0.045150478421311126,1731616200000,0.06325296555074472,1731616260000,0.06512803191177141,1731616320000,0.05701886012609187
free5gc,free5gc-amf-7cbccff989-bbx5m,amf,1731616200000,0.06325296555074472,1731616260000,0.06512803191177141,1731616320000,0.05701886012609187,1731616380000,0.07227861829561248
free5gc,free5gc-amf-7cbccff989-bbx5m,amf,1731616260000,0.06512803191177141,1731616320000,0.05701886012609187,1731616380000,0.07227861829561248,1731616440000,0.060149912987718615
free5gc,free5gc-amf-7cbccff989-bbx5m,amf,1731616320000,0.05701886012609187,1731616380000,0.07227861829561248,1731616440000,0.060149912987718615,1731616500000,0.05741865794703946
free5gc,free5gc-amf-7cbccff989-bbx5m,amf,1731616380000,0.07227861829561248,1731616440000,0.060149912987718615,1731616500000,0.05741865794703946,1731616560000,0.07436729218044244
free5gc,free5gc-amf-7cbccff989-bbx5m,amf,1731616440000,0.060149912987718615,1731616500000,0.05741865794703946,1731616560000,0.07436729218044244,1731616620000,0.10722341750746488
free5gc,free5gc-amf-7cbccff989-bbx5m,amf,1731616500000,0.05741865794703946,1731616560000,0.07436729218044244,1731616620000,0.10722341750746488,1731616680000,0.06889245128273337
free5gc,free5gc-amf-7cbccff989-bbx5m,amf,1731616560000,0.07436729218044244,1731616620000,0.10722341750746488,1731616680000,0.06889245128273337,1731616740000,0.0510614093959774
free5gc,free5gc-amf-7cbccff989-bbx5m,amf,1731616620000,0.10722341750746488,1731616680000,0.06889245128273337,1731616740000,0.0510614093959774,1731616800000,0.061945798375317045
free5gc,free5gc-amf-7cbccff989-bbx5m,amf,1731616680000,0.06889245128273337,1731616740000,0.0510614093959774,1731616800000,0.061945798375317045,1731616860000,0.12028672728577629
free5gc,free5gc-amf-7cbccff989-bbx5m,amf,1731616740000,0.0510614093959774,1731616800000,0.061945798375317045,1731616860000,0.12028672728577629,1731616920000,0.07323255977064393
free5gc,free5gc-amf-7cbccff989-bbx5m,amf,1731616800000,0.061945798375317045,1731616860000,0.12028672728577629,1731616920000,0.07323255977064393,1731616980000,0.03863927370343143
free5gc,free5gc-amf-7cbccff989-bbx5m,amf,1731616860000,0.12028672728577629,1731616920000,0.07323255977064393,1731616980000,0.03863927370343143,1731617040000,0.08441132835511596
free5gc,free5gc-amf-7cbccff989-bbx5m,amf,1731616920000,0.07323255977064393,1731616980000,0.03863927370343143,1731617040000,0.08441132835511596,1731617100000,0.08760519892506782
free5gc,free5gc-amf-7cbccff989-bbx5m,amf,1731616980000,0.03863927370343143,1731617040000,0.08441132835511596,1731617100000,0.08760519892506782,1731617160000,0.09499798084043172
free5gc,free5gc-amf-7cbccff989-bbx5m,amf,1731617040000,0.08441132835511596,1731617100000,0.08760519892506782,1731617160000,0.09499798084043172,1731617220000,0.09110923343874237
free5gc,free5gc-amf-7cbccff989-bbx5m,amf,1731617100000,0.08760519892506782,1731617160000,0.09499798084043172,1731617220000,0.09110923343874237,1731617280000,0.07895268020474557
free5gc,free5gc-amf-7cbccff989-bbx5m,amf,1731617160000,0.09499798084043172,1731617220000,0.09110923343874237,1731617280000,0.07895268020474557,1731617340000,0.07733243719454833
free5gc,free5gc-amf-7cbccff989-bbx5m,amf,1731617220000,0.09110923343874237,1731617280000,0.07895268020474557,1731617340000,0.07733243719454833,1731617400000,0.08206666296409273
free5gc,free5gc-amf-7cbccff989-bbx5m,amf,1731617280000,0.07895268020474557,1731617340000,0.07733243719454833,1731617400000,0.08206666296409273,1731617460000,0.055619338171963385
free5gc,free5gc-amf-7cbccff989-bbx5m,amf,1731617340000,0.07733243719454833,1731617400000,0.08206666296409273,1731617460000,0.055619338171963385,1731617520000,0.10842873844284921
free5gc,free5gc-amf-7cbccff989-bbx5m,amf,1731617400000,0.08206666296409273,1731617460000,0.055619338171963385,1731617520000,0.10842873844284921,1731617580000,0.10209412401309571
free5gc,free5gc-amf-7cbccff989-bbx5m,amf,1731617460000,0.055619338171963385,1731617520000,0.10842873844284921,1731617580000,0.10209412401309571,1731617640000,0.06448625981704911
free5gc,free5gc-amf-7cbccff989-bbx5m,amf,1731617520000,0.10842873844284921,1731617580000,0.10209412401309571,1731617640000,0.06448625981704911,1731617700000,0.09353519842672664
free5gc,free5gc-amf-7cbccff989-bbx5m,amf,1731617580000,0.10209412401309571,1731617640000,0.06448625981704911,1731617700000,0.09353519842672664,1731617760000,0.06290209633297389
free5gc,free5gc-amf-7cbccff989-bbx5m,amf,1731617640000,0.06448625981704911,1731617700000,0.09353519842672664,1731617760000,0.06290209633297389,1731617820000,0.08154278005721546
free5gc,free5gc-amf-7cbccff989-bbx5m,amf,1731617700000,0.09353519842672664,1731617760000,0.06290209633297389,1731617820000,0.08154278005721546,1731617880000,0.059322090888232815
free5gc,free5gc-amf-7cbccff989-bbx5m,amf,1731617760000,0.06290209633297389,1731617820000,0.08154278005721546,1731617880000,0.059322090888232815,1731617940000,0.10025656819329613
free5gc,free5gc-amf-7cbccff989-bbx5m,amf,1731617820000,0.08154278005721546,1731617880000,0.059322090888232815,1731617940000,0.10025656819329613,1731618000000,0.05126671100056303
free5gc,free5gc-amf-7cbccff989-bbx5m,amf,1731617880000,0.059322090888232815,1731617940000,0.10025656819329613,1731618000000,0.05126671100056303,1731618060000,0.08241686652751115
free5gc,free5gc-amf-7cbccff989-bbx5m,amf,1731617940000,0.10025656819329613,1731618000000,0.05126671100056303,1731618060000,0.08241686652751115,1731618120000,0.08095011629526604
free5gc,free5gc-amf-7cbccff989-bbx5m,amf,1731618000000,0.05126671100056303,1731618060000,0.08241686652751115,1731618120000,0.08095011629526604,1731618180000,0.10309754472791097
free5gc,free5gc-amf-7cbccff989-bbx5m,amf,1731618060000,0.08241686652751115,1731618120000,0.08095011629526604,1731618180000,0.10309754472791097,1731618240000,0.11295295165965974
free5gc,free5gc-amf-7cbccff989-bbx5m,amf,1731618120000,0.08095011629526604,1731618180000,0.10309754472791097,1731618240000,0.11295295165965974,1731618300000,0.08900789910912421
free5gc,free5gc-amf-7cbccff989-bbx5m,amf,1731618180000,0.10309754472791097,1731618240000,0.11295295165965974,1731618300000,0.08900789910912421,1731618360000,0.08184098142558478
free5gc,free5gc-amf-7cbccff989-bbx5m,amf,1731618240000,0.11295295165965974,1731618300000,0.08900789910912421,1731618360000,0.08184098142558478,1731618420000,0.10879624708286316
free5gc,free5gc-amf-7cbccff989-bbx5m,amf,1731618300000,0.08900789910912421,1731618360000,0.08184098142558478,1731618420000,0.10879624708286316,1731618480000,0.08910198310313208
free5gc,free5gc-amf-7cbccff989-bbx5m,amf,1731618360000,0.08184098142558478,1731618420000,0.10879624708286316,1731618480000,0.08910198310313208,1731618540000,0.10814364495983886
free5gc,free5gc-amf-7cbccff989-bbx5m,amf,1731618420000,0.10879624708286316,1731618480000,0.08910198310313208,1731618540000,0.10814364495983886,1731618600000,0.08652847641311087
free5gc,free5gc-amf-7cbccff989-bbx5m,amf,1731618480000,0.08910198310313208,1731618540000,0.10814364495983886,1731618600000,0.08652847641311087,1731618660000,0.05742434050856189
free5gc,free5gc-amf-7cbccff989-bbx5m,amf,1731618540000,0.10814364495983886,1731618600000,0.08652847641311087,1731618660000,0.05742434050856189,1731618720000,0.08620110340249507
free5gc,free5gc-amf-7cbccff989-bbx5m,amf,1731618600000,0.08652847641311087,1731618660000,0.05742434050856189,1731618720000,0.08620110340249507,1731618780000,0.1058698230647732
free5gc,free5gc-amf-7cbccff989-bbx5m,amf,1731618660000,0.05742434050856189,1731618720000,0.08620110340249507,1731618780000,0.1058698230647732,1731618840000,0.02867904517690193
free5gc,free5gc-amf-7cbccff989-bbx5m,amf,1731618720000,0.08620110340249507,1731618780000,0.1058698230647732,1731618840000,0.02867904517690193,1731618900000,0.041390880259858764
free5gc,free5gc-amf-7cbccff989-bbx5m,amf,1731618780000,0.1058698230647732,1731618840000,0.02867904517690193,1731618900000,0.041390880259858764,1731618960000,0.11309067960373957
free5gc,free5gc-amf-7cbccff989-bbx5m,amf,1731618840000,0.02867904517690193,1731618900000,0.041390880259858764,1731618960000,0.11309067960373957,1731619020000,0.08093916816534619
free5gc,free5gc-amf-7cbccff989-bbx5m,amf,1731618900000,0.041390880259858764,1731618960000,0.11309067960373957,1731619020000,0.08093916816534619,1731619080000,0.08725839205818219
free5gc,free5gc-amf-7cbccff989-bbx5m,amf,1731618960000,0.11309067960373957,1731619020000,0.08093916816534619,1731619080000,0.08725839205818219,1731619140000,0.10919469908842007
free5gc,free5gc-amf-7cbccff989-bbx5m,amf,1731619020000,0.08093916816534619,1731619080000,0.08725839205818219,1731619140000,0.10919469908842007,1731619200000,0.048230111694591564
free5gc,free5gc-amf-7cbccff989-bbx5m,amf,1731619080000,0.08725839205818219,1731619140000,0.10919469908842007,1731619200000,0.048230111694591564,1731619260000,0.09937923676040175
free5gc,free5gc-amf-7cbccff989-bbx5m,amf,1731619140000,0.10919469908842007,1731619200000,0.048230111694591564,1731619260000,0.09937923676040175,1731619320000,0.10642459452479666
free5gc,free5gc-amf-7cbccff989-bbx5m,amf,1731619200000,0.048230111694591564,1731619260000,0.09937923676040175,1731619320000,0.10642459452479666,1731619380000,0.1033302753713867
free5gc,free5gc-amf-7cbccff989-bbx5m,amf,1731619260000,0.09937923676040175,1731619320000,0.10642459452479666,1731619380000,0.1033302753713867,1731619440000,0.07355746126980299
free5gc,free5gc-amf-7cbccff989-bbx5m,amf,1731619320000,0.10642459452479666,1731619380000,0.1033302753713867,1731619440000,0.07355746126980299,1731619500000,0.060390892252921755
free5gc,free5gc-amf-7cbccff989-bbx5m,amf,1731619380000,0.1033302753713867,1731619440000,0.07355746126980299,1731619500000,0.060390892252921755,1731619560000,0.055589739014569164
free5gc,free5gc-amf-7cbccff989-bbx5m,amf,1731619440000,0.07355746126980299,1731619500000,0.060390892252921755,1731619560000,0.055589739014569164,1731619620000,0.0441366702890121
free5gc,free5gc-amf-7cbccff989-bbx5m,amf,1731619500000,0.060390892252921755,1731619560000,0.055589739014569164,1731619620000,0.0441366702890121,1731619680000,0.0868270804770326
free5gc,free5gc-amf-7cbccff989-bbx5m,amf,1731619560000,0.055589739014569164,1731619620000,0.0441366702890121,1731619680000,0.0868270804770326,1731619740000,0.08641538985906937
free5gc,free5gc-amf-7cbccff989-bbx5m,amf,1731619620000,0.0441366702890121,1731619680000,0.0868270804770326,1731619740000,0.08641538985906937,1731619800000,0.1092816654502848
free5gc,free5gc-amf-7cbccff989-bbx5m,amf,1731619680000,0.0868270804770326,1731619740000,0.08641538985906937,1731619800000,0.1092816654502848,1731619860000,0.13815656421751102
free5gc,free5gc-amf-7cbccff989-bbx5m,amf,1731619740000,0.08641538985906937,1731619800000,0.1092816654502848,1731619860000,0.13815656421751102,1731619920000,0.03976283378610295
free5gc,free5gc-amf-7cbccff989-bbx5m,amf,1731619800000,0.1092816654502848,1731619860000,0.13815656421751102,1731619920000,0.03976283378610295,1731619980000,0.07941384947535925
free5gc,free5gc-amf-7cbccff989-bbx5m,amf,1731619860000,0.13815656421751102,1731619920000,0.03976283378610295,1731619980000,0.07941384947535925,1731620040000,0.06611407942630076
free5gc,free5gc-amf-7cbccff989-bbx5m,amf,1731619920000,0.03976283378610295,1731619980000,0.07941384947535925,1731620040000,0.06611407942630076,1731620100000,0.07174718498107133
free5gc,free5gc-amf-7cbccff989-bbx5m,amf,1731619980000,0.07941384947535925,1731620040000,0.06611407942630076,1731620100000,0.07174718498107133,1731620160000,0.08809956215416996
free5gc,free5gc-amf-7cbccff989-bbx5m,amf,1731620040000,0.06611407942630076,1731620100000,0.07174718498107133,1731620160000,0.08809956215416996,1731620220000,0.10422316247332641
free5gc,free5gc-amf-7cbccff989-bbx5m,amf,1731620100000,0.07174718498107133,1731620160000,0.08809956215416996,1731620220000,0.10422316247332641,1731620280000,0.07742509580536992
free5gc,free5gc-amf-7cbccff989-bbx5m,amf,1731620160000,0.08809956215416996,1731620220000,0.10422316247332641,1731620280000,0.07742509580536992,1731620340000,0.06531363282775506
free5gc,free5gc-amf-7cbccff989-bbx5m,amf,1731620220000,0.10422316247332641,1731620280000,0.07742509580536992,1731620340000,0.06531363282775506,1731620400000,0.10535834030713723
free5gc,free5gc-amf-7cbccff989-bbx5m,amf,1731620280000,0.07742509580536992,1731620340000,0.06531363282775506,1731620400000,0.10535834030713723,1731620460000,0.06964741104952271
free5gc,free5gc-amf-7cbccff989-bbx5m,amf,1731620340000,0.06531363282775506,1731620400000,0.10535834030713723,1731620460000,0.06964741104952271,1731620520000,0.09378260796393319
free5gc,free5gc-amf-7cbccff989-bbx5m,amf,1731620400000,0.10535834030713723,1731620460000,0.06964741104952271,1731620520000,0.09378260796393319,1731620580000,0.06896795379221635
free5gc,free5gc-amf-7cbccff989-bbx5m,amf,1731620460000,0.06964741104952271,1731620520000,0.09378260796393319,1731620580000,0.06896795379221635,1731620640000,0.08926885997481836
free5gc,free5gc-amf-7cbccff989-bbx5m,amf,1731620520000,0.09378260796393319,1731620580000,0.06896795379221635,1731620640000,0.08926885997481836,1731620700000,0.057874108861346724
free5gc,free5gc-amf-7cbccff989-bbx5m,amf,1731620580000,0.06896795379221635,1731620640000,0.08926885997481836,1731620700000,0.057874108861346724,1731620760000,0.07943467071253671
free5gc,free5gc-amf-7cbccff989-bbx5m,amf,1731620640000,0.08926885997481836,1731620700000,0.057874108861346724,1731620760000,0.07943467071253671,1731620820000,0.07535218669737043
free5gc,free5gc-amf-7cbccff989-bbx5m,amf,1731620700000,0.057874108861346724,1731620760000,0.07943467071253671,1731620820000,0.07535218669737043,1731620880000,0.12262111366609615
free5gc,free5gc-amf-7cbccff989-bbx5m,amf,1731620760000,0.07943467071253671,1731620820000,0.07535218669737043,1731620880000,0.12262111366609615,1731620940000,0.11716679671104499
free5gc,free5gc-amf-7cbccff989-bbx5m,amf,1731620820000,0.07535218669737043,1731620880000,0.12262111366609615,1731620940000,0.11716679671104499,1731621000000,0.08602688091888502
free5gc,free5gc-amf-7cbccff989-bbx5m,amf,1731620880000,0.12262111366609615,1731620940000,0.11716679671104499,1731621000000,0.08602688091888502,1731621060000,0.1062634104756453
free5gc,free5gc-amf-7cbccff989-bbx5m,amf,1731620940000,0.11716679671104499,1731621000000,0.08602688091888502,1731621060000,0.1062634104756453,1731621120000,0.07784790321541138
free5gc,free5gc-amf-7cbccff989-bbx5m,amf,1731621000000,0.08602688091888502,1731621060000,0.1062634104756453,1731621120000,0.07784790321541138,1731621180000,0.08886772347651406
free5gc,free5gc-amf-7cbccff989-bbx5m,amf,1731621060000,0.1062634104756453,1731621120000,0.07784790321541138,1731621180000,0.08886772347651406,1731621240000,0.08862830531655816
free5gc,free5gc-amf-7cbccff989-bbx5m,amf,1731621120000,0.07784790321541138,1731621180000,0.08886772347651406,1731621240000,0.08862830531655816,1731621300000,0.07617232275915972
free5gc,free5gc-amf-7cbccff989-bbx5m,amf,1731621180000,0.08886772347651406,1731621240000,0.08862830531655816,1731621300000,0.07617232275915972,1731621360000,0.04304486278408398
free5gc,free5gc-amf-7cbccff989-bbx5m,amf,1731621240000,0.08862830531655816,1731621300000,0.07617232275915972,1731621360000,0.04304486278408398,1731621420000,0.08846025411138798
free5gc,free5gc-amf-7cbccff989-bbx5m,amf,1731621300000,0.07617232275915972,1731621360000,0.04304486278408398,1731621420000,0.08846025411138798,1731621480000,0.0410801133891656
free5gc,free5gc-amf-7cbccff989-bbx5m,amf,1731621360000,0.04304486278408398,1731621420000,0.08846025411138798,1731621480000,0.0410801133891656,1731621540000,0.04412446609278494
free5gc,free5gc-amf-7cbccff989-bbx5m,amf,1731621420000,0.08846025411138798,1731621480000,0.0410801133891656,1731621540000,0.04412446609278494,1731621600000,0.11566142320896663
free5gc,free5gc-amf-7cbccff989-bbx5m,amf,1731621480000,0.0410801133891656,1731621540000,0.04412446609278494,1731621600000,0.11566142320896663,1731621660000,0.08290502429108082
free5gc,free5gc-amf-7cbccff989-bbx5m,amf,1731621540000,0.04412446609278494,1731621600000,0.11566142320896663,1731621660000,0.08290502429108082,1731621720000,0.1183065403288561
free5gc,free5gc-amf-7cbccff989-bbx5m,amf,1731621600000,0.11566142320896663,1731621660000,0.08290502429108082,1731621720000,0.1183065403288561,1731621780000,0.03805888975218261
free5gc,free5gc-amf-7cbccff989-bbx5m,amf,1731621660000,0.08290502429108082,1731621720000,0.1183065403288561,1731621780000,0.03805888975218261,1731621840000,0.06101319351473472
free5gc,free5gc-amf-7cbccff989-bbx5m,amf,1731621720000,0.1183065403288561,1731621780000,0.03805888975218261,1731621840000,0.06101319351473472,1731621900000,0.08390896025799761
free5gc,free5gc-amf-7cbccff989-bbx5m,amf,1731621780000,0.03805888975218261,1731621840000,0.06101319351473472,1731621900000,0.08390896025799761,1731621960000,0.0699252894930843
free5gc,free5gc-amf-7cbccff989-bbx5m,amf,1731621840000,0.06101319351473472,1731621900000,0.08390896025799761,1731621960000,0.0699252894930843,1731622020000,0.060481568892590244
free5gc,free5gc-amf-7cbccff989-bbx5m,amf,1731621900000,0.08390896025799761,1731621960000,0.0699252894930843,1731622020000,0.060481568892590244,1731622080000,0.06743709799499538
free5gc,free5gc-amf-7cbccff989-bbx5m,amf,1731621960000,0.0699252894930843,1731622020000,0.060481568892590244,1731622080000,0.06743709799499538,1731622140000,0.06218246919190916
free5gc,free5gc-amf-7cbccff989-bbx5m,amf,1731622020000,0.060481568892590244,1731622080000,0.06743709799499538,1731622140000,0.06218246919190916,1731622200000,0.10591288816449321
free5gc,free5gc-amf-7cbccff989-bbx5m,amf,1731622080000,0.06743709799499538,1731622140000,0.06218246919190916,1731622200000,0.10591288816449321,1731622260000,0.06930728174327096
free5gc,free5gc-amf-7cbccff989-bbx5m,amf,1731622140000,0.06218246919190916,1731622200000,0.10591288816449321,1731622260000,0.06930728174327096,1731622320000,0.06296641984806907
free5gc,free5gc-amf-7cbccff989-bbx5m,amf,1731622200000,0.10591288816449321,1731622260000,0.06930728174327096,1731622320000,0.06296641984806907,1731622380000,0.04781662265502155
free5gc,free5gc-amf-7cbccff989-bbx5m,amf,1731622260000,0.06930728174327096,1731622320000,0.06296641984806907,1731622380000,0.04781662265502155,1731622440000,0.06405049332528073
free5gc,free5gc-amf-7cbccff989-bbx5m,amf,1731622320000,0.06296641984806907,1731622380000,0.04781662265502155,1731622440000,0.06405049332528073,1731622500000,0.08432320682675941
free5gc,free5gc-amf-7cbccff989-bbx5m,amf,1731622380000,0.04781662265502155,1731622440000,0.06405049332528073,1731622500000,0.08432320682675941,1731622560000,0.0837765211938824
free5gc,free5gc-amf-7cbccff989-bbx5m,amf,1731622440000,0.06405049332528073,1731622500000,0.08432320682675941,1731622560000,0.0837765211938824,1731622620000,0.05340798188370327
free5gc,free5gc-amf-7cbccff989-bbx5m,amf,1731622500000,0.08432320682675941,1731622560000,0.0837765211938824,1731622620000,0.05340798188370327,1731622680000,0.07873695585268162
free5gc,free5gc-amf-7cbccff989-bbx5m,amf,1731622560000,0.0837765211938824,1731622620000,0.05340798188370327,1731622680000,0.07873695585268162,1731622740000,0.07426649983776924
free5gc,free5gc-amf-7cbccff989-bbx5m,amf,1731622620000,0.05340798188370327,1731622680000,0.07873695585268162,1731622740000,0.07426649983776924,1731622800000,0.06584703289285572
free5gc,free5gc-amf-7cbccff989-bbx5m,amf,1731622680000,0.07873695585268162,1731622740000,0.07426649983776924,1731622800000,0.06584703289285572,1731622860000,0.06476139662748558
free5gc,free5gc-amf-7cbccff989-bbx5m,amf,1731622740000,0.07426649983776924,1731622800000,0.06584703289285572,1731622860000,0.06476139662748558,1731622920000,0.08067126425216792
free5gc,free5gc-amf-7cbccff989-bbx5m,amf,1731622800000,0.06584703289285572,1731622860000,0.06476139662748558,1731622920000,0.08067126425216792,1731622980000,0.11695850551757091
free5gc,free5gc-amf-7cbccff989-bbx5m,amf,1731622860000,0.06476139662748558,1731622920000,0.08067126425216792,1731622980000,0.11695850551757091,1731623040000,0.08268613382422638
free5gc,free5gc-amf-7cbccff989-bbx5m,amf,1731622920000,0.08067126425216792,1731622980000,0.11695850551757091,1731623040000,0.08268613382422638,1731623100000,0.0607227555116812
free5gc,free5gc-amf-7cbccff989-bbx5m,amf,1731622980000,0.11695850551757091,1731623040000,0.08268613382422638,1731623100000,0.0607227555116812,1731623160000,0.0872844246597143
free5gc,free5gc-amf-7cbccff989-bbx5m,amf,1731623040000,0.08268613382422638,1731623100000,0.0607227555116812,1731623160000,0.0872844246597143,1731623220000,0.03023645183502708
free5gc,free5gc-amf-7cbccff989-bbx5m,amf,1731623100000,0.0607227555116812,1731623160000,0.0872844246597143,1731623220000,0.03023645183502708,1731623280000,0.09194289734870202
free5gc,free5gc-amf-7cbccff989-bbx5m,amf,1731623160000,0.0872844246597143,1731623220000,0.03023645183502708,1731623280000,0.09194289734870202,1731623340000,0.07686108749225425
free5gc,free5gc-amf-7cbccff989-bbx5m,amf,1731623220000,0.03023645183502708,1731623280000,0.09194289734870202,1731623340000,0.07686108749225425,1731623400000,0.06297129192746442
free5gc,free5gc-amf-7cbccff989-bbx5m,amf,1731623280000,0.09194289734870202,1731623340000,0.07686108749225425,1731623400000,0.06297129192746442,1731623460000,0.07055375742948233
free5gc,free5gc-amf-7cbccff989-bbx5m,amf,1731623340000,0.07686108749225425,1731623400000,0.06297129192746442,1731623460000,0.07055375742948233,1731623520000,0.07591639960505722
free5gc,free5gc-amf-7cbccff989-bbx5m,amf,1731623400000,0.06297129192746442,1731623460000,0.07055375742948233,1731623520000,0.07591639960505722,1731623580000,0.055482820849648846
