namespace,pod,container,timestamp_1,cpu_usage_1,timestamp_2,cpu_usage_2,timestamp_3,cpu_usage_3,timestamp_4,cpu_usage_4
free5gc,free5gc-amf-7cbccff989-bbx5m,amf,1731603060000,0.2083363574532502,1731603120000,0.2499604990657802,1731603180000,0.250269851446986,1731603240000,0.2503806614869245
free5gc,free5gc-amf-7cbccff989-bbx5m,amf,1731603120000,0.2499604990657802,1731603180000,0.250269851446986,1731603240000,0.2503806614869245,1731603300000,0.2501860398773005
free5gc,free5gc-amf-7cbccff989-bbx5m,amf,1731603180000,0.250269851446986,1731603240000,0.2503806614869245,1731603300000,0.2501860398773005,1731603360000,0.2031953067714122
free5gc,free5gc-amf-7cbccff989-bbx5m,amf,1731603240000,0.2503806614869245,1731603300000,0.2501860398773005,1731603360000,0.2031953067714122,1731603420000,0.1256315043941226
free5gc,free5gc-amf-7cbccff989-bbx5m,amf,1731603300000,0.2501860398773005,1731603360000,0.2031953067714122,1731603420000,0.1256315043941226,1731603480000,0.2499394243879839
free5gc,free5gc-amf-7cbccff989-bbx5m,amf,1731603360000,0.2031953067714122,1731603420000,0.1256315043941226,1731603480000,0.2499394243879839,1731603540000,0.2370977938747644
free5gc,free5gc-amf-7cbccff989-bbx5m,amf,1731603420000,0.1256315043941226,1731603480000,0.2499394243879839,1731603540000,0.2370977938747644,1731603600000,0.2496394986167385
free5gc,free5gc-amf-7cbccff989-bbx5m,amf,1731603480000,0.2499394243879839,1731603540000,0.2370977938747644,1731603600000,0.2496394986167385,1731603660000,0.2493205744795043
free5gc,free5gc-amf-7cbccff989-bbx5m,amf,1731603540000,0.2370977938747644,1731603600000,0.2496394986167385,1731603660000,0.2493205744795043,1731603720000,0.2201319306694701
free5gc,free5gc-amf-7cbccff989-bbx5m,amf,1731603600000,0.2496394986167385,1731603660000,0.2493205744795043,1731603720000,0.2201319306694701,1731603780000,0.2495110049739735
free5gc,free5gc-amf-7cbccff989-bbx5m,amf,1731603660000,0.2493205744795043,1731603720000,0.2201319306694701,1731603780000,0.2495110049739735,1731603840000,0.2496787056928034
free5gc,free5gc-amf-7cbccff989-bbx5m,amf,1731603720000,0.2201319306694701,1731603780000,0.2495110049739735,1731603840000,0.2496787056928034,1731603900000,0.2491632538399797
free5gc,free5gc-amf-7cbccff989-bbx5m,amf,1731603780000,0.2495110049739735,1731603840000,0.2496787056928034,1731603900000,0.2491632538399797,1731603960000,0.2497257341617148
free5gc,free5gc-amf-7cbccff989-bbx5m,amf,1731603840000,0.2496787056928034,1731603900000,0.2491632538399797,1731603960000,0.2497257341617148,1731604020000,0.2494177672360112
free5gc,free5gc-amf-7cbccff989-bbx5m,amf,1731603900000,0.2491632538399797,1731603960000,0.2497257341617148,1731604020000,0.2494177672360112,1731604080000,0.2495460913304139
free5gc,free5gc-amf-7cbccff989-bbx5m,amf,1731603960000,0.2497257341617148,1731604020000,0.2494177672360112,1731604080000,0.2495460913304139,1731604140000,0.2033687977815499
free5gc,free5gc-amf-7cbccff989-bbx5m,amf,1731604020000,0.2494177672360112,1731604080000,0.2495460913304139,1731604140000,0.2033687977815499,1731604200000,0.2036993243201625
free5gc,free5gc-amf-7cbccff989-bbx5m,amf,1731604080000,0.2495460913304139,1731604140000,0.2033687977815499,1731604200000,0.2036993243201625,1731604260000,0.2089245363198983
free5gc,free5gc-amf-7cbccff989-bbx5m,amf,1731604140000,0.2033687977815499,1731604200000,0.2036993243201625,1731604260000,0.2089245363198983,1731604320000,0.1983089264203749
free5gc,free5gc-amf-7cbccff989-bbx5m,amf,1731604200000,0.2036993243201625,1731604260000,0.2089245363198983,1731604320000,0.1983089264203749,1731604380000,0.1739499708353908
free5gc,free5gc-amf-7cbccff989-bbx5m,amf,1731604260000,0.2089245363198983,1731604320000,0.1983089264203749,1731604380000,0.1739499708353908,1731604440000,0.2144094173997195
free5gc,free5gc-amf-7cbccff989-bbx5m,amf,1731604320000,0.1983089264203749,1731604380000,0.1739499708353908,1731604440000,0.2144094173997195,1731604500000,0.2105278584729534
free5gc,free5gc-amf-7cbccff989-bbx5m,amf,1731604380000,0.1739499708353908,1731604440000,0.2144094173997195,1731604500000,0.2105278584729534,1731604560000,0.2147994760327022
free5gc,free5gc-amf-7cbccff989-bbx5m,amf,1731604440000,0.2144094173997195,1731604500000,0.2105278584729534,1731604560000,0.2147994760327022,1731604620000,0.2029796394126564
free5gc,free5gc-amf-7cbccff989-bbx5m,amf,1731604500000,0.2105278584729534,1731604560000,0.2147994760327022,1731604620000,0.2029796394126564,1731604680000,0.2110896392545571
free5gc,free5gc-amf-7cbccff989-bbx5m,amf,1731604560000,0.2147994760327022,1731604620000,0.2029796394126564,1731604680000,0.2110896392545571,1731604740000,0.2106880428404399
free5gc,free5gc-amf-7cbccff989-bbx5m,amf,1731604620000,0.2029796394126564,1731604680000,0.2110896392545571,1731604740000,0.2106880428404399,1731604800000,0.2102247555693788
free5gc,free5gc-amf-7cbccff989-bbx5m,amf,1731604680000,0.2110896392545571,1731604740000,0.2106880428404399,1731604800000,0.2102247555693788,1731604860000,0.2110630820511643
free5gc,free5gc-amf-7cbccff989-bbx5m,amf,1731604740000,0.2106880428404399,1731604800000,0.2102247555693788,1731604860000,0.2110630820511643,1731604920000,0.2346472734332121
free5gc,free5gc-amf-7cbccff989-bbx5m,amf,1731604800000,0.2102247555693788,1731604860000,0.2110630820511643,1731604920000,0.2346472734332121,1731604980000,0.2500266751441866
free5gc,free5gc-amf-7cbccff989-bbx5m,amf,1731604860000,0.2110630820511643,1731604920000,0.2346472734332121,1731604980000,0.2500266751441866,1731605040000,0.0
free5gc,free5gc-amf-7cbccff989-bbx5m,amf,1731604920000,0.2346472734332121,1731604980000,0.2500266751441866,1731605040000,0.0,1731605100000,0.0
free5gc,free5gc-amf-7cbccff989-bbx5m,amf,1731604980000,0.2500266751441866,1731605040000,0.0,1731605100000,0.0,1731605160000,0.0
free5gc,free5gc-amf-7cbccff989-bbx5m,amf,1731605040000,0.0,1731605100000,0.0,1731605160000,0.0,1731605220000,0.1037642912387203
free5gc,free5gc-amf-7cbccff989-bbx5m,amf,1731605100000,0.0,1731605160000,0.0,1731605220000,0.1037642912387203,1731605280000,0.2112674151173424
free5gc,free5gc-amf-7cbccff989-bbx5m,amf,1731605160000,0.0,1731605220000,0.1037642912387203,1731605280000,0.2112674151173424,1731605340000,0.2143343654990534
free5gc,free5gc-amf-7cbccff989-bbx5m,amf,1731605220000,0.1037642912387203,1731605280000,0.2112674151173424,1731605340000,0.2143343654990534,1731605400000,0.2116442969102964
free5gc,free5gc-amf-7cbccff989-bbx5m,amf,1731605280000,0.2112674151173424,1731605340000,0.2143343654990534,1731605400000,0.2116442969102964,1731605460000,0.2505850251681438
free5gc,free5gc-amf-7cbccff989-bbx5m,amf,1731605340000,0.2143343654990534,1731605400000,0.2116442969102964,1731605460000,0.2505850251681438,1731605520000,0.2039866103504199
free5gc,free5gc-amf-7cbccff989-bbx5m,amf,1731605400000,0.2116442969102964,1731605460000,0.2505850251681438,1731605520000,0.2039866103504199,1731605580000,0.1773660138651839
free5gc,free5gc-amf-7cbccff989-bbx5m,amf,1731605460000,0.2505850251681438,1731605520000,0.2039866103504199,1731605580000,0.1773660138651839,1731605640000,0.1795508911537899
free5gc,free5gc-amf-7cbccff989-bbx5m,amf,1731605520000,0.2039866103504199,1731605580000,0.1773660138651839,1731605640000,0.1795508911537899,1731605700000,0.2235064346499684
free5gc,free5gc-amf-7cbccff989-bbx5m,amf,1731605580000,0.1773660138651839,1731605640000,0.1795508911537899,1731605700000,0.2235064346499684,1731605760000,0.135575253025996
free5gc,free5gc-amf-7cbccff989-bbx5m,amf,1731605640000,0.1795508911537899,1731605700000,0.2235064346499684,1731605760000,0.135575253025996,1731605820000,0.150305634660471
free5gc,free5gc-amf-7cbccff989-bbx5m,amf,1731605700000,0.2235064346499684,1731605760000,0.135575253025996,1731605820000,0.150305634660471,1731605880000,0.0355708310989126
free5gc,free5gc-amf-7cbccff989-bbx5m,amf,1731605760000,0.135575253025996,1731605820000,0.150305634660471,1731605880000,0.0355708310989126,1731605940000,1.0133917321087205e-06
free5gc,free5gc-amf-7cbccff989-bbx5m,amf,1731605820000,0.150305634660471,1731605880000,0.0355708310989126,1731605940000,1.0133917321087205e-06,1731606000000,0.0
free5gc,free5gc-amf-7cbccff989-bbx5m,amf,1731605880000,0.0355708310989126,1731605940000,1.0133917321087205e-06,1731606000000,0.0,1731606060000,1.956431593202305e-05
free5gc,free5gc-amf-7cbccff989-bbx5m,amf,1731605940000,1.0133917321087205e-06,1731606000000,0.0,1731606060000,1.956431593202305e-05,1731606120000,4.320729525391305e-05
free5gc,free5gc-amf-7cbccff989-bbx5m,amf,1731606000000,0.0,1731606060000,1.956431593202305e-05,1731606120000,4.320729525391305e-05,1731606180000,0.005065127025
free5gc,free5gc-amf-7cbccff989-bbx5m,amf,1731606060000,1.956431593202305e-05,1731606120000,4.320729525391305e-05,1731606180000,0.005065127025,1731606240000,0.1256066086882312
free5gc,free5gc-amf-7cbccff989-bbx5m,amf,1731606120000,4.320729525391305e-05,1731606180000,0.005065127025,1731606240000,0.1256066086882312,1731606300000,0.1276670933573112
free5gc,free5gc-amf-7cbccff989-bbx5m,amf,1731606180000,0.005065127025,1731606240000,0.1256066086882312,1731606300000,0.1276670933573112,1731606360000,0.1423928503619216
free5gc,free5gc-amf-7cbccff989-bbx5m,amf,1731606240000,0.1256066086882312,1731606300000,0.1276670933573112,1731606360000,0.1423928503619216,1731606420000,0.1607219741925502
free5gc,free5gc-amf-7cbccff989-bbx5m,amf,1731606300000,0.1276670933573112,1731606360000,0.1423928503619216,1731606420000,0.1607219741925502,1731606480000,0.0872348474128809
free5gc,free5gc-amf-7cbccff989-bbx5m,amf,1731606360000,0.1423928503619216,1731606420000,0.1607219741925502,1731606480000,0.0872348474128809,1731606540000,0.1368053151394153
free5gc,free5gc-amf-7cbccff989-bbx5m,amf,1731606420000,0.1607219741925502,1731606480000,0.0872348474128809,1731606540000,0.1368053151394153,1731606600000,0.1078988445149914
free5gc,free5gc-amf-7cbccff989-bbx5m,amf,1731606480000,0.0872348474128809,1731606540000,0.1368053151394153,1731606600000,0.1078988445149914,1731606660000,0.106564424928326
free5gc,free5gc-amf-7cbccff989-bbx5m,amf,1731606540000,0.1368053151394153,1731606600000,0.1078988445149914,1731606660000,0.106564424928326,1731606720000,0.1149360330560277
free5gc,free5gc-amf-7cbccff989-bbx5m,amf,1731606600000,0.1078988445149914,1731606660000,0.106564424928326,1731606720000,0.1149360330560277,1731606780000,0.1435002606919113
free5gc,free5gc-amf-7cbccff989-bbx5m,amf,1731606660000,0.106564424928326,1731606720000,0.1149360330560277,1731606780000,0.1435002606919113,1731606840000,0.1417490575306564
free5gc,free5gc-amf-7cbccff989-bbx5m,amf,1731606720000,0.1149360330560277,1731606780000,0.1435002606919113,1731606840000,0.1417490575306564,1731606900000,0.1511643092673065
free5gc,free5gc-amf-7cbccff989-bbx5m,amf,1731606780000,0.1435002606919113,1731606840000,0.1417490575306564,1731606900000,0.1511643092673065,1731606960000,0.1366784154630623
free5gc,free5gc-amf-7cbccff989-bbx5m,amf,1731606840000,0.1417490575306564,1731606900000,0.1511643092673065,1731606960000,0.1366784154630623,1731607020000,0.1301661062783097
free5gc,free5gc-amf-7cbccff989-bbx5m,amf,1731606900000,0.1511643092673065,1731606960000,0.1366784154630623,1731607020000,0.1301661062783097,1731607080000,0.1485829414217717
free5gc,free5gc-amf-7cbccff989-bbx5m,amf,1731606960000,0.1366784154630623,1731607020000,0.1301661062783097,1731607080000,0.1485829414217717,1731607140000,0.1302427318788855
free5gc,free5gc-amf-7cbccff989-bbx5m,amf,1731607020000,0.1301661062783097,1731607080000,0.1485829414217717,1731607140000,0.1302427318788855,1731607200000,0.1420402754609761
free5gc,free5gc-amf-7cbccff989-bbx5m,amf,1731607080000,0.1485829414217717,1731607140000,0.1302427318788855,1731607200000,0.1420402754609761,1731607260000,0.1139077201552755
free5gc,free5gc-amf-7cbccff989-bbx5m,amf,1731607140000,0.1302427318788855,1731607200000,0.1420402754609761,1731607260000,0.1139077201552755,1731607320000,0.1093256245189534
free5gc,free5gc-amf-7cbccff989-bbx5m,amf,1731607200000,0.1420402754609761,1731607260000,0.1139077201552755,1731607320000,0.1093256245189534,1731607380000,0.1033973946085817
free5gc,free5gc-amf-7cbccff989-bbx5m,amf,1731607260000,0.1139077201552755,1731607320000,0.1093256245189534,1731607380000,0.1033973946085817,1731607440000,0.1482505383616987
free5gc,free5gc-amf-7cbccff989-bbx5m,amf,1731607320000,0.1093256245189534,1731607380000,0.1033973946085817,1731607440000,0.1482505383616987,1731607500000,0.1374468950257035
free5gc,free5gc-amf-7cbccff989-bbx5m,amf,1731607380000,0.1033973946085817,1731607440000,0.1482505383616987,1731607500000,0.1374468950257035,1731607560000,0.1097321486452641
free5gc,free5gc-amf-7cbccff989-bbx5m,amf,1731607440000,0.1482505383616987,1731607500000,0.1374468950257035,1731607560000,0.1097321486452641,1731607620000,0.1026235507749752
free5gc,free5gc-amf-7cbccff989-bbx5m,amf,1731607500000,0.1374468950257035,1731607560000,0.1097321486452641,1731607620000,0.1026235507749752,1731607680000,0.0554110876552889
free5gc,free5gc-amf-7cbccff989-bbx5m,amf,1731607560000,0.1097321486452641,1731607620000,0.1026235507749752,1731607680000,0.0554110876552889,1731607740000,0.1968239776855325
free5gc,free5gc-amf-7cbccff989-bbx5m,amf,1731607620000,0.1026235507749752,1731607680000,0.0554110876552889,1731607740000,0.1968239776855325,1731607800000,0.1251561005593497
free5gc,free5gc-amf-7cbccff989-bbx5m,amf,1731607680000,0.0554110876552889,1731607740000,0.1968239776855325,1731607800000,0.1251561005593497,1731607860000,0.12335521608829
free5gc,free5gc-amf-7cbccff989-bbx5m,amf,1731607740000,0.1968239776855325,1731607800000,0.1251561005593497,1731607860000,0.12335521608829,1731607920000,0.1807381537431784
free5gc,free5gc-amf-7cbccff989-bbx5m,amf,1731607800000,0.1251561005593497,1731607860000,0.12335521608829,1731607920000,0.1807381537431784,1731607980000,0.1291637988116085
free5gc,free5gc-amf-7cbccff989-bbx5m,amf,1731607860000,0.12335521608829,1731607920000,0.1807381537431784,1731607980000,0.1291637988116085,1731608040000,0.152320057663357
free5gc,free5gc-amf-7cbccff989-bbx5m,amf,1731607920000,0.1807381537431784,1731607980000,0.1291637988116085,1731608040000,0.152320057663357,1731608100000,0.1161449919887579
free5gc,free5gc-amf-7cbccff989-bbx5m,amf,1731607980000,0.1291637988116085,1731608040000,0.152320057663357,1731608100000,0.1161449919887579,1731608160000,0.1002599530976993
free5gc,free5gc-amf-7cbccff989-bbx5m,amf,1731608040000,0.152320057663357,1731608100000,0.1161449919887579,1731608160000,0.1002599530976993,1731608220000,0.1709655655743223
free5gc,free5gc-amf-7cbccff989-bbx5m,amf,1731608100000,0.1161449919887579,1731608160000,0.1002599530976993,1731608220000,0.1709655655743223,1731608280000,0.1508638388303596
free5gc,free5gc-amf-7cbccff989-bbx5m,amf,1731608160000,0.1002599530976993,1731608220000,0.1709655655743223,1731608280000,0.1508638388303596,1731608340000,0.1685704530317441
free5gc,free5gc-amf-7cbccff989-bbx5m,amf,1731608220000,0.1709655655743223,1731608280000,0.1508638388303596,1731608340000,0.1685704530317441,1731608400000,0.1497842645034644
free5gc,free5gc-amf-7cbccff989-bbx5m,amf,1731608280000,0.1508638388303596,1731608340000,0.1685704530317441,1731608400000,0.1497842645034644,1731608460000,0.1877197640257795
free5gc,free5gc-amf-7cbccff989-bbx5m,amf,1731608340000,0.1685704530317441,1731608400000,0.1497842645034644,1731608460000,0.1877197640257795,1731608520000,0.1140550953247438
free5gc,free5gc-amf-7cbccff989-bbx5m,amf,1731608400000,0.1497842645034644,1731608460000,0.1877197640257795,1731608520000,0.1140550953247438,1731608580000,0.1325031109630915
free5gc,free5gc-amf-7cbccff989-bbx5m,amf,1731608460000,0.1877197640257795,1731608520000,0.1140550953247438,1731608580000,0.1325031109630915,1731608640000,0.1236007039557718
free5gc,free5gc-amf-7cbccff989-bbx5m,amf,1731608520000,0.1140550953247438,1731608580000,0.1325031109630915,1731608640000,0.1236007039557718,1731608700000,0.1472003676732275
free5gc,free5gc-amf-7cbccff989-bbx5m,amf,1731608580000,0.1325031109630915,1731608640000,0.1236007039557718,1731608700000,0.1472003676732275,1731608760000,0.1849118081740844
free5gc,free5gc-amf-7cbccff989-bbx5m,amf,1731608640000,0.1236007039557718,1731608700000,0.1472003676732275,1731608760000,0.1849118081740844,1731608820000,0.0973982028069531
free5gc,free5gc-amf-7cbccff989-bbx5m,amf,1731608700000,0.1472003676732275,1731608760000,0.1849118081740844,1731608820000,0.0973982028069531,1731608880000,0.1228559202584044
free5gc,free5gc-amf-7cbccff989-bbx5m,amf,1731608760000,0.1849118081740844,1731608820000,0.0973982028069531,1731608880000,0.1228559202584044,1731608940000,0.1583031156299371
free5gc,free5gc-amf-7cbccff989-bbx5m,amf,1731608820000,0.0973982028069531,1731608880000,0.1228559202584044,1731608940000,0.1583031156299371,1731609000000,0.2497299427800428
free5gc,free5gc-amf-7cbccff989-bbx5m,amf,1731608880000,0.1228559202584044,1731608940000,0.1583031156299371,1731609000000,0.2497299427800428,1731609060000,0.1227728569180139
free5gc,free5gc-amf-7cbccff989-bbx5m,amf,1731608940000,0.1583031156299371,1731609000000,0.2497299427800428,1731609060000,0.1227728569180139,1731609120000,1.7986033010409695e-06
free5gc,free5gc-amf-7cbccff989-bbx5m,amf,1731609000000,0.2497299427800428,1731609060000,0.1227728569180139,1731609120000,1.7986033010409695e-06,1731609180000,5.9946108239090805e-05
free5gc,free5gc-amf-7cbccff989-bbx5m,amf,1731609060000,0.1227728569180139,1731609120000,1.7986033010409695e-06,1731609180000,5.9946108239090805e-05,1731609240000,1.1748566827745305e-06
free5gc,free5gc-amf-7cbccff989-bbx5m,amf,1731609120000,1.7986033010409695e-06,1731609180000,5.9946108239090805e-05,1731609240000,1.1748566827745305e-06,1731609300000,0.0072911605869618
free5gc,free5gc-amf-7cbccff989-bbx5m,amf,1731609180000,5.9946108239090805e-05,1731609240000,1.1748566827745305e-06,1731609300000,0.0072911605869618,1731609360000,0.1142033468313082
free5gc,free5gc-amf-7cbccff989-bbx5m,amf,1731609240000,1.1748566827745305e-06,1731609300000,0.0072911605869618,1731609360000,0.1142033468313082,1731609420000,0.0776679599676077
free5gc,free5gc-amf-7cbccff989-bbx5m,amf,1731609300000,0.0072911605869618,1731609360000,0.1142033468313082,1731609420000,0.0776679599676077,1731609480000,0.0651335869819902
free5gc,free5gc-amf-7cbccff989-bbx5m,amf,1731609360000,0.1142033468313082,1731609420000,0.0776679599676077,1731609480000,0.0651335869819902,1731609540000,0.0637007055124672
free5gc,free5gc-amf-7cbccff989-bbx5m,amf,1731609420000,0.0776679599676077,1731609480000,0.0651335869819902,1731609540000,0.0637007055124672,1731609600000,0.091684449846181
free5gc,free5gc-amf-7cbccff989-bbx5m,amf,1731609480000,0.0651335869819902,1731609540000,0.0637007055124672,1731609600000,0.091684449846181,1731609660000,0.0713982184633598
free5gc,free5gc-amf-7cbccff989-bbx5m,amf,1731609540000,0.0637007055124672,1731609600000,0.091684449846181,1731609660000,0.0713982184633598,1731609720000,0.0506378108172285
free5gc,free5gc-amf-7cbccff989-bbx5m,amf,1731609600000,0.091684449846181,1731609660000,0.0713982184633598,1731609720000,0.0506378108172285,1731609780000,0.1186557206884622
free5gc,free5gc-amf-7cbccff989-bbx5m,amf,1731609660000,0.0713982184633598,1731609720000,0.0506378108172285,1731609780000,0.1186557206884622,1731609840000,0.0916308616139553
free5gc,free5gc-amf-7cbccff989-bbx5m,amf,1731609720000,0.0506378108172285,1731609780000,0.1186557206884622,1731609840000,0.0916308616139553,1731609900000,0.0515250883409123
free5gc,free5gc-amf-7cbccff989-bbx5m,amf,1731609780000,0.1186557206884622,1731609840000,0.0916308616139553,1731609900000,0.0515250883409123,1731609960000,0.0683974736022651
free5gc,free5gc-amf-7cbccff989-bbx5m,amf,1731609840000,0.0916308616139553,1731609900000,0.0515250883409123,1731609960000,0.0683974736022651,1731610020000,0.0807046741522798
free5gc,free5gc-amf-7cbccff989-bbx5m,amf,1731609900000,0.0515250883409123,1731609960000,0.0683974736022651,1731610020000,0.0807046741522798,1731610080000,0.1304558501064494
free5gc,free5gc-amf-7cbccff989-bbx5m,amf,1731609960000,0.0683974736022651,1731610020000,0.0807046741522798,1731610080000,0.1304558501064494,1731610140000,0.0818568217492707
free5gc,free5gc-amf-7cbccff989-bbx5m,amf,1731610020000,0.0807046741522798,1731610080000,0.1304558501064494,1731610140000,0.0818568217492707,1731610200000,0.0880527836016136
free5gc,free5gc-amf-7cbccff989-bbx5m,amf,1731610080000,0.1304558501064494,1731610140000,0.0818568217492707,1731610200000,0.0880527836016136,1731610260000,0.0491829143432917
free5gc,free5gc-amf-7cbccff989-bbx5m,amf,1731610140000,0.0818568217492707,1731610200000,0.0880527836016136,1731610260000,0.0491829143432917,1731610320000,0.0585136208399745
free5gc,free5gc-amf-7cbccff989-bbx5m,amf,1731610200000,0.0880527836016136,1731610260000,0.0491829143432917,1731610320000,0.0585136208399745,1731610380000,0.0465176061851899
free5gc,free5gc-amf-7cbccff989-bbx5m,amf,1731610260000,0.0491829143432917,1731610320000,0.0585136208399745,1731610380000,0.0465176061851899,1731610440000,0.059616712980303
free5gc,free5gc-amf-7cbccff989-bbx5m,amf,1731610320000,0.0585136208399745,1731610380000,0.0465176061851899,1731610440000,0.059616712980303,1731610500000,0.101305406089632
free5gc,free5gc-amf-7cbccff989-bbx5m,amf,1731610380000,0.0465176061851899,1731610440000,0.059616712980303,1731610500000,0.101305406089632,1731610560000,0.0594627782332036
free5gc,free5gc-amf-7cbccff989-bbx5m,amf,1731610440000,0.059616712980303,1731610500000,0.101305406089632,1731610560000,0.0594627782332036,1731610620000,0.0585423022658798
free5gc,free5gc-amf-7cbccff989-bbx5m,amf,1731610500000,0.101305406089632,1731610560000,0.0594627782332036,1731610620000,0.0585423022658798,1731610680000,0.0723274869046018
free5gc,free5gc-amf-7cbccff989-bbx5m,amf,1731610560000,0.0594627782332036,1731610620000,0.0585423022658798,1731610680000,0.0723274869046018,1731610740000,0.1073555179395059
free5gc,free5gc-amf-7cbccff989-bbx5m,amf,1731610620000,0.0585423022658798,1731610680000,0.0723274869046018,1731610740000,0.1073555179395059,1731610800000,0.0999435880079134
free5gc,free5gc-amf-7cbccff989-bbx5m,amf,1731610680000,0.0723274869046018,1731610740000,0.1073555179395059,1731610800000,0.0999435880079134,1731610860000,0.0968601847177084
free5gc,free5gc-amf-7cbccff989-bbx5m,amf,1731610740000,0.1073555179395059,1731610800000,0.0999435880079134,1731610860000,0.0968601847177084,1731610920000,0.0645798061752771
free5gc,free5gc-amf-7cbccff989-bbx5m,amf,1731610800000,0.0999435880079134,1731610860000,0.0968601847177084,1731610920000,0.0645798061752771,1731610980000,0.1060381259708375
free5gc,free5gc-amf-7cbccff989-bbx5m,amf,1731610860000,0.0968601847177084,1731610920000,0.0645798061752771,1731610980000,0.1060381259708375,1731611040000,0.0588735097615648
free5gc,free5gc-amf-7cbccff989-bbx5m,amf,1731610920000,0.0645798061752771,1731610980000,0.1060381259708375,1731611040000,0.0588735097615648,1731611100000,0.0948702276409939
free5gc,free5gc-amf-7cbccff989-bbx5m,amf,1731610980000,0.1060381259708375,1731611040000,0.0588735097615648,1731611100000,0.0948702276409939,1731611160000,0.0627950347473264
free5gc,free5gc-amf-7cbccff989-bbx5m,amf,1731611040000,0.0588735097615648,1731611100000,0.0948702276409939,1731611160000,0.0627950347473264,1731611220000,0.0740554320286647
free5gc,free5gc-amf-7cbccff989-bbx5m,amf,1731611100000,0.0948702276409939,1731611160000,0.0627950347473264,1731611220000,0.0740554320286647,1731611280000,0.1240794821983095
free5gc,free5gc-amf-7cbccff989-bbx5m,amf,1731611160000,0.0627950347473264,1731611220000,0.0740554320286647,1731611280000,0.1240794821983095,1731611340000,0.0725017794981919
free5gc,free5gc-amf-7cbccff989-bbx5m,amf,1731611220000,0.0740554320286647,1731611280000,0.1240794821983095,1731611340000,0.0725017794981919,1731611400000,0.1054812947285919
free5gc,free5gc-amf-7cbccff989-bbx5m,amf,1731611280000,0.1240794821983095,1731611340000,0.0725017794981919,1731611400000,0.1054812947285919,1731611460000,0.0604772955006334
free5gc,free5gc-amf-7cbccff989-bbx5m,amf,1731611340000,0.0725017794981919,1731611400000,0.1054812947285919,1731611460000,0.0604772955006334,1731611520000,0.0557918619564029
free5gc,free5gc-amf-7cbccff989-bbx5m,amf,1731611400000,0.1054812947285919,1731611460000,0.0604772955006334,1731611520000,0.0557918619564029,1731611580000,0.0489137807499958
free5gc,free5gc-amf-7cbccff989-bbx5m,amf,1731611460000,0.0604772955006334,1731611520000,0.0557918619564029,1731611580000,0.0489137807499958,1731611640000,0.103841102429122
free5gc,free5gc-amf-7cbccff989-bbx5m,amf,1731611520000,0.0557918619564029,1731611580000,0.0489137807499958,1731611640000,0.103841102429122,1731611700000,0.0544669192547927
free5gc,free5gc-amf-7cbccff989-bbx5m,amf,1731611580000,0.0489137807499958,1731611640000,0.103841102429122,1731611700000,0.0544669192547927,1731611760000,0.0832167334895937
free5gc,free5gc-amf-7cbccff989-bbx5m,amf,1731611640000,0.103841102429122,1731611700000,0.0544669192547927,1731611760000,0.0832167334895937,1731611820000,0.0821530503040751
free5gc,free5gc-amf-7cbccff989-bbx5m,amf,1731611700000,0.0544669192547927,1731611760000,0.0832167334895937,1731611820000,0.0821530503040751,1731611880000,0.0700308062645524
free5gc,free5gc-amf-7cbccff989-bbx5m,amf,1731611760000,0.0832167334895937,1731611820000,0.0821530503040751,1731611880000,0.0700308062645524,1731611940000,0.0690959369094543
free5gc,free5gc-amf-7cbccff989-bbx5m,amf,1731611820000,0.0821530503040751,1731611880000,0.0700308062645524,1731611940000,0.0690959369094543,1731612000000,0.1130103254092808
free5gc,free5gc-amf-7cbccff989-bbx5m,amf,1731611880000,0.0700308062645524,1731611940000,0.0690959369094543,1731612000000,0.1130103254092808,1731612060000,0.0889671960489524
free5gc,free5gc-amf-7cbccff989-bbx5m,amf,1731611940000,0.0690959369094543,1731612000000,0.1130103254092808,1731612060000,0.0889671960489524,1731612120000,0.108273227158029
free5gc,free5gc-amf-7cbccff989-bbx5m,amf,1731612000000,0.1130103254092808,1731612060000,0.0889671960489524,1731612120000,0.108273227158029,1731612180000,0.1345576297850269
free5gc,free5gc-amf-7cbccff989-bbx5m,amf,1731612060000,0.0889671960489524,1731612120000,0.108273227158029,1731612180000,0.1345576297850269,1731612240000,0.0660382836801279
free5gc,free5gc-amf-7cbccff989-bbx5m,amf,1731612120000,0.108273227158029,1731612180000,0.1345576297850269,1731612240000,0.0660382836801279,1731612300000,0.0941538693674794
free5gc,free5gc-amf-7cbccff989-bbx5m,amf,1731612180000,0.1345576297850269,1731612240000,0.0660382836801279,1731612300000,0.0941538693674794,1731612360000,0.0590528631333975
free5gc,free5gc-amf-7cbccff989-bbx5m,amf,1731612240000,0.0660382836801279,1731612300000,0.0941538693674794,1731612360000,0.0590528631333975,1731612420000,0.1041144649814092
free5gc,free5gc-amf-7cbccff989-bbx5m,amf,1731612300000,0.0941538693674794,1731612360000,0.0590528631333975,1731612420000,0.1041144649814092,1731612480000,0.0291009688500025
free5gc,free5gc-amf-7cbccff989-bbx5m,amf,1731612360000,0.0590528631333975,1731612420000,0.1041144649814092,1731612480000,0.0291009688500025,1731612540000,0.0974546468663255
free5gc,free5gc-amf-7cbccff989-bbx5m,amf,1731612420000,0.1041144649814092,1731612480000,0.0291009688500025,1731612540000,0.0974546468663255,1731612600000,0.0802711285203305
free5gc,free5gc-amf-7cbccff989-bbx5m,amf,1731612480000,0.0291009688500025,1731612540000,0.0974546468663255,1731612600000,0.0802711285203305,1731612660000,0.0559523624511328
free5gc,free5gc-amf-7cbccff989-bbx5m,amf,1731612540000,0.0974546468663255,1731612600000,0.0802711285203305,1731612660000,0.0559523624511328,1731612720000,0.0974462944911947
free5gc,free5gc-amf-7cbccff989-bbx5m,amf,1731612600000,0.0802711285203305,1731612660000,0.0559523624511328,1731612720000,0.0974462944911947,1731612780000,0.0666686850386595
free5gc,free5gc-amf-7cbccff989-bbx5m,amf,1731612660000,0.0559523624511328,1731612720000,0.0974462944911947,1731612780000,0.0666686850386595,1731612840000,0.076831238573526
free5gc,free5gc-amf-7cbccff989-bbx5m,amf,1731612720000,0.0974462944911947,1731612780000,0.0666686850386595,1731612840000,0.076831238573526,1731612900000,0.0775087824213308
free5gc,free5gc-amf-7cbccff989-bbx5m,amf,1731612780000,0.0666686850386595,1731612840000,0.076831238573526,1731612900000,0.0775087824213308,1731612960000,0.097543186658224
free5gc,free5gc-amf-7cbccff989-bbx5m,amf,1731612840000,0.076831238573526,1731612900000,0.0775087824213308,1731612960000,0.097543186658224,1731613020000,0.1093678450822205
free5gc,free5gc-amf-7cbccff989-bbx5m,amf,1731612900000,0.0775087824213308,1731612960000,0.097543186658224,1731613020000,0.1093678450822205,1731613080000,0.047879816138133
free5gc,free5gc-amf-7cbccff989-bbx5m,amf,1731612960000,0.097543186658224,1731613020000,0.1093678450822205,1731613080000,0.047879816138133,1731613140000,0.020947632738635
free5gc,free5gc-amf-7cbccff989-bbx5m,amf,1731613020000,0.1093678450822205,1731613080000,0.047879816138133,1731613140000,0.020947632738635,1731613200000,0.0834832555033621
free5gc,free5gc-amf-7cbccff989-bbx5m,amf,1731613080000,0.047879816138133,1731613140000,0.020947632738635,1731613200000,0.0834832555033621,1731613260000,0.0249944558558955
free5gc,free5gc-amf-7cbccff989-bbx5m,amf,1731613140000,0.020947632738635,1731613200000,0.0834832555033621,1731613260000,0.0249944558558955,1731613320000,0.0674655398443711
free5gc,free5gc-amf-7cbccff989-bbx5m,amf,1731613200000,0.0834832555033621,1731613260000,0.0249944558558955,1731613320000,0.0674655398443711,1731613380000,0.0564736841008568
free5gc,free5gc-amf-7cbccff989-bbx5m,amf,1731613260000,0.0249944558558955,1731613320000,0.0674655398443711,1731613380000,0.0564736841008568,1731613440000,0.096303405343147
free5gc,free5gc-amf-7cbccff989-bbx5m,amf,1731613320000,0.0674655398443711,1731613380000,0.0564736841008568,1731613440000,0.096303405343147,1731613500000,0.0716019051965267
free5gc,free5gc-amf-7cbccff989-bbx5m,amf,1731613380000,0.0564736841008568,1731613440000,0.096303405343147,1731613500000,0.0716019051965267,1731613560000,0.0920736483713277
free5gc,free5gc-amf-7cbccff989-bbx5m,amf,1731613440000,0.096303405343147,1731613500000,0.0716019051965267,1731613560000,0.0920736483713277,1731613620000,0.0781549206816761
free5gc,free5gc-amf-7cbccff989-bbx5m,amf,1731613500000,0.0716019051965267,1731613560000,0.0920736483713277,1731613620000,0.0781549206816761,1731613680000,0.0755076139652471
free5gc,free5gc-amf-7cbccff989-bbx5m,amf,1731613560000,0.0920736483713277,1731613620000,0.0781549206816761,1731613680000,0.0755076139652471,1731613740000,0.0531524072871795
free5gc,free5gc-amf-7cbccff989-bbx5m,amf,1731613620000,0.0781549206816761,1731613680000,0.0755076139652471,1731613740000,0.0531524072871795,1731613800000,0.0738862258188883
free5gc,free5gc-amf-7cbccff989-bbx5m,amf,1731613680000,0.0755076139652471,1731613740000,0.0531524072871795,1731613800000,0.0738862258188883,1731613860000,0.0355491846562401
free5gc,free5gc-amf-7cbccff989-bbx5m,amf,1731613740000,0.0531524072871795,1731613800000,0.0738862258188883,1731613860000,0.0355491846562401,1731613920000,0.0770083738218182
free5gc,free5gc-amf-7cbccff989-bbx5m,amf,1731613800000,0.0738862258188883,1731613860000,0.0355491846562401,1731613920000,0.0770083738218182,1731613980000,0.0414049561586636
free5gc,free5gc-amf-7cbccff989-bbx5m,amf,1731613860000,0.0355491846562401,1731613920000,0.0770083738218182,1731613980000,0.0414049561586636,1731614040000,0.0739750353841647
free5gc,free5gc-amf-7cbccff989-bbx5m,amf,1731613920000,0.0770083738218182,1731613980000,0.0414049561586636,1731614040000,0.0739750353841647,1731614100000,0.0662831257684892
free5gc,free5gc-amf-7cbccff989-bbx5m,amf,1731613980000,0.0414049561586636,1731614040000,0.0739750353841647,1731614100000,0.0662831257684892,1731614160000,0.0685105390293949
free5gc,free5gc-amf-7cbccff989-bbx5m,amf,1731614040000,0.0739750353841647,1731614100000,0.0662831257684892,1731614160000,0.0685105390293949,1731614220000,0.1091088864194654
free5gc,free5gc-amf-7cbccff989-bbx5m,amf,1731614100000,0.0662831257684892,1731614160000,0.0685105390293949,1731614220000,0.1091088864194654,1731614280000,0.0933054290781596
free5gc,free5gc-amf-7cbccff989-bbx5m,amf,1731614160000,0.0685105390293949,1731614220000,0.1091088864194654,1731614280000,0.0933054290781596,1731614340000,0.037848338000532
free5gc,free5gc-amf-7cbccff989-bbx5m,amf,1731614220000,0.1091088864194654,1731614280000,0.0933054290781596,1731614340000,0.037848338000532,1731614400000,0.0682424445792301
free5gc,free5gc-amf-7cbccff989-bbx5m,amf,1731614280000,0.0933054290781596,1731614340000,0.037848338000532,1731614400000,0.0682424445792301,1731614460000,0.0846295179761053
free5gc,free5gc-amf-7cbccff989-bbx5m,amf,1731614340000,0.037848338000532,1731614400000,0.0682424445792301,1731614460000,0.0846295179761053,1731614520000,0.0531194787941749
free5gc,free5gc-amf-7cbccff989-bbx5m,amf,1731614400000,0.0682424445792301,1731614460000,0.0846295179761053,1731614520000,0.0531194787941749,1731614580000,0.0922060145488578
free5gc,free5gc-amf-7cbccff989-bbx5m,amf,1731614460000,0.0846295179761053,1731614520000,0.0531194787941749,1731614580000,0.0922060145488578,1731614640000,0.067911710781112
free5gc,free5gc-amf-7cbccff989-bbx5m,amf,1731614520000,0.0531194787941749,1731614580000,0.0922060145488578,1731614640000,0.067911710781112,1731614700000,0.0591297770933457
free5gc,free5gc-amf-7cbccff989-bbx5m,amf,1731614580000,0.0922060145488578,1731614640000,0.067911710781112,1731614700000,0.0591297770933457,1731614760000,0.0876104319359901
free5gc,free5gc-amf-7cbccff989-bbx5m,amf,1731614640000,0.067911710781112,1731614700000,0.0591297770933457,1731614760000,0.0876104319359901,1731614820000,0.0929829310223964
free5gc,free5gc-amf-7cbccff989-bbx5m,amf,1731614700000,0.0591297770933457,1731614760000,0.0876104319359901,1731614820000,0.0929829310223964,1731614880000,0.0785676081341553
free5gc,free5gc-amf-7cbccff989-bbx5m,amf,1731614760000,0.0876104319359901,1731614820000,0.0929829310223964,1731614880000,0.0785676081341553,1731614940000,0.0530603654237299
free5gc,free5gc-amf-7cbccff989-bbx5m,amf,1731614820000,0.0929829310223964,1731614880000,0.0785676081341553,1731614940000,0.0530603654237299,1731615000000,0.0981764796053738
free5gc,free5gc-amf-7cbccff989-bbx5m,amf,1731614880000,0.0785676081341553,1731614940000,0.0530603654237299,1731615000000,0.0981764796053738,1731615060000,0.0814600610155305
free5gc,free5gc-amf-7cbccff989-bbx5m,amf,1731614940000,0.0530603654237299,1731615000000,0.0981764796053738,1731615060000,0.0814600610155305,1731615120000,0.0663299991033176
free5gc,free5gc-amf-7cbccff989-bbx5m,amf,1731615000000,0.0981764796053738,1731615060000,0.0814600610155305,1731615120000,0.0663299991033176,1731615180000,0.0571238798511112
free5gc,free5gc-amf-7cbccff989-bbx5m,amf,1731615060000,0.0814600610155305,1731615120000,0.0663299991033176,1731615180000,0.0571238798511112,1731615240000,0.1117952050127039
free5gc,free5gc-amf-7cbccff989-bbx5m,amf,1731615120000,0.0663299991033176,1731615180000,0.0571238798511112,1731615240000,0.1117952050127039,1731615300000,0.1009615894357732
free5gc,free5gc-amf-7cbccff989-bbx5m,amf,1731615180000,0.0571238798511112,1731615240000,0.1117952050127039,1731615300000,0.1009615894357732,1731615360000,0.1012569511632238
free5gc,free5gc-amf-7cbccff989-bbx5m,amf,1731615240000,0.1117952050127039,1731615300000,0.1009615894357732,1731615360000,0.1012569511632238,1731615420000,0.0458463216231523
free5gc,free5gc-amf-7cbccff989-bbx5m,amf,1731615300000,0.1009615894357732,1731615360000,0.1012569511632238,1731615420000,0.0458463216231523,1731615480000,0.1074787603759911
free5gc,free5gc-amf-7cbccff989-bbx5m,amf,1731615360000,0.1012569511632238,1731615420000,0.0458463216231523,1731615480000,0.1074787603759911,1731615540000,0.0542751567970627
free5gc,free5gc-amf-7cbccff989-bbx5m,amf,1731615420000,0.0458463216231523,1731615480000,0.1074787603759911,1731615540000,0.0542751567970627,1731615600000,0.0679265756242224
free5gc,free5gc-amf-7cbccff989-bbx5m,amf,1731615480000,0.1074787603759911,1731615540000,0.0542751567970627,1731615600000,0.0679265756242224,1731615660000,0.0649112128625992
free5gc,free5gc-amf-7cbccff989-bbx5m,amf,1731615540000,0.0542751567970627,1731615600000,0.0679265756242224,1731615660000,0.0649112128625992,1731615720000,0.0520464324266988
free5gc,free5gc-amf-7cbccff989-bbx5m,amf,1731615600000,0.0679265756242224,1731615660000,0.0649112128625992,1731615720000,0.0520464324266988,1731615780000,0.0937829244060962
free5gc,free5gc-amf-7cbccff989-bbx5m,amf,1731615660000,0.0649112128625992,1731615720000,0.0520464324266988,1731615780000,0.0937829244060962,1731615840000,0.0538974661646296
free5gc,free5gc-amf-7cbccff989-bbx5m,amf,1731615720000,0.0520464324266988,1731615780000,0.0937829244060962,1731615840000,0.0538974661646296,1731615900000,0.0589250710063578
free5gc,free5gc-amf-7cbccff989-bbx5m,amf,1731615780000,0.0937829244060962,1731615840000,0.0538974661646296,1731615900000,0.0589250710063578,1731615960000,0.0500882114836398
free5gc,free5gc-amf-7cbccff989-bbx5m,amf,1731615840000,0.0538974661646296,1731615900000,0.0589250710063578,1731615960000,0.0500882114836398,1731616020000,0.0726259764876676
free5gc,free5gc-amf-7cbccff989-bbx5m,amf,1731615900000,0.0589250710063578,1731615960000,0.0500882114836398,1731616020000,0.0726259764876676,1731616080000,0.1044435205110522
free5gc,free5gc-amf-7cbccff989-bbx5m,amf,1731615960000,0.0500882114836398,1731616020000,0.0726259764876676,1731616080000,0.1044435205110522,1731616140000,0.0451504784213111
free5gc,free5gc-amf-7cbccff989-bbx5m,amf,1731616020000,0.0726259764876676,1731616080000,0.1044435205110522,1731616140000,0.0451504784213111,1731616200000,0.0632529655507447
free5gc,free5gc-amf-7cbccff989-bbx5m,amf,1731616080000,0.1044435205110522,1731616140000,0.0451504784213111,1731616200000,0.0632529655507447,1731616260000,0.0651280319117714
free5gc,free5gc-amf-7cbccff989-bbx5m,amf,1731616140000,0.0451504784213111,1731616200000,0.0632529655507447,1731616260000,0.0651280319117714,1731616320000,0.0570188601260918
free5gc,free5gc-amf-7cbccff989-bbx5m,amf,1731616200000,0.0632529655507447,1731616260000,0.0651280319117714,1731616320000,0.0570188601260918,1731616380000,0.0722786182956124
free5gc,free5gc-amf-7cbccff989-bbx5m,amf,1731616260000,0.0651280319117714,1731616320000,0.0570188601260918,1731616380000,0.0722786182956124,1731616440000,0.0601499129877186
free5gc,free5gc-amf-7cbccff989-bbx5m,amf,1731616320000,0.0570188601260918,1731616380000,0.0722786182956124,1731616440000,0.0601499129877186,1731616500000,0.0574186579470394
free5gc,free5gc-amf-7cbccff989-bbx5m,amf,1731616380000,0.0722786182956124,1731616440000,0.0601499129877186,1731616500000,0.0574186579470394,1731616560000,0.0743672921804424
free5gc,free5gc-amf-7cbccff989-bbx5m,amf,1731616440000,0.0601499129877186,1731616500000,0.0574186579470394,1731616560000,0.0743672921804424,1731616620000,0.1072234175074648
free5gc,free5gc-amf-7cbccff989-bbx5m,amf,1731616500000,0.0574186579470394,1731616560000,0.0743672921804424,1731616620000,0.1072234175074648,1731616680000,0.0688924512827333
free5gc,free5gc-amf-7cbccff989-bbx5m,amf,1731616560000,0.0743672921804424,1731616620000,0.1072234175074648,1731616680000,0.0688924512827333,1731616740000,0.0510614093959774
free5gc,free5gc-amf-7cbccff989-bbx5m,amf,1731616620000,0.1072234175074648,1731616680000,0.0688924512827333,1731616740000,0.0510614093959774,1731616800000,0.061945798375317
free5gc,free5gc-amf-7cbccff989-bbx5m,amf,1731616680000,0.0688924512827333,1731616740000,0.0510614093959774,1731616800000,0.061945798375317,1731616860000,0.1202867272857762
free5gc,free5gc-amf-7cbccff989-bbx5m,amf,1731616740000,0.0510614093959774,1731616800000,0.061945798375317,1731616860000,0.1202867272857762,1731616920000,0.0732325597706439
free5gc,free5gc-amf-7cbccff989-bbx5m,amf,1731616800000,0.061945798375317,1731616860000,0.1202867272857762,1731616920000,0.0732325597706439,1731616980000,0.0386392737034314
free5gc,free5gc-amf-7cbccff989-bbx5m,amf,1731616860000,0.1202867272857762,1731616920000,0.0732325597706439,1731616980000,0.0386392737034314,1731617040000,0.0844113283551159
free5gc,free5gc-amf-7cbccff989-bbx5m,amf,1731616920000,0.0732325597706439,1731616980000,0.0386392737034314,1731617040000,0.0844113283551159,1731617100000,0.0876051989250678
free5gc,free5gc-amf-7cbccff989-bbx5m,amf,1731616980000,0.0386392737034314,1731617040000,0.0844113283551159,1731617100000,0.0876051989250678,1731617160000,0.0949979808404317
free5gc,free5gc-amf-7cbccff989-bbx5m,amf,1731617040000,0.0844113283551159,1731617100000,0.0876051989250678,1731617160000,0.0949979808404317,1731617220000,0.0911092334387423
free5gc,free5gc-amf-7cbccff989-bbx5m,amf,1731617100000,0.0876051989250678,1731617160000,0.0949979808404317,1731617220000,0.0911092334387423,1731617280000,0.0789526802047455
free5gc,free5gc-amf-7cbccff989-bbx5m,amf,1731617160000,0.0949979808404317,1731617220000,0.0911092334387423,1731617280000,0.0789526802047455,1731617340000,0.0773324371945483
free5gc,free5gc-amf-7cbccff989-bbx5m,amf,1731617220000,0.0911092334387423,1731617280000,0.0789526802047455,1731617340000,0.0773324371945483,1731617400000,0.0820666629640927
free5gc,free5gc-amf-7cbccff989-bbx5m,amf,1731617280000,0.0789526802047455,1731617340000,0.0773324371945483,1731617400000,0.0820666629640927,1731617460000,0.0556193381719633
free5gc,free5gc-amf-7cbccff989-bbx5m,amf,1731617340000,0.0773324371945483,1731617400000,0.0820666629640927,1731617460000,0.0556193381719633,1731617520000,0.1084287384428492
free5gc,free5gc-amf-7cbccff989-bbx5m,amf,1731617400000,0.0820666629640927,1731617460000,0.0556193381719633,1731617520000,0.1084287384428492,1731617580000,0.1020941240130957
free5gc,free5gc-amf-7cbccff989-bbx5m,amf,1731617460000,0.0556193381719633,1731617520000,0.1084287384428492,1731617580000,0.1020941240130957,1731617640000,0.0644862598170491
free5gc,free5gc-amf-7cbccff989-bbx5m,amf,1731617520000,0.1084287384428492,1731617580000,0.1020941240130957,1731617640000,0.0644862598170491,1731617700000,0.0935351984267266
free5gc,free5gc-amf-7cbccff989-bbx5m,amf,1731617580000,0.1020941240130957,1731617640000,0.0644862598170491,1731617700000,0.0935351984267266,1731617760000,0.0629020963329738
free5gc,free5gc-amf-7cbccff989-bbx5m,amf,1731617640000,0.0644862598170491,1731617700000,0.0935351984267266,1731617760000,0.0629020963329738,1731617820000,0.0815427800572154
free5gc,free5gc-amf-7cbccff989-bbx5m,amf,1731617700000,0.0935351984267266,1731617760000,0.0629020963329738,1731617820000,0.0815427800572154,1731617880000,0.0593220908882328
free5gc,free5gc-amf-7cbccff989-bbx5m,amf,1731617760000,0.0629020963329738,1731617820000,0.0815427800572154,1731617880000,0.0593220908882328,1731617940000,0.1002565681932961
free5gc,free5gc-amf-7cbccff989-bbx5m,amf,1731617820000,0.0815427800572154,1731617880000,0.0593220908882328,1731617940000,0.1002565681932961,1731618000000,0.051266711000563
free5gc,free5gc-amf-7cbccff989-bbx5m,amf,1731617880000,0.0593220908882328,1731617940000,0.1002565681932961,1731618000000,0.051266711000563,1731618060000,0.0824168665275111
free5gc,free5gc-amf-7cbccff989-bbx5m,amf,1731617940000,0.1002565681932961,1731618000000,0.051266711000563,1731618060000,0.0824168665275111,1731618120000,0.080950116295266
free5gc,free5gc-amf-7cbccff989-bbx5m,amf,1731618000000,0.051266711000563,1731618060000,0.0824168665275111,1731618120000,0.080950116295266,1731618180000,0.1030975447279109
free5gc,free5gc-amf-7cbccff989-bbx5m,amf,1731618060000,0.0824168665275111,1731618120000,0.080950116295266,1731618180000,0.1030975447279109,1731618240000,0.1129529516596597
free5gc,free5gc-amf-7cbccff989-bbx5m,amf,1731618120000,0.080950116295266,1731618180000,0.1030975447279109,1731618240000,0.1129529516596597,1731618300000,0.0890078991091242
free5gc,free5gc-amf-7cbccff989-bbx5m,amf,1731618180000,0.1030975447279109,1731618240000,0.1129529516596597,1731618300000,0.0890078991091242,1731618360000,0.0818409814255847
free5gc,free5gc-amf-7cbccff989-bbx5m,amf,1731618240000,0.1129529516596597,1731618300000,0.0890078991091242,1731618360000,0.0818409814255847,1731618420000,0.1087962470828631
free5gc,free5gc-amf-7cbccff989-bbx5m,amf,1731618300000,0.0890078991091242,1731618360000,0.0818409814255847,1731618420000,0.1087962470828631,1731618480000,0.089101983103132
free5gc,free5gc-amf-7cbccff989-bbx5m,amf,1731618360000,0.0818409814255847,1731618420000,0.1087962470828631,1731618480000,0.089101983103132,1731618540000,0.1081436449598388
free5gc,free5gc-amf-7cbccff989-bbx5m,amf,1731618420000,0.1087962470828631,1731618480000,0.089101983103132,1731618540000,0.1081436449598388,1731618600000,0.0865284764131108
free5gc,free5gc-amf-7cbccff989-bbx5m,amf,1731618480000,0.089101983103132,1731618540000,0.1081436449598388,1731618600000,0.0865284764131108,1731618660000,0.0574243405085618
free5gc,free5gc-amf-7cbccff989-bbx5m,amf,1731618540000,0.1081436449598388,1731618600000,0.0865284764131108,1731618660000,0.0574243405085618,1731618720000,0.086201103402495
free5gc,free5gc-amf-7cbccff989-bbx5m,amf,1731618600000,0.0865284764131108,1731618660000,0.0574243405085618,1731618720000,0.086201103402495,1731618780000,0.1058698230647732
free5gc,free5gc-amf-7cbccff989-bbx5m,amf,1731618660000,0.0574243405085618,1731618720000,0.086201103402495,1731618780000,0.1058698230647732,1731618840000,0.0286790451769019
free5gc,free5gc-amf-7cbccff989-bbx5m,amf,1731618720000,0.086201103402495,1731618780000,0.1058698230647732,1731618840000,0.0286790451769019,1731618900000,0.0413908802598587
free5gc,free5gc-amf-7cbccff989-bbx5m,amf,1731618780000,0.1058698230647732,1731618840000,0.0286790451769019,1731618900000,0.0413908802598587,1731618960000,0.1130906796037395
free5gc,free5gc-amf-7cbccff989-bbx5m,amf,1731618840000,0.0286790451769019,1731618900000,0.0413908802598587,1731618960000,0.1130906796037395,1731619020000,0.0809391681653461
free5gc,free5gc-amf-7cbccff989-bbx5m,amf,1731618900000,0.0413908802598587,1731618960000,0.1130906796037395,1731619020000,0.0809391681653461,1731619080000,0.0872583920581821
free5gc,free5gc-amf-7cbccff989-bbx5m,amf,1731618960000,0.1130906796037395,1731619020000,0.0809391681653461,1731619080000,0.0872583920581821,1731619140000,0.10919469908842
free5gc,free5gc-amf-7cbccff989-bbx5m,amf,1731619020000,0.0809391681653461,1731619080000,0.0872583920581821,1731619140000,0.10919469908842,1731619200000,0.0482301116945915
free5gc,free5gc-amf-7cbccff989-bbx5m,amf,1731619080000,0.0872583920581821,1731619140000,0.10919469908842,1731619200000,0.0482301116945915,1731619260000,0.0993792367604017
free5gc,free5gc-amf-7cbccff989-bbx5m,amf,1731619140000,0.10919469908842,1731619200000,0.0482301116945915,1731619260000,0.0993792367604017,1731619320000,0.1064245945247966
free5gc,free5gc-amf-7cbccff989-bbx5m,amf,1731619200000,0.0482301116945915,1731619260000,0.0993792367604017,1731619320000,0.1064245945247966,1731619380000,0.1033302753713867
free5gc,free5gc-amf-7cbccff989-bbx5m,amf,1731619260000,0.0993792367604017,1731619320000,0.1064245945247966,1731619380000,0.1033302753713867,1731619440000,0.0735574612698029
free5gc,free5gc-amf-7cbccff989-bbx5m,amf,1731619320000,0.1064245945247966,1731619380000,0.1033302753713867,1731619440000,0.0735574612698029,1731619500000,0.0603908922529217
free5gc,free5gc-amf-7cbccff989-bbx5m,amf,1731619380000,0.1033302753713867,1731619440000,0.0735574612698029,1731619500000,0.0603908922529217,1731619560000,0.0555897390145691
free5gc,free5gc-amf-7cbccff989-bbx5m,amf,1731619440000,0.0735574612698029,1731619500000,0.0603908922529217,1731619560000,0.0555897390145691,1731619620000,0.0441366702890121
free5gc,free5gc-amf-7cbccff989-bbx5m,amf,1731619500000,0.0603908922529217,1731619560000,0.0555897390145691,1731619620000,0.0441366702890121,1731619680000,0.0868270804770326
free5gc,free5gc-amf-7cbccff989-bbx5m,amf,1731619560000,0.0555897390145691,1731619620000,0.0441366702890121,1731619680000,0.0868270804770326,1731619740000,0.0864153898590693
free5gc,free5gc-amf-7cbccff989-bbx5m,amf,1731619620000,0.0441366702890121,1731619680000,0.0868270804770326,1731619740000,0.0864153898590693,1731619800000,0.1092816654502848
free5gc,free5gc-amf-7cbccff989-bbx5m,amf,1731619680000,0.0868270804770326,1731619740000,0.0864153898590693,1731619800000,0.1092816654502848,1731619860000,0.138156564217511
free5gc,free5gc-amf-7cbccff989-bbx5m,amf,1731619740000,0.0864153898590693,1731619800000,0.1092816654502848,1731619860000,0.138156564217511,1731619920000,0.0397628337861029
free5gc,free5gc-amf-7cbccff989-bbx5m,amf,1731619800000,0.1092816654502848,1731619860000,0.138156564217511,1731619920000,0.0397628337861029,1731619980000,0.0794138494753592
free5gc,free5gc-amf-7cbccff989-bbx5m,amf,1731619860000,0.138156564217511,1731619920000,0.0397628337861029,1731619980000,0.0794138494753592,1731620040000,0.0661140794263007
free5gc,free5gc-amf-7cbccff989-bbx5m,amf,1731619920000,0.0397628337861029,1731619980000,0.0794138494753592,1731620040000,0.0661140794263007,1731620100000,0.0717471849810713
free5gc,free5gc-amf-7cbccff989-bbx5m,amf,1731619980000,0.0794138494753592,1731620040000,0.0661140794263007,1731620100000,0.0717471849810713,1731620160000,0.0880995621541699
free5gc,free5gc-amf-7cbccff989-bbx5m,amf,1731620040000,0.0661140794263007,1731620100000,0.0717471849810713,1731620160000,0.0880995621541699,1731620220000,0.1042231624733264
free5gc,free5gc-amf-7cbccff989-bbx5m,amf,1731620100000,0.0717471849810713,1731620160000,0.0880995621541699,1731620220000,0.1042231624733264,1731620280000,0.0774250958053699
free5gc,free5gc-amf-7cbccff989-bbx5m,amf,1731620160000,0.0880995621541699,1731620220000,0.1042231624733264,1731620280000,0.0774250958053699,1731620340000,0.065313632827755
free5gc,free5gc-amf-7cbccff989-bbx5m,amf,1731620220000,0.1042231624733264,1731620280000,0.0774250958053699,1731620340000,0.065313632827755,1731620400000,0.1053583403071372
free5gc,free5gc-amf-7cbccff989-bbx5m,amf,1731620280000,0.0774250958053699,1731620340000,0.065313632827755,1731620400000,0.1053583403071372,1731620460000,0.0696474110495227
free5gc,free5gc-amf-7cbccff989-bbx5m,amf,1731620340000,0.065313632827755,1731620400000,0.1053583403071372,1731620460000,0.0696474110495227,1731620520000,0.0937826079639331
free5gc,free5gc-amf-7cbccff989-bbx5m,amf,1731620400000,0.1053583403071372,1731620460000,0.0696474110495227,1731620520000,0.0937826079639331,1731620580000,0.0689679537922163
free5gc,free5gc-amf-7cbccff989-bbx5m,amf,1731620460000,0.0696474110495227,1731620520000,0.0937826079639331,1731620580000,0.0689679537922163,1731620640000,0.0892688599748183
free5gc,free5gc-amf-7cbccff989-bbx5m,amf,1731620520000,0.0937826079639331,1731620580000,0.0689679537922163,1731620640000,0.0892688599748183,1731620700000,0.0578741088613467
free5gc,free5gc-amf-7cbccff989-bbx5m,amf,1731620580000,0.0689679537922163,1731620640000,0.0892688599748183,1731620700000,0.0578741088613467,1731620760000,0.0794346707125367
free5gc,free5gc-amf-7cbccff989-bbx5m,amf,1731620640000,0.0892688599748183,1731620700000,0.0578741088613467,1731620760000,0.0794346707125367,1731620820000,0.0753521866973704
free5gc,free5gc-amf-7cbccff989-bbx5m,amf,1731620700000,0.0578741088613467,1731620760000,0.0794346707125367,1731620820000,0.0753521866973704,1731620880000,0.1226211136660961
free5gc,free5gc-amf-7cbccff989-bbx5m,amf,1731620760000,0.0794346707125367,1731620820000,0.0753521866973704,1731620880000,0.1226211136660961,1731620940000,0.1171667967110449
free5gc,free5gc-amf-7cbccff989-bbx5m,amf,1731620820000,0.0753521866973704,1731620880000,0.1226211136660961,1731620940000,0.1171667967110449,1731621000000,0.086026880918885
free5gc,free5gc-amf-7cbccff989-bbx5m,amf,1731620880000,0.1226211136660961,1731620940000,0.1171667967110449,1731621000000,0.086026880918885,1731621060000,0.1062634104756453
free5gc,free5gc-amf-7cbccff989-bbx5m,amf,1731620940000,0.1171667967110449,1731621000000,0.086026880918885,1731621060000,0.1062634104756453,1731621120000,0.0778479032154113
free5gc,free5gc-amf-7cbccff989-bbx5m,amf,1731621000000,0.086026880918885,1731621060000,0.1062634104756453,1731621120000,0.0778479032154113,1731621180000,0.088867723476514
free5gc,free5gc-amf-7cbccff989-bbx5m,amf,1731621060000,0.1062634104756453,1731621120000,0.0778479032154113,1731621180000,0.088867723476514,1731621240000,0.0886283053165581
free5gc,free5gc-amf-7cbccff989-bbx5m,amf,1731621120000,0.0778479032154113,1731621180000,0.088867723476514,1731621240000,0.0886283053165581,1731621300000,0.0761723227591597
free5gc,free5gc-amf-7cbccff989-bbx5m,amf,1731621180000,0.088867723476514,1731621240000,0.0886283053165581,1731621300000,0.0761723227591597,1731621360000,0.0430448627840839
free5gc,free5gc-amf-7cbccff989-bbx5m,amf,1731621240000,0.0886283053165581,1731621300000,0.0761723227591597,1731621360000,0.0430448627840839,1731621420000,0.0884602541113879
free5gc,free5gc-amf-7cbccff989-bbx5m,amf,1731621300000,0.0761723227591597,1731621360000,0.0430448627840839,1731621420000,0.0884602541113879,1731621480000,0.0410801133891656
free5gc,free5gc-amf-7cbccff989-bbx5m,amf,1731621360000,0.0430448627840839,1731621420000,0.0884602541113879,1731621480000,0.0410801133891656,1731621540000,0.0441244660927849
free5gc,free5gc-amf-7cbccff989-bbx5m,amf,1731621420000,0.0884602541113879,1731621480000,0.0410801133891656,1731621540000,0.0441244660927849,1731621600000,0.1156614232089666
free5gc,free5gc-amf-7cbccff989-bbx5m,amf,1731621480000,0.0410801133891656,1731621540000,0.0441244660927849,1731621600000,0.1156614232089666,1731621660000,0.0829050242910808
free5gc,free5gc-amf-7cbccff989-bbx5m,amf,1731621540000,0.0441244660927849,1731621600000,0.1156614232089666,1731621660000,0.0829050242910808,1731621720000,0.1183065403288561
free5gc,free5gc-amf-7cbccff989-bbx5m,amf,1731621600000,0.1156614232089666,1731621660000,0.0829050242910808,1731621720000,0.1183065403288561,1731621780000,0.0380588897521826
free5gc,free5gc-amf-7cbccff989-bbx5m,amf,1731621660000,0.0829050242910808,1731621720000,0.1183065403288561,1731621780000,0.0380588897521826,1731621840000,0.0610131935147347
free5gc,free5gc-amf-7cbccff989-bbx5m,amf,1731621720000,0.1183065403288561,1731621780000,0.0380588897521826,1731621840000,0.0610131935147347,1731621900000,0.0839089602579976
free5gc,free5gc-amf-7cbccff989-bbx5m,amf,1731621780000,0.0380588897521826,1731621840000,0.0610131935147347,1731621900000,0.0839089602579976,1731621960000,0.0699252894930843
free5gc,free5gc-amf-7cbccff989-bbx5m,amf,1731621840000,0.0610131935147347,1731621900000,0.0839089602579976,1731621960000,0.0699252894930843,1731622020000,0.0604815688925902
free5gc,free5gc-amf-7cbccff989-bbx5m,amf,1731621900000,0.0839089602579976,1731621960000,0.0699252894930843,1731622020000,0.0604815688925902,1731622080000,0.0674370979949953
free5gc,free5gc-amf-7cbccff989-bbx5m,amf,1731621960000,0.0699252894930843,1731622020000,0.0604815688925902,1731622080000,0.0674370979949953,1731622140000,0.0621824691919091
free5gc,free5gc-amf-7cbccff989-bbx5m,amf,1731622020000,0.0604815688925902,1731622080000,0.0674370979949953,1731622140000,0.0621824691919091,1731622200000,0.1059128881644932
free5gc,free5gc-amf-7cbccff989-bbx5m,amf,1731622080000,0.0674370979949953,1731622140000,0.0621824691919091,1731622200000,0.1059128881644932,1731622260000,0.0693072817432709
free5gc,free5gc-amf-7cbccff989-bbx5m,amf,1731622140000,0.0621824691919091,1731622200000,0.1059128881644932,1731622260000,0.0693072817432709,1731622320000,0.062966419848069
free5gc,free5gc-amf-7cbccff989-bbx5m,amf,1731622200000,0.1059128881644932,1731622260000,0.0693072817432709,1731622320000,0.062966419848069,1731622380000,0.0478166226550215
free5gc,free5gc-amf-7cbccff989-bbx5m,amf,1731622260000,0.0693072817432709,1731622320000,0.062966419848069,1731622380000,0.0478166226550215,1731622440000,0.0640504933252807
free5gc,free5gc-amf-7cbccff989-bbx5m,amf,1731622320000,0.062966419848069,1731622380000,0.0478166226550215,1731622440000,0.0640504933252807,1731622500000,0.0843232068267594
free5gc,free5gc-amf-7cbccff989-bbx5m,amf,1731622380000,0.0478166226550215,1731622440000,0.0640504933252807,1731622500000,0.0843232068267594,1731622560000,0.0837765211938824
free5gc,free5gc-amf-7cbccff989-bbx5m,amf,1731622440000,0.0640504933252807,1731622500000,0.0843232068267594,1731622560000,0.0837765211938824,1731622620000,0.0534079818837032
free5gc,free5gc-amf-7cbccff989-bbx5m,amf,1731622500000,0.0843232068267594,1731622560000,0.0837765211938824,1731622620000,0.0534079818837032,1731622680000,0.0787369558526816
free5gc,free5gc-amf-7cbccff989-bbx5m,amf,1731622560000,0.0837765211938824,1731622620000,0.0534079818837032,1731622680000,0.0787369558526816,1731622740000,0.0742664998377692
free5gc,free5gc-amf-7cbccff989-bbx5m,amf,1731622620000,0.0534079818837032,1731622680000,0.0787369558526816,1731622740000,0.0742664998377692,1731622800000,0.0658470328928557
free5gc,free5gc-amf-7cbccff989-bbx5m,amf,1731622680000,0.0787369558526816,1731622740000,0.0742664998377692,1731622800000,0.0658470328928557,1731622860000,0.0647613966274855
free5gc,free5gc-amf-7cbccff989-bbx5m,amf,1731622740000,0.0742664998377692,1731622800000,0.0658470328928557,1731622860000,0.0647613966274855,1731622920000,0.0806712642521679
free5gc,free5gc-amf-7cbccff989-bbx5m,amf,1731622800000,0.0658470328928557,1731622860000,0.0647613966274855,1731622920000,0.0806712642521679,1731622980000,0.1169585055175709
free5gc,free5gc-amf-7cbccff989-bbx5m,amf,1731622860000,0.0647613966274855,1731622920000,0.0806712642521679,1731622980000,0.1169585055175709,1731623040000,0.0826861338242263
free5gc,free5gc-amf-7cbccff989-bbx5m,amf,1731622920000,0.0806712642521679,1731622980000,0.1169585055175709,1731623040000,0.0826861338242263,1731623100000,0.0607227555116812
free5gc,free5gc-amf-7cbccff989-bbx5m,amf,1731622980000,0.1169585055175709,1731623040000,0.0826861338242263,1731623100000,0.0607227555116812,1731623160000,0.0872844246597143
free5gc,free5gc-amf-7cbccff989-bbx5m,amf,1731623040000,0.0826861338242263,1731623100000,0.0607227555116812,1731623160000,0.0872844246597143,1731623220000,0.030236451835027
free5gc,free5gc-amf-7cbccff989-bbx5m,amf,1731623100000,0.0607227555116812,1731623160000,0.0872844246597143,1731623220000,0.030236451835027,1731623280000,0.091942897348702
free5gc,free5gc-amf-7cbccff989-bbx5m,amf,1731623160000,0.0872844246597143,1731623220000,0.030236451835027,1731623280000,0.091942897348702,1731623340000,0.0768610874922542
free5gc,free5gc-amf-7cbccff989-bbx5m,amf,1731623220000,0.030236451835027,1731623280000,0.091942897348702,1731623340000,0.0768610874922542,1731623400000,0.0629712919274644
free5gc,free5gc-amf-7cbccff989-bbx5m,amf,1731623280000,0.091942897348702,1731623340000,0.0768610874922542,1731623400000,0.0629712919274644,1731623460000,0.0705537574294823
free5gc,free5gc-amf-7cbccff989-bbx5m,amf,1731623340000,0.0768610874922542,1731623400000,0.0629712919274644,1731623460000,0.0705537574294823,1731623520000,0.0759163996050572
free5gc,free5gc-amf-7cbccff989-bbx5m,amf,1731623400000,0.0629712919274644,1731623460000,0.0705537574294823,1731623520000,0.0759163996050572,1731623580000,0.0554828208496488
free5gc,free5gc-amf-7cbccff989-bbx5m,amf,1731623460000,0.0705537574294823,1731623520000,0.0759163996050572,1731623580000,0.0554828208496488,1731623640000,0.0545804233736401
free5gc,free5gc-amf-7cbccff989-bbx5m,amf,1731623520000,0.0759163996050572,1731623580000,0.0554828208496488,1731623640000,0.0545804233736401,1731623700000,0.0789412598921957
free5gc,free5gc-amf-7cbccff989-bbx5m,amf,1731623580000,0.0554828208496488,1731623640000,0.0545804233736401,1731623700000,0.0789412598921957,1731623760000,0.0418714416689934
free5gc,free5gc-amf-7cbccff989-bbx5m,amf,1731623640000,0.0545804233736401,1731623700000,0.0789412598921957,1731623760000,0.0418714416689934,1731623820000,0.0853066682014702
free5gc,free5gc-amf-7cbccff989-bbx5m,amf,1731623700000,0.0789412598921957,1731623760000,0.0418714416689934,1731623820000,0.0853066682014702,1731623880000,0.052487193645655
free5gc,free5gc-amf-7cbccff989-bbx5m,amf,1731623760000,0.0418714416689934,1731623820000,0.0853066682014702,1731623880000,0.052487193645655,1731623940000,0.0579228450431402
free5gc,free5gc-amf-7cbccff989-bbx5m,amf,1731623820000,0.0853066682014702,1731623880000,0.052487193645655,1731623940000,0.0579228450431402,1731624000000,0.0760055015638184
free5gc,free5gc-amf-7cbccff989-bbx5m,amf,1731623880000,0.052487193645655,1731623940000,0.0579228450431402,1731624000000,0.0760055015638184,1731624060000,0.1086461755762009
free5gc,free5gc-amf-7cbccff989-bbx5m,amf,1731623940000,0.0579228450431402,1731624000000,0.0760055015638184,1731624060000,0.1086461755762009,1731624120000,0.0610905857948392
free5gc,free5gc-amf-7cbccff989-bbx5m,amf,1731624000000,0.0760055015638184,1731624060000,0.1086461755762009,1731624120000,0.0610905857948392,1731624180000,0.063234116607115
free5gc,free5gc-amf-7cbccff989-bbx5m,amf,1731624060000,0.1086461755762009,1731624120000,0.0610905857948392,1731624180000,0.063234116607115,1731624240000,0.0468197870979756
free5gc,free5gc-amf-7cbccff989-bbx5m,amf,1731624120000,0.0610905857948392,1731624180000,0.063234116607115,1731624240000,0.0468197870979756,1731624300000,0.0869670850590259
free5gc,free5gc-amf-7cbccff989-bbx5m,amf,1731624180000,0.063234116607115,1731624240000,0.0468197870979756,1731624300000,0.0869670850590259,1731624360000,0.0646765491064349
free5gc,free5gc-amf-7cbccff989-bbx5m,amf,1731624240000,0.0468197870979756,1731624300000,0.0869670850590259,1731624360000,0.0646765491064349,1731624420000,0.0952093591500045
free5gc,free5gc-amf-7cbccff989-bbx5m,amf,1731624300000,0.0869670850590259,1731624360000,0.0646765491064349,1731624420000,0.0952093591500045,1731624480000,0.0647714927491139
free5gc,free5gc-amf-7cbccff989-bbx5m,amf,1731624360000,0.0646765491064349,1731624420000,0.0952093591500045,1731624480000,0.0647714927491139,1731624540000,0.0881091725453653
free5gc,free5gc-amf-7cbccff989-bbx5m,amf,1731624420000,0.0952093591500045,1731624480000,0.0647714927491139,1731624540000,0.0881091725453653,1731624600000,0.12179762435178
free5gc,free5gc-amf-7cbccff989-bbx5m,amf,1731624480000,0.0647714927491139,1731624540000,0.0881091725453653,1731624600000,0.12179762435178,1731624660000,0.0415160449799416
free5gc,free5gc-amf-7cbccff989-bbx5m,amf,1731624540000,0.0881091725453653,1731624600000,0.12179762435178,1731624660000,0.0415160449799416,1731624720000,0.0489318906560238
free5gc,free5gc-amf-7cbccff989-bbx5m,amf,1731624600000,0.12179762435178,1731624660000,0.0415160449799416,1731624720000,0.0489318906560238,1731624780000,0.0656675237249942
free5gc,free5gc-amf-7cbccff989-bbx5m,amf,1731624660000,0.0415160449799416,1731624720000,0.0489318906560238,1731624780000,0.0656675237249942,1731624840000,0.0782436379303415
free5gc,free5gc-amf-7cbccff989-bbx5m,amf,1731624720000,0.0489318906560238,1731624780000,0.0656675237249942,1731624840000,0.0782436379303415,1731624900000,0.0480806632866182
free5gc,free5gc-amf-7cbccff989-bbx5m,amf,1731624780000,0.0656675237249942,1731624840000,0.0782436379303415,1731624900000,0.0480806632866182,1731624960000,0.0844246587211653
free5gc,free5gc-amf-7cbccff989-bbx5m,amf,1731624840000,0.0782436379303415,1731624900000,0.0480806632866182,1731624960000,0.0844246587211653,1731625020000,0.0696541999999982
free5gc,free5gc-amf-7cbccff989-bbx5m,amf,1731624900000,0.0480806632866182,1731624960000,0.0844246587211653,1731625020000,0.0696541999999982,1731625080000,0.1008711176721052
free5gc,free5gc-amf-7cbccff989-bbx5m,amf,1731624960000,0.0844246587211653,1731625020000,0.0696541999999982,1731625080000,0.1008711176721052,1731625140000,0.0412016018831938
free5gc,free5gc-amf-7cbccff989-bbx5m,amf,1731625020000,0.0696541999999982,1731625080000,0.1008711176721052,1731625140000,0.0412016018831938,1731625200000,0.0924713811017194
free5gc,free5gc-amf-7cbccff989-bbx5m,amf,1731625080000,0.1008711176721052,1731625140000,0.0412016018831938,1731625200000,0.0924713811017194,1731625260000,0.0419606590771792
free5gc,free5gc-amf-7cbccff989-bbx5m,amf,1731625140000,0.0412016018831938,1731625200000,0.0924713811017194,1731625260000,0.0419606590771792,1731625320000,0.0595657717844303
free5gc,free5gc-amf-7cbccff989-bbx5m,amf,1731625200000,0.0924713811017194,1731625260000,0.0419606590771792,1731625320000,0.0595657717844303,1731625380000,0.0785894885175094
free5gc,free5gc-amf-7cbccff989-bbx5m,amf,1731625260000,0.0419606590771792,1731625320000,0.0595657717844303,1731625380000,0.0785894885175094,1731625440000,0.0480551305179688
free5gc,free5gc-amf-7cbccff989-bbx5m,amf,1731625320000,0.0595657717844303,1731625380000,0.0785894885175094,1731625440000,0.0480551305179688,1731625500000,0.0752689861183085
free5gc,free5gc-amf-7cbccff989-bbx5m,amf,1731625380000,0.0785894885175094,1731625440000,0.0480551305179688,1731625500000,0.0752689861183085,1731625560000,0.0484149487848749
free5gc,free5gc-amf-7cbccff989-bbx5m,amf,1731625440000,0.0480551305179688,1731625500000,0.0752689861183085,1731625560000,0.0484149487848749,1731625620000,0.0463421908379053
free5gc,free5gc-amf-7cbccff989-bbx5m,amf,1731625500000,0.0752689861183085,1731625560000,0.0484149487848749,1731625620000,0.0463421908379053,1731625680000,0.0497699681570412
free5gc,free5gc-amf-7cbccff989-bbx5m,amf,1731625560000,0.0484149487848749,1731625620000,0.0463421908379053,1731625680000,0.0497699681570412,1731625740000,0.0409194538459784
free5gc,free5gc-amf-7cbccff989-bbx5m,amf,1731625620000,0.0463421908379053,1731625680000,0.0497699681570412,1731625740000,0.0409194538459784,1731625800000,0.0596052783154395
free5gc,free5gc-amf-7cbccff989-bbx5m,amf,1731625680000,0.0497699681570412,1731625740000,0.0409194538459784,1731625800000,0.0596052783154395,1731625860000,0.0401883055002927
free5gc,free5gc-amf-7cbccff989-bbx5m,amf,1731625740000,0.0409194538459784,1731625800000,0.0596052783154395,1731625860000,0.0401883055002927,1731625920000,0.0235413338115935
free5gc,free5gc-amf-7cbccff989-bbx5m,amf,1731625800000,0.0596052783154395,1731625860000,0.0401883055002927,1731625920000,0.0235413338115935,1731625980000,0.0378947160895368
free5gc,free5gc-amf-7cbccff989-bbx5m,amf,1731625860000,0.0401883055002927,1731625920000,0.0235413338115935,1731625980000,0.0378947160895368,1731626040000,0.0652002903612715
free5gc,free5gc-amf-7cbccff989-bbx5m,amf,1731625920000,0.0235413338115935,1731625980000,0.0378947160895368,1731626040000,0.0652002903612715,1731626100000,0.1085262345473805
free5gc,free5gc-amf-7cbccff989-bbx5m,amf,1731625980000,0.0378947160895368,1731626040000,0.0652002903612715,1731626100000,0.1085262345473805,1731626160000,0.0845492251853606
free5gc,free5gc-amf-7cbccff989-bbx5m,amf,1731626040000,0.0652002903612715,1731626100000,0.1085262345473805,1731626160000,0.0845492251853606,1731626220000,0.1160298733841533
free5gc,free5gc-amf-7cbccff989-bbx5m,amf,1731626100000,0.1085262345473805,1731626160000,0.0845492251853606,1731626220000,0.1160298733841533,1731626280000,0.031566888346044
free5gc,free5gc-amf-7cbccff989-bbx5m,amf,1731626160000,0.0845492251853606,1731626220000,0.1160298733841533,1731626280000,0.031566888346044,1731626340000,0.0764935617489638
free5gc,free5gc-amf-7cbccff989-bbx5m,amf,1731626220000,0.1160298733841533,1731626280000,0.031566888346044,1731626340000,0.0764935617489638,1731626400000,0.0664317976564027
free5gc,free5gc-amf-7cbccff989-bbx5m,amf,1731626280000,0.031566888346044,1731626340000,0.0764935617489638,1731626400000,0.0664317976564027,1731626460000,0.0494509665370999
free5gc,free5gc-amf-7cbccff989-bbx5m,amf,1731626340000,0.0764935617489638,1731626400000,0.0664317976564027,1731626460000,0.0494509665370999,1731626520000,0.0659372805035545
free5gc,free5gc-amf-7cbccff989-bbx5m,amf,1731626400000,0.0664317976564027,1731626460000,0.0494509665370999,1731626520000,0.0659372805035545,1731626580000,0.0506150768802223
free5gc,free5gc-amf-7cbccff989-bbx5m,amf,1731626460000,0.0494509665370999,1731626520000,0.0659372805035545,1731626580000,0.0506150768802223,1731626640000,0.0559435785966787
free5gc,free5gc-amf-7cbccff989-bbx5m,amf,1731626520000,0.0659372805035545,1731626580000,0.0506150768802223,1731626640000,0.0559435785966787,1731626700000,0.0655490355822652
free5gc,free5gc-amf-7cbccff989-bbx5m,amf,1731626580000,0.0506150768802223,1731626640000,0.0559435785966787,1731626700000,0.0655490355822652,1731626760000,0.035723809801634
free5gc,free5gc-amf-7cbccff989-bbx5m,amf,1731626640000,0.0559435785966787,1731626700000,0.0655490355822652,1731626760000,0.035723809801634,1731626820000,0.0635906082512004
free5gc,free5gc-amf-7cbccff989-bbx5m,amf,1731626700000,0.0655490355822652,1731626760000,0.035723809801634,1731626820000,0.0635906082512004,1731626880000,0.0375186560628403
free5gc,free5gc-amf-7cbccff989-bbx5m,amf,1731626760000,0.035723809801634,1731626820000,0.0635906082512004,1731626880000,0.0375186560628403,1731626940000,0.0313432537328598
free5gc,free5gc-amf-7cbccff989-bbx5m,amf,1731626820000,0.0635906082512004,1731626880000,0.0375186560628403,1731626940000,0.0313432537328598,1731627000000,0.0843195592550311
free5gc,free5gc-amf-7cbccff989-bbx5m,amf,1731626880000,0.0375186560628403,1731626940000,0.0313432537328598,1731627000000,0.0843195592550311,1731627060000,0.0747906697403383
free5gc,free5gc-amf-7cbccff989-bbx5m,amf,1731626940000,0.0313432537328598,1731627000000,0.0843195592550311,1731627060000,0.0747906697403383,1731627120000,0.061663830059333
free5gc,free5gc-amf-7cbccff989-bbx5m,amf,1731627000000,0.0843195592550311,1731627060000,0.0747906697403383,1731627120000,0.061663830059333,1731627180000,0.0670561595929564
free5gc,free5gc-amf-7cbccff989-bbx5m,amf,1731627060000,0.0747906697403383,1731627120000,0.061663830059333,1731627180000,0.0670561595929564,1731627240000,0.0223526378000087
free5gc,free5gc-amf-7cbccff989-bbx5m,amf,1731627120000,0.061663830059333,1731627180000,0.0670561595929564,1731627240000,0.0223526378000087,1731627300000,0.0636476085277307
free5gc,free5gc-amf-7cbccff989-bbx5m,amf,1731627180000,0.0670561595929564,1731627240000,0.0223526378000087,1731627300000,0.0636476085277307,1731627360000,0.0785760523424813
free5gc,free5gc-amf-7cbccff989-bbx5m,amf,1731627240000,0.0223526378000087,1731627300000,0.0636476085277307,1731627360000,0.0785760523424813,1731627420000,0.0759341705647045
free5gc,free5gc-amf-7cbccff989-bbx5m,amf,1731627300000,0.0636476085277307,1731627360000,0.0785760523424813,1731627420000,0.0759341705647045,1731627480000,0.0771449786051292
free5gc,free5gc-amf-7cbccff989-bbx5m,amf,1731627360000,0.0785760523424813,1731627420000,0.0759341705647045,1731627480000,0.0771449786051292,1731627540000,0.076681464253746
free5gc,free5gc-amf-7cbccff989-bbx5m,amf,1731627420000,0.0759341705647045,1731627480000,0.0771449786051292,1731627540000,0.076681464253746,1731627600000,0.0669197431885158
free5gc,free5gc-amf-7cbccff989-bbx5m,amf,1731627480000,0.0771449786051292,1731627540000,0.076681464253746,1731627600000,0.0669197431885158,1731627660000,0.0536270548517811
free5gc,free5gc-amf-7cbccff989-bbx5m,amf,1731627540000,0.076681464253746,1731627600000,0.0669197431885158,1731627660000,0.0536270548517811,1731627720000,0.0683725392300871
free5gc,free5gc-amf-7cbccff989-bbx5m,amf,1731627600000,0.0669197431885158,1731627660000,0.0536270548517811,1731627720000,0.0683725392300871,1731627780000,0.0754338480233739
free5gc,free5gc-amf-7cbccff989-bbx5m,amf,1731627660000,0.0536270548517811,1731627720000,0.0683725392300871,1731627780000,0.0754338480233739,1731627840000,0.1024010184023024
free5gc,free5gc-amf-7cbccff989-bbx5m,amf,1731627720000,0.0683725392300871,1731627780000,0.0754338480233739,1731627840000,0.1024010184023024,1731627900000,0.0846886472412645
free5gc,free5gc-amf-7cbccff989-bbx5m,amf,1731627780000,0.0754338480233739,1731627840000,0.1024010184023024,1731627900000,0.0846886472412645,1731627960000,0.0638204873866683
free5gc,free5gc-amf-7cbccff989-bbx5m,amf,1731627840000,0.1024010184023024,1731627900000,0.0846886472412645,1731627960000,0.0638204873866683,1731628020000,0.095847434680619
free5gc,free5gc-amf-7cbccff989-bbx5m,amf,1731627900000,0.0846886472412645,1731627960000,0.0638204873866683,1731628020000,0.095847434680619,1731628080000,0.0500263409202079
free5gc,free5gc-amf-7cbccff989-bbx5m,amf,1731627960000,0.0638204873866683,1731628020000,0.095847434680619,1731628080000,0.0500263409202079,1731628140000,0.0475447278316464
