namespace,pod,container,timestamp,cpu-average
free5gc,free5gc-amf-8745675cb-scvkr,amf,1731790740000,1.0011663673668416
free5gc,free5gc-amf-8745675cb-scvkr,amf,1731790800000,1.0013096815138283
free5gc,free5gc-amf-8745675cb-scvkr,amf,1731790860000,0.9987331746337195
free5gc,free5gc-amf-8745675cb-scvkr,amf,1731790920000,0.9982442063099914
free5gc,free5gc-amf-8745675cb-scvkr,amf,1731790980000,0.05854541329438932
free5gc,free5gc-amf-8745675cb-scvkr,amf,1731791040000,0.00015844770618576073
free5gc,free5gc-amf-8745675cb-scvkr,amf,1731791100000,0.0006440461584917736
free5gc,free5gc-amf-8745675cb-scvkr,amf,1731791160000,0
free5gc,free5gc-amf-8745675cb-scvkr,amf,1731791220000,0.0005423962742137735
free5gc,free5gc-amf-8745675cb-scvkr,amf,1731791280000,0.00016737406940312984
free5gc,free5gc-amf-8745675cb-scvkr,amf,1731791340000,0.0006106271327335992
free5gc,free5gc-amf-8745675cb-scvkr,amf,1731791400000,0
free5gc,free5gc-amf-8745675cb-scvkr,amf,1731791460000,0.0005861632699228068
free5gc,free5gc-amf-8745675cb-scvkr,amf,1731791520000,0
free5gc,free5gc-amf-8745675cb-scvkr,amf,1731791580000,0.0005618183859766598
free5gc,free5gc-amf-8745675cb-scvkr,amf,1731791640000,0
free5gc,free5gc-amf-8745675cb-scvkr,amf,1731791700000,0.00045796164936500605
free5gc,free5gc-amf-8745675cb-scvkr,amf,1731791760000,0.0001414032165211837
free5gc,free5gc-amf-8745675cb-scvkr,amf,1731791820000,0.0006536200093210028
free5gc,free5gc-amf-8745675cb-scvkr,amf,1731791880000,0
free5gc,free5gc-amf-8745675cb-scvkr,amf,1731791940000,0.0005554884338098208
free5gc,free5gc-amf-8745675cb-scvkr,amf,1731792000000,0
free5gc,free5gc-amf-8745675cb-scvkr,amf,1731792060000,0.0004506632721830841
free5gc,free5gc-amf-8745675cb-scvkr,amf,1731792120000,0.00019839417043958035
free5gc,free5gc-amf-8745675cb-scvkr,amf,1731792180000,0
free5gc,free5gc-amf-8745675cb-scvkr,amf,1731792240000,0.00033842915402078106
free5gc,free5gc-amf-8745675cb-scvkr,amf,1731792300000,0
free5gc,free5gc-amf-8745675cb-scvkr,amf,1731792360000,0.0002466353751206671
free5gc,free5gc-amf-8745675cb-scvkr,amf,1731792420000,0
free5gc,free5gc-amf-8745675cb-scvkr,amf,1731792480000,8.718610960387767e-05
free5gc,free5gc-amf-8745675cb-scvkr,amf,1731792540000,0
free5gc,free5gc-amf-8745675cb-scvkr,amf,1731792600000,7.962626958096195e-06
free5gc,free5gc-amf-8745675cb-scvkr,amf,1731792660000,0.00038004154666643967
free5gc,free5gc-amf-8745675cb-scvkr,amf,1731792720000,1.4214548852944057e-05
free5gc,free5gc-amf-8745675cb-scvkr,amf,1731792780000,0
free5gc,free5gc-amf-8745675cb-scvkr,amf,1731792840000,8.541775867099947e-06
free5gc,free5gc-amf-8745675cb-scvkr,amf,1731792900000,0
free5gc,free5gc-amf-8745675cb-scvkr,amf,1731792960000,0
free5gc,free5gc-amf-8745675cb-scvkr,amf,1731793020000,0
free5gc,free5gc-amf-8745675cb-scvkr,amf,1731793080000,0
free5gc,free5gc-amf-8745675cb-scvkr,amf,1731793140000,0.00014266435271618954
free5gc,free5gc-amf-8745675cb-scvkr,amf,1731793200000,0.0005358618656331439
free5gc,free5gc-amf-8745675cb-scvkr,amf,1731793260000,0.00013567398256114776
free5gc,free5gc-amf-8745675cb-scvkr,amf,1731793320000,0.0004685194080663737
free5gc,free5gc-amf-8745675cb-scvkr,amf,1731793380000,0.0001228043269080776
free5gc,free5gc-amf-8745675cb-scvkr,amf,1731793440000,0.0005587404041528726
free5gc,free5gc-amf-8745675cb-scvkr,amf,1731793500000,0.00019996060805669208
free5gc,free5gc-amf-8745675cb-scvkr,amf,1731793560000,0.0003883065171976259
free5gc,free5gc-amf-8745675cb-scvkr,amf,1731793620000,9.898207445896702e-05
free5gc,free5gc-amf-8745675cb-scvkr,amf,1731793680000,0.0004825896972086915
free5gc,free5gc-amf-8745675cb-scvkr,amf,1731793740000,0.0001096538691506876
free5gc,free5gc-amf-8745675cb-scvkr,amf,1731793800000,0.0008198873988169974
free5gc,free5gc-amf-8745675cb-scvkr,amf,1731793860000,0.0002572481821061865
free5gc,free5gc-amf-8745675cb-scvkr,amf,1731793920000,0.0006644891799839539
free5gc,free5gc-amf-8745675cb-scvkr,amf,1731793980000,0.00011687441901659354
free5gc,free5gc-amf-8745675cb-scvkr,amf,1731794040000,0.0003684856518049459
free5gc,free5gc-amf-8745675cb-scvkr,amf,1731794100000,0.0002734137194388248
free5gc,free5gc-amf-8745675cb-scvkr,amf,1731794160000,0.0005590113851129868
free5gc,free5gc-amf-8745675cb-scvkr,amf,1731794220000,0.00016749726874518833
free5gc,free5gc-amf-8745675cb-scvkr,amf,1731794280000,0.0005994172310789281
free5gc,free5gc-amf-8745675cb-scvkr,amf,1731794340000,0.00013324278920759895
free5gc,free5gc-amf-8745675cb-scvkr,amf,1731794400000,0.000327013215516979
free5gc,free5gc-amf-8745675cb-scvkr,amf,1731794460000,0.00017475158291159771
free5gc,free5gc-amf-8745675cb-scvkr,amf,1731794520000,0.0004800067457545808
free5gc,free5gc-amf-8745675cb-scvkr,amf,1731794580000,0.00015159363383357053
free5gc,free5gc-amf-8745675cb-scvkr,amf,1731794640000,0.0006366007839212966
free5gc,free5gc-amf-8745675cb-scvkr,amf,1731794700000,0.00014043919569017572
free5gc,free5gc-amf-8745675cb-scvkr,amf,1731794760000,0.0004176913485161001
free5gc,free5gc-amf-8745675cb-scvkr,amf,1731794820000,0.00010852520449809147
free5gc,free5gc-amf-8745675cb-scvkr,amf,1731794880000,0.00048636751972325876
free5gc,free5gc-amf-8745675cb-scvkr,amf,1731794940000,0.00020699155207867226
free5gc,free5gc-amf-8745675cb-scvkr,amf,1731795000000,0.0004088381090460856
free5gc,free5gc-amf-8745675cb-scvkr,amf,1731795060000,0.0002017511803986872
free5gc,free5gc-amf-8745675cb-scvkr,amf,1731795120000,0.00042044220512451344
free5gc,free5gc-amf-8745675cb-scvkr,amf,1731795180000,0.00019453631034035133
free5gc,free5gc-amf-8745675cb-scvkr,amf,1731795240000,0.0004743159947035876
free5gc,free5gc-amf-8745675cb-scvkr,amf,1731795300000,0.00012086958966956416
free5gc,free5gc-amf-8745675cb-scvkr,amf,1731795360000,0.0004788056235269944
free5gc,free5gc-amf-8745675cb-scvkr,amf,1731795420000,0.00013200700116675122
free5gc,free5gc-amf-8745675cb-scvkr,amf,1731795480000,0.000436064843993271
free5gc,free5gc-amf-8745675cb-scvkr,amf,1731795540000,0.00010812877927236867
free5gc,free5gc-amf-8745675cb-scvkr,amf,1731795600000,0.0005022245229642897
free5gc,free5gc-amf-8745675cb-scvkr,amf,1731795660000,6.945162263295206e-05
free5gc,free5gc-amf-8745675cb-scvkr,amf,1731795720000,0.00044780754753170703
free5gc,free5gc-amf-8745675cb-scvkr,amf,1731795780000,0.000154629857992871
free5gc,free5gc-amf-8745675cb-scvkr,amf,1731795840000,0.0005925262460585601
free5gc,free5gc-amf-8745675cb-scvkr,amf,1731795900000,9.470703967904251e-06
free5gc,free5gc-amf-8745675cb-scvkr,amf,1731795960000,0.0004057283714525325
free5gc,free5gc-amf-8745675cb-scvkr,amf,1731796020000,0
free5gc,free5gc-amf-8745675cb-scvkr,amf,1731796080000,0.000423592045246894
free5gc,free5gc-amf-8745675cb-scvkr,amf,1731796140000,0
free5gc,free5gc-amf-8745675cb-scvkr,amf,1731796200000,0
free5gc,free5gc-amf-8745675cb-scvkr,amf,1731796260000,0
free5gc,free5gc-amf-8745675cb-scvkr,amf,1731796320000,0
free5gc,free5gc-amf-8745675cb-scvkr,amf,1731796380000,0
free5gc,free5gc-amf-8745675cb-scvkr,amf,1731796440000,0
free5gc,free5gc-amf-8745675cb-scvkr,amf,1731796500000,0.00012176975911588191
free5gc,free5gc-amf-8745675cb-scvkr,amf,1731796560000,0.00014925320096092898
free5gc,free5gc-amf-8745675cb-scvkr,amf,1731796620000,0
free5gc,free5gc-amf-8745675cb-scvkr,amf,1731796680000,0
free5gc,free5gc-amf-8745675cb-scvkr,amf,1731796740000,0.0004893335786953867
free5gc,free5gc-amf-8745675cb-scvkr,amf,1731796800000,0.0001714920372677978
free5gc,free5gc-amf-8745675cb-scvkr,amf,1731796860000,0.0004857341522349812
free5gc,free5gc-amf-8745675cb-scvkr,amf,1731796920000,0.00011598912908728186
free5gc,free5gc-amf-8745675cb-scvkr,amf,1731796980000,0.0005080078471970992
free5gc,free5gc-amf-8745675cb-scvkr,amf,1731797040000,0.00021875272772475332
free5gc,free5gc-amf-8745675cb-scvkr,amf,1731797100000,0.0003080203146608582
free5gc,free5gc-amf-8745675cb-scvkr,amf,1731797160000,0.0001329163853023301
free5gc,free5gc-amf-8745675cb-scvkr,amf,1731797220000,0.0004106148809654154
free5gc,free5gc-amf-8745675cb-scvkr,amf,1731797280000,0
free5gc,free5gc-amf-8745675cb-scvkr,amf,1731797340000,0.0003247241537538856
free5gc,free5gc-amf-8745675cb-scvkr,amf,1731797400000,0.00017708285479922455
free5gc,free5gc-amf-8745675cb-scvkr,amf,1731797460000,0.0003828682163688192
free5gc,free5gc-amf-8745675cb-scvkr,amf,1731797520000,0.00013339293533819172
free5gc,free5gc-amf-8745675cb-scvkr,amf,1731797580000,0.0005524701932039367
free5gc,free5gc-amf-8745675cb-scvkr,amf,1731797640000,0.0002353560877584323
free5gc,free5gc-amf-8745675cb-scvkr,amf,1731797700000,0
free5gc,free5gc-amf-8745675cb-scvkr,amf,1731797760000,8.63001287541473e-06
free5gc,free5gc-amf-8745675cb-scvkr,amf,1731797820000,0.00019591887180079418
free5gc,free5gc-amf-8745675cb-scvkr,amf,1731797880000,0
free5gc,free5gc-amf-8745675cb-scvkr,amf,1731797940000,0.00013384772650118252
free5gc,free5gc-amf-8745675cb-scvkr,amf,1731798000000,0.0006518884837854048
free5gc,free5gc-amf-8745675cb-scvkr,amf,1731798060000,0.00027705978245438765
free5gc,free5gc-amf-8745675cb-scvkr,amf,1731798120000,0.0005100646806642349
free5gc,free5gc-amf-8745675cb-scvkr,amf,1731798180000,5.592794555513833e-05
free5gc,free5gc-amf-8745675cb-scvkr,amf,1731798240000,0
free5gc,free5gc-amf-8745675cb-scvkr,amf,1731798300000,0.00014656465517299568
free5gc,free5gc-amf-8745675cb-scvkr,amf,1731798360000,0.0005838738772926292
free5gc,free5gc-amf-8745675cb-scvkr,amf,1731798420000,0.00016119849669918204
free5gc,free5gc-amf-8745675cb-scvkr,amf,1731798480000,0
free5gc,free5gc-amf-8745675cb-scvkr,amf,1731798540000,7.806833522307488e-05
free5gc,free5gc-amf-8745675cb-scvkr,amf,1731798600000,0.00040485416666592543
free5gc,free5gc-amf-8745675cb-scvkr,amf,1731798660000,6.751336633168372e-06
free5gc,free5gc-amf-8745675cb-scvkr,amf,1731798720000,0
free5gc,free5gc-amf-8745675cb-scvkr,amf,1731798780000,0
free5gc,free5gc-amf-8745675cb-scvkr,amf,1731798840000,0.00015791440621511267
free5gc,free5gc-amf-8745675cb-scvkr,amf,1731798900000,0.00033572829131681066
free5gc,free5gc-amf-8745675cb-scvkr,amf,1731798960000,0.00021662765854008222
free5gc,free5gc-amf-8745675cb-scvkr,amf,1731799020000,0.0004276300297833567
free5gc,free5gc-amf-8745675cb-scvkr,amf,1731799080000,0.00019276664496467501
free5gc,free5gc-amf-8745675cb-scvkr,amf,1731799140000,0.0005163523500961298
free5gc,free5gc-amf-8745675cb-scvkr,amf,1731799200000,0.00015642802714938207
free5gc,free5gc-amf-8745675cb-scvkr,amf,1731799260000,0.00046901284198724467
free5gc,free5gc-amf-8745675cb-scvkr,amf,1731799320000,6.855017037488237e-05
free5gc,free5gc-amf-8745675cb-scvkr,amf,1731799380000,0.0004861294427503341
free5gc,free5gc-amf-8745675cb-scvkr,amf,1731799440000,5.2382597095009227e-05
free5gc,free5gc-amf-8745675cb-scvkr,amf,1731799500000,0.0004024182268550248
free5gc,free5gc-amf-8745675cb-scvkr,amf,1731799560000,0.00012011481154488188
free5gc,free5gc-amf-8745675cb-scvkr,amf,1731799620000,0
free5gc,free5gc-amf-8745675cb-scvkr,amf,1731799680000,0
free5gc,free5gc-amf-8745675cb-scvkr,amf,1731799740000,0.00030105161556531073
free5gc,free5gc-amf-8745675cb-scvkr,amf,1731799800000,0
free5gc,free5gc-amf-8745675cb-scvkr,amf,1731799860000,0
free5gc,free5gc-amf-8745675cb-scvkr,amf,1731799920000,0.00041313721326332144
free5gc,free5gc-amf-8745675cb-scvkr,amf,1731799980000,0.00010439023180874793
free5gc,free5gc-amf-8745675cb-scvkr,amf,1731800040000,0
free5gc,free5gc-amf-8745675cb-scvkr,amf,1731800100000,0.00015064091821402075
free5gc,free5gc-amf-8745675cb-scvkr,amf,1731800160000,0.0005043266510069792
free5gc,free5gc-amf-8745675cb-scvkr,amf,1731800220000,7.583000000010997e-06
free5gc,free5gc-amf-8745675cb-scvkr,amf,1731800280000,0.00033964555512303214
free5gc,free5gc-amf-8745675cb-scvkr,amf,1731800340000,9.08139641747122e-06
free5gc,free5gc-amf-8745675cb-scvkr,amf,1731800400000,0.00023345507710753762
free5gc,free5gc-amf-8745675cb-scvkr,amf,1731800460000,0
free5gc,free5gc-amf-8745675cb-scvkr,amf,1731800520000,8.542424492293141e-05
free5gc,free5gc-amf-8745675cb-scvkr,amf,1731800580000,0.0003932577764546635
free5gc,free5gc-amf-8745675cb-scvkr,amf,1731800640000,0.00014959103459473867
free5gc,free5gc-amf-8745675cb-scvkr,amf,1731800700000,0
free5gc,free5gc-amf-8745675cb-scvkr,amf,1731800760000,0.00017230667688117527
free5gc,free5gc-amf-8745675cb-scvkr,amf,1731800820000,0.00046300251205847137
free5gc,free5gc-amf-8745675cb-scvkr,amf,1731800880000,9.269413204136594e-06
free5gc,free5gc-amf-8745675cb-scvkr,amf,1731800940000,0.00037469564589504435
free5gc,free5gc-amf-8745675cb-scvkr,amf,1731801000000,1.2370555734856188e-05
free5gc,free5gc-amf-8745675cb-scvkr,amf,1731801060000,0
free5gc,free5gc-amf-8745675cb-scvkr,amf,1731801120000,0
free5gc,free5gc-amf-8745675cb-scvkr,amf,1731801180000,0
free5gc,free5gc-amf-8745675cb-scvkr,amf,1731801240000,0
free5gc,free5gc-amf-8745675cb-scvkr,amf,1731801300000,0
free5gc,free5gc-amf-8745675cb-scvkr,amf,1731801360000,0
free5gc,free5gc-amf-8745675cb-scvkr,amf,1731801420000,0
free5gc,free5gc-amf-8745675cb-scvkr,amf,1731801480000,0
free5gc,free5gc-amf-8745675cb-scvkr,amf,1731801540000,0
free5gc,free5gc-amf-8745675cb-scvkr,amf,1731801600000,0
free5gc,free5gc-amf-8745675cb-scvkr,amf,1731801660000,0
free5gc,free5gc-amf-8745675cb-scvkr,amf,1731801720000,0
free5gc,free5gc-amf-8745675cb-scvkr,amf,1731801780000,0
free5gc,free5gc-amf-8745675cb-scvkr,amf,1731801840000,0.0003280525099193039
free5gc,free5gc-amf-8745675cb-scvkr,amf,1731801900000,7.644654561110151e-05
free5gc,free5gc-amf-8745675cb-scvkr,amf,1731801960000,0.0003455046415614549
free5gc,free5gc-amf-8745675cb-scvkr,amf,1731802020000,0.00015142366222468462
free5gc,free5gc-amf-8745675cb-scvkr,amf,1731802080000,0.00048636452074417573
free5gc,free5gc-amf-8745675cb-scvkr,amf,1731802140000,0.00018809922836073104
free5gc,free5gc-amf-8745675cb-scvkr,amf,1731802200000,0.00018368562323602965
free5gc,free5gc-amf-8745675cb-scvkr,amf,1731802260000,0.00010809900192049828
free5gc,free5gc-amf-8745675cb-scvkr,amf,1731802320000,0.0004477821207331094
free5gc,free5gc-amf-8745675cb-scvkr,amf,1731802380000,0
free5gc,free5gc-amf-8745675cb-scvkr,amf,1731802440000,0.00039480769328476516
free5gc,free5gc-amf-8745675cb-scvkr,amf,1731802500000,0.00014862145110419782
free5gc,free5gc-amf-8745675cb-scvkr,amf,1731802560000,0.0003811141757181931
free5gc,free5gc-amf-8745675cb-scvkr,amf,1731802620000,0
free5gc,free5gc-amf-8745675cb-scvkr,amf,1731802680000,0
free5gc,free5gc-amf-8745675cb-scvkr,amf,1731802740000,0
free5gc,free5gc-amf-8745675cb-scvkr,amf,1731802800000,0
free5gc,free5gc-amf-8745675cb-scvkr,amf,1731802860000,0
free5gc,free5gc-amf-8745675cb-scvkr,amf,1731802920000,0
free5gc,free5gc-amf-8745675cb-scvkr,amf,1731802980000,0
free5gc,free5gc-amf-8745675cb-scvkr,amf,1731803040000,0
free5gc,free5gc-amf-8745675cb-scvkr,amf,1731803100000,0
free5gc,free5gc-amf-8745675cb-scvkr,amf,1731803160000,0
free5gc,free5gc-amf-8745675cb-scvkr,amf,1731803220000,0.00012165685187216134
free5gc,free5gc-amf-8745675cb-scvkr,amf,1731803280000,0.00013765872918946887
free5gc,free5gc-amf-8745675cb-scvkr,amf,1731803340000,0.0003936497339969276
free5gc,free5gc-amf-8745675cb-scvkr,amf,1731803400000,0.00011652679999940574
free5gc,free5gc-amf-8745675cb-scvkr,amf,1731803460000,0.0003722215637111181
free5gc,free5gc-amf-8745675cb-scvkr,amf,1731803520000,0
free5gc,free5gc-amf-8745675cb-scvkr,amf,1731803580000,0
free5gc,free5gc-amf-8745675cb-scvkr,amf,1731803640000,0
free5gc,free5gc-amf-8745675cb-scvkr,amf,1731803700000,0.00011213060558489691
free5gc,free5gc-amf-8745675cb-scvkr,amf,1731803760000,0.0006061733304934069
free5gc,free5gc-amf-8745675cb-scvkr,amf,1731803820000,6.600598449112706e-05
free5gc,free5gc-amf-8745675cb-scvkr,amf,1731803880000,0.00028921108450219094
free5gc,free5gc-amf-8745675cb-scvkr,amf,1731803940000,0
free5gc,free5gc-amf-8745675cb-scvkr,amf,1731804000000,0.00011412778348699521
free5gc,free5gc-amf-8745675cb-scvkr,amf,1731804060000,0.00033127505233511656
free5gc,free5gc-amf-8745675cb-scvkr,amf,1731804120000,0.0002792660675965924
free5gc,free5gc-amf-8745675cb-scvkr,amf,1731804180000,0.00034080514262800675
free5gc,free5gc-amf-8745675cb-scvkr,amf,1731804240000,8.755317533721117e-06
free5gc,free5gc-amf-8745675cb-scvkr,amf,1731804300000,0
free5gc,free5gc-amf-8745675cb-scvkr,amf,1731804360000,0
free5gc,free5gc-amf-8745675cb-scvkr,amf,1731804420000,0
free5gc,free5gc-amf-8745675cb-scvkr,amf,1731804480000,0
free5gc,free5gc-amf-8745675cb-scvkr,amf,1731804540000,5.568417493733602e-05
free5gc,free5gc-amf-8745675cb-scvkr,amf,1731804600000,0.00046368991237316306
free5gc,free5gc-amf-8745675cb-scvkr,amf,1731804660000,0.00014589124547883929
free5gc,free5gc-amf-8745675cb-scvkr,amf,1731804720000,0.0006458210274716737
free5gc,free5gc-amf-8745675cb-scvkr,amf,1731804780000,0.00015635823026586066
free5gc,free5gc-amf-8745675cb-scvkr,amf,1731804840000,0.0004619686181717623
free5gc,free5gc-amf-8745675cb-scvkr,amf,1731804900000,0.00019222699369025406
free5gc,free5gc-amf-8745675cb-scvkr,amf,1731804960000,0.00043732949597339893
free5gc,free5gc-amf-8745675cb-scvkr,amf,1731805020000,0.0001688578935039799
free5gc,free5gc-amf-8745675cb-scvkr,amf,1731805080000,0
free5gc,free5gc-amf-8745675cb-scvkr,amf,1731805140000,0
free5gc,free5gc-amf-8745675cb-scvkr,amf,1731805200000,0
free5gc,free5gc-amf-8745675cb-scvkr,amf,1731805260000,0
free5gc,free5gc-amf-8745675cb-scvkr,amf,1731805320000,0
free5gc,free5gc-amf-8745675cb-scvkr,amf,1731805380000,0
free5gc,free5gc-amf-8745675cb-scvkr,amf,1731805440000,0.00011349386914981071
free5gc,free5gc-amf-8745675cb-scvkr,amf,1731805500000,0.000231046199999696
free5gc,free5gc-amf-8745675cb-scvkr,amf,1731805560000,9.359059015672723e-05
free5gc,free5gc-amf-8745675cb-scvkr,amf,1731805620000,0.00041286236425435677
free5gc,free5gc-amf-8745675cb-scvkr,amf,1731805680000,0
free5gc,free5gc-amf-8745675cb-scvkr,amf,1731805740000,0
free5gc,free5gc-amf-8745675cb-scvkr,amf,1731805800000,0
free5gc,free5gc-amf-8745675cb-scvkr,amf,1731805860000,0.00014933964488072083
free5gc,free5gc-amf-8745675cb-scvkr,amf,1731805920000,0.0003796613386610036
free5gc,free5gc-amf-8745675cb-scvkr,amf,1731805980000,0.00012575116358328538
free5gc,free5gc-amf-8745675cb-scvkr,amf,1731806040000,0.0003796489333627937
free5gc,free5gc-amf-8745675cb-scvkr,amf,1731806100000,0.0001523933488170012
free5gc,free5gc-amf-8745675cb-scvkr,amf,1731806160000,0.00026318575754392704
free5gc,free5gc-amf-8745675cb-scvkr,amf,1731806220000,6.981478066098835e-05
free5gc,free5gc-amf-8745675cb-scvkr,amf,1731806280000,0.0003148427172308284
free5gc,free5gc-amf-8745675cb-scvkr,amf,1731806340000,0
free5gc,free5gc-amf-8745675cb-scvkr,amf,1731806400000,0
free5gc,free5gc-amf-8745675cb-scvkr,amf,1731806460000,0
free5gc,free5gc-amf-8745675cb-scvkr,amf,1731806520000,0
free5gc,free5gc-amf-8745675cb-scvkr,amf,1731806580000,0.0003475328718373645
free5gc,free5gc-amf-8745675cb-scvkr,amf,1731806640000,0.00011443481925118978
free5gc,free5gc-amf-8745675cb-scvkr,amf,1731806700000,0.0003835555463444542
free5gc,free5gc-amf-8745675cb-scvkr,amf,1731806760000,9.389961277721362e-05
free5gc,free5gc-amf-8745675cb-scvkr,amf,1731806820000,0.0005296753323142545
free5gc,free5gc-amf-8745675cb-scvkr,amf,1731806880000,0.00018600896985374157
free5gc,free5gc-amf-8745675cb-scvkr,amf,1731806940000,0.000397581860450955
free5gc,free5gc-amf-8745675cb-scvkr,amf,1731807000000,0.00020971289983477416
free5gc,free5gc-amf-8745675cb-scvkr,amf,1731807060000,0.00047213265737262503
free5gc,free5gc-amf-8745675cb-scvkr,amf,1731807120000,0
free5gc,free5gc-amf-8745675cb-scvkr,amf,1731807180000,0.00028953681503878333
free5gc,free5gc-amf-8745675cb-scvkr,amf,1731807240000,0.00018482865604341236
free5gc,free5gc-amf-8745675cb-scvkr,amf,1731807300000,0.0003532983718927206
free5gc,free5gc-amf-8745675cb-scvkr,amf,1731807360000,0
free5gc,free5gc-amf-8745675cb-scvkr,amf,1731807420000,0
free5gc,free5gc-amf-8745675cb-scvkr,amf,1731807480000,0.00010585402693415211
free5gc,free5gc-amf-8745675cb-scvkr,amf,1731807540000,0.00015397991017189087
free5gc,free5gc-amf-8745675cb-scvkr,amf,1731807600000,0.000425782357495756
free5gc,free5gc-amf-8745675cb-scvkr,amf,1731807660000,9.663778301751815e-05
free5gc,free5gc-amf-8745675cb-scvkr,amf,1731807720000,0.0003158319567565077
free5gc,free5gc-amf-8745675cb-scvkr,amf,1731807780000,0.00014936031081739102
free5gc,free5gc-amf-8745675cb-scvkr,amf,1731807840000,0
free5gc,free5gc-amf-8745675cb-scvkr,amf,1731807900000,0
free5gc,free5gc-amf-8745675cb-scvkr,amf,1731807960000,0
free5gc,free5gc-amf-8745675cb-scvkr,amf,1731808020000,0
free5gc,free5gc-amf-8745675cb-scvkr,amf,1731808080000,0.00019103706026718905
free5gc,free5gc-amf-8745675cb-scvkr,amf,1731808140000,0
free5gc,free5gc-amf-8745675cb-scvkr,amf,1731808200000,0.0001167075923310738
free5gc,free5gc-amf-8745675cb-scvkr,amf,1731808260000,0.00017731911293477674
free5gc,free5gc-amf-8745675cb-scvkr,amf,1731808320000,0.00014401561746381895
free5gc,free5gc-amf-8745675cb-scvkr,amf,1731808380000,0.0005561024028477122
free5gc,free5gc-amf-8745675cb-scvkr,amf,1731808440000,0.00010320783191668985
free5gc,free5gc-amf-8745675cb-scvkr,amf,1731808500000,0.00038140012920161057
free5gc,free5gc-amf-8745675cb-scvkr,amf,1731808560000,0.00018542126924467353
free5gc,free5gc-amf-8745675cb-scvkr,amf,1731808620000,0.0002892527082785708
free5gc,free5gc-amf-8745675cb-scvkr,amf,1731808680000,0.0001637665185188342
free5gc,free5gc-amf-8745675cb-scvkr,amf,1731808740000,0.0005472084103751526
free5gc,free5gc-amf-8745675cb-scvkr,amf,1731808800000,8.65005197600287e-05
free5gc,free5gc-amf-8745675cb-scvkr,amf,1731808860000,0
free5gc,free5gc-amf-8745675cb-scvkr,amf,1731808920000,0
free5gc,free5gc-amf-8745675cb-scvkr,amf,1731808980000,0
free5gc,free5gc-amf-8745675cb-scvkr,amf,1731809040000,0
free5gc,free5gc-amf-8745675cb-scvkr,amf,1731809100000,0
free5gc,free5gc-amf-8745675cb-scvkr,amf,1731809160000,0
free5gc,free5gc-amf-8745675cb-scvkr,amf,1731809220000,0
free5gc,free5gc-amf-8745675cb-scvkr,amf,1731809280000,0.00012028444054081154
free5gc,free5gc-amf-8745675cb-scvkr,amf,1731809340000,0
free5gc,free5gc-amf-8745675cb-scvkr,amf,1731809400000,0
free5gc,free5gc-amf-8745675cb-scvkr,amf,1731809460000,0
free5gc,free5gc-amf-8745675cb-scvkr,amf,1731809520000,0
free5gc,free5gc-amf-8745675cb-scvkr,amf,1731809580000,0.00011199901004456599
free5gc,free5gc-amf-8745675cb-scvkr,amf,1731809640000,0.0001227935307380046
free5gc,free5gc-amf-8745675cb-scvkr,amf,1731809700000,8.83054573997627e-05
free5gc,free5gc-amf-8745675cb-scvkr,amf,1731809760000,0.0006307747806615063
free5gc,free5gc-amf-8745675cb-scvkr,amf,1731809820000,0.00012461322888050394
free5gc,free5gc-amf-8745675cb-scvkr,amf,1731809880000,0
free5gc,free5gc-amf-8745675cb-scvkr,amf,1731809940000,0.0001285346172508401
free5gc,free5gc-amf-8745675cb-scvkr,amf,1731810000000,0
free5gc,free5gc-amf-8745675cb-scvkr,amf,1731810060000,0
free5gc,free5gc-amf-8745675cb-scvkr,amf,1731810120000,0
free5gc,free5gc-amf-8745675cb-scvkr,amf,1731810180000,0
free5gc,free5gc-amf-8745675cb-scvkr,amf,1731810240000,0
free5gc,free5gc-amf-8745675cb-scvkr,amf,1731810300000,0
free5gc,free5gc-amf-8745675cb-scvkr,amf,1731810360000,0
free5gc,free5gc-amf-8745675cb-scvkr,amf,1731810420000,0
free5gc,free5gc-amf-8745675cb-scvkr,amf,1731810480000,0
free5gc,free5gc-amf-8745675cb-scvkr,amf,1731810540000,0
free5gc,free5gc-amf-8745675cb-scvkr,amf,1731810600000,0
free5gc,free5gc-amf-8745675cb-scvkr,amf,1731810660000,0
free5gc,free5gc-amf-8745675cb-scvkr,amf,1731810720000,0
free5gc,free5gc-amf-8745675cb-scvkr,amf,1731810780000,0.00039584176309339866
free5gc,free5gc-amf-8745675cb-scvkr,amf,1731810840000,0
free5gc,free5gc-amf-8745675cb-scvkr,amf,1731810900000,0.0004881670981404628
free5gc,free5gc-amf-8745675cb-scvkr,amf,1731810960000,0.00017038692717768615
free5gc,free5gc-amf-8745675cb-scvkr,amf,1731811020000,0.00031683049140017515
free5gc,free5gc-amf-8745675cb-scvkr,amf,1731811080000,7.008261979447989e-06
free5gc,free5gc-amf-8745675cb-scvkr,amf,1731811140000,0
free5gc,free5gc-amf-8745675cb-scvkr,amf,1731811200000,0
free5gc,free5gc-amf-8745675cb-scvkr,amf,1731811260000,7.337781536585594e-05
free5gc,free5gc-amf-8745675cb-scvkr,amf,1731811320000,0.0004157724560864756
free5gc,free5gc-amf-8745675cb-scvkr,amf,1731811380000,0.00011364316466228684
free5gc,free5gc-amf-8745675cb-scvkr,amf,1731811440000,0.00023729184125752923
free5gc,free5gc-amf-8745675cb-scvkr,amf,1731811500000,0.00010556141579247524
free5gc,free5gc-amf-8745675cb-scvkr,amf,1731811560000,0
free5gc,free5gc-amf-8745675cb-scvkr,amf,1731811620000,0.00014216892938472518
free5gc,free5gc-amf-8745675cb-scvkr,amf,1731811680000,0
free5gc,free5gc-amf-8745675cb-scvkr,amf,1731811740000,0
free5gc,free5gc-amf-8745675cb-scvkr,amf,1731811800000,0
free5gc,free5gc-amf-8745675cb-scvkr,amf,1731811860000,0.000415206030961901
free5gc,free5gc-amf-8745675cb-scvkr,amf,1731811920000,6.719324978012718e-05
free5gc,free5gc-amf-8745675cb-scvkr,amf,1731811980000,0.00013500456375538386
free5gc,free5gc-amf-8745675cb-scvkr,amf,1731812040000,0.00012217098740980158
free5gc,free5gc-amf-8745675cb-scvkr,amf,1731812100000,0.0004540782918140493
free5gc,free5gc-amf-8745675cb-scvkr,amf,1731812160000,0.00014174682842591968
free5gc,free5gc-amf-8745675cb-scvkr,amf,1731812220000,0.0006047317350299372
free5gc,free5gc-amf-8745675cb-scvkr,amf,1731812280000,6.809676930078996e-05
free5gc,free5gc-amf-8745675cb-scvkr,amf,1731812340000,0.0004905610971936195
free5gc,free5gc-amf-8745675cb-scvkr,amf,1731812400000,0.00015473458373297625
free5gc,free5gc-amf-8745675cb-scvkr,amf,1731812460000,0.0003867843804755751
free5gc,free5gc-amf-8745675cb-scvkr,amf,1731812520000,0
free5gc,free5gc-amf-8745675cb-scvkr,amf,1731812580000,0
free5gc,free5gc-amf-8745675cb-scvkr,amf,1731812640000,8.757950872626537e-05
free5gc,free5gc-amf-8745675cb-scvkr,amf,1731812700000,9.43492450815413e-05
free5gc,free5gc-amf-8745675cb-scvkr,amf,1731812760000,0.0004990846984782804
free5gc,free5gc-amf-8745675cb-scvkr,amf,1731812820000,0.0001050954422683341
free5gc,free5gc-amf-8745675cb-scvkr,amf,1731812880000,0.0004440617605191859
free5gc,free5gc-amf-8745675cb-scvkr,amf,1731812940000,0.00011888873094782304
free5gc,free5gc-amf-8745675cb-scvkr,amf,1731813000000,0.0005860436517835987
free5gc,free5gc-amf-8745675cb-scvkr,amf,1731813060000,8.227295955653083e-05
free5gc,free5gc-amf-8745675cb-scvkr,amf,1731813120000,0.0003549201116933694
free5gc,free5gc-amf-8745675cb-scvkr,amf,1731813180000,7.737923649715018e-06
free5gc,free5gc-amf-8745675cb-scvkr,amf,1731813240000,0
free5gc,free5gc-amf-8745675cb-scvkr,amf,1731813300000,0.00010593696956607219
free5gc,free5gc-amf-8745675cb-scvkr,amf,1731813360000,6.0348430670561224e-05
free5gc,free5gc-amf-8745675cb-scvkr,amf,1731813420000,0
free5gc,free5gc-amf-8745675cb-scvkr,amf,1731813480000,0.0001223549905037029
free5gc,free5gc-amf-8745675cb-scvkr,amf,1731813540000,0.00041583520139663806
free5gc,free5gc-amf-8745675cb-scvkr,amf,1731813600000,0
free5gc,free5gc-amf-8745675cb-scvkr,amf,1731813660000,0.00011175118291964088
free5gc,free5gc-amf-8745675cb-scvkr,amf,1731813720000,0.0001388453361617045
free5gc,free5gc-amf-8745675cb-scvkr,amf,1731813780000,0.00036231917540321636
free5gc,free5gc-amf-8745675cb-scvkr,amf,1731813840000,0.00016685728800750732
free5gc,free5gc-amf-8745675cb-scvkr,amf,1731813900000,0.0004501455127293224
free5gc,free5gc-amf-8745675cb-scvkr,amf,1731813960000,0.00012114339587107408
free5gc,free5gc-amf-8745675cb-scvkr,amf,1731814020000,0.0009465529604753931
free5gc,free5gc-amf-8745675cb-scvkr,amf,1731814080000,0.00011687387829631624
free5gc,free5gc-amf-8745675cb-scvkr,amf,1731814140000,0.0005358732348421542
free5gc,free5gc-amf-8745675cb-scvkr,amf,1731814200000,9.989749987984815e-05
free5gc,free5gc-amf-8745675cb-scvkr,amf,1731814260000,0.0002402115888107277
free5gc,free5gc-amf-8745675cb-scvkr,amf,1731814320000,9.219800587691351e-05
free5gc,free5gc-amf-8745675cb-scvkr,amf,1731814380000,0
free5gc,free5gc-amf-8745675cb-scvkr,amf,1731814440000,1.1024792290495517e-05
free5gc,free5gc-amf-8745675cb-scvkr,amf,1731814500000,0
free5gc,free5gc-amf-8745675cb-scvkr,amf,1731814560000,0
free5gc,free5gc-amf-8745675cb-scvkr,amf,1731814620000,0.0001450401081926398
free5gc,free5gc-amf-8745675cb-scvkr,amf,1731814680000,0
free5gc,free5gc-amf-8745675cb-scvkr,amf,1731814740000,0.00014546191585691905
free5gc,free5gc-amf-8745675cb-scvkr,amf,1731814800000,0
free5gc,free5gc-amf-8745675cb-scvkr,amf,1731814860000,0.00016811964334604643
free5gc,free5gc-amf-8745675cb-scvkr,amf,1731814920000,0
free5gc,free5gc-amf-8745675cb-scvkr,amf,1731814980000,0
free5gc,free5gc-amf-8745675cb-scvkr,amf,1731815040000,0.00017156989999875802
free5gc,free5gc-amf-8745675cb-scvkr,amf,1731815100000,0.00013232490569170646
free5gc,free5gc-amf-8745675cb-scvkr,amf,1731815160000,0.000444131792551629
free5gc,free5gc-amf-8745675cb-scvkr,amf,1731815220000,0.00021580963045896741
free5gc,free5gc-amf-8745675cb-scvkr,amf,1731815280000,0.000359673106782656
free5gc,free5gc-amf-8745675cb-scvkr,amf,1731815340000,1.0156584548785802e-05
free5gc,free5gc-amf-8745675cb-scvkr,amf,1731815400000,0
free5gc,free5gc-amf-8745675cb-scvkr,amf,1731815460000,0
free5gc,free5gc-amf-8745675cb-scvkr,amf,1731815520000,0.0002299274888586271
free5gc,free5gc-amf-8745675cb-scvkr,amf,1731815580000,0.00044578104235376364
free5gc,free5gc-amf-8745675cb-scvkr,amf,1731815640000,0.00010969619571878532
free5gc,free5gc-amf-8745675cb-scvkr,amf,1731815700000,0.0001935051428851257
free5gc,free5gc-amf-8745675cb-scvkr,amf,1731815760000,0
free5gc,free5gc-amf-8745675cb-scvkr,amf,1731815820000,0.00014706473350199506
free5gc,free5gc-amf-8745675cb-scvkr,amf,1731815880000,0.00039592707292711467
free5gc,free5gc-amf-8745675cb-scvkr,amf,1731815940000,0.00016293922376226538
free5gc,free5gc-amf-8745675cb-scvkr,amf,1731816000000,0.0004360110891486119
free5gc,free5gc-amf-8745675cb-scvkr,amf,1731816060000,0.00011325123243589768
free5gc,free5gc-amf-8745675cb-scvkr,amf,1731816120000,0.0004460078458521333
free5gc,free5gc-amf-8745675cb-scvkr,amf,1731816180000,7.438522799967228e-05
free5gc,free5gc-amf-8745675cb-scvkr,amf,1731816240000,0.0005383399320101341
free5gc,free5gc-amf-8745675cb-scvkr,amf,1731816300000,0.000178991909536476
free5gc,free5gc-amf-8745675cb-scvkr,amf,1731816360000,0.00029757746116823217
free5gc,free5gc-amf-8745675cb-scvkr,amf,1731816420000,0.00019364567445893295
free5gc,free5gc-amf-8745675cb-scvkr,amf,1731816480000,0.0003683899821878321
free5gc,free5gc-amf-8745675cb-scvkr,amf,1731816540000,0.00022057979504069237
free5gc,free5gc-amf-8745675cb-scvkr,amf,1731816600000,0.0003966182279253194
free5gc,free5gc-amf-8745675cb-scvkr,amf,1731816660000,0.00011793260000132476
free5gc,free5gc-amf-8745675cb-scvkr,amf,1731816720000,0.0003480703898142283
free5gc,free5gc-amf-8745675cb-scvkr,amf,1731816780000,9.727647757288725e-05
free5gc,free5gc-amf-8745675cb-scvkr,amf,1731816840000,0.0004906603368513201
free5gc,free5gc-amf-8745675cb-scvkr,amf,1731816900000,0.0001781207682053408
free5gc,free5gc-amf-8745675cb-scvkr,amf,1731816960000,0.0005968684438786903
free5gc,free5gc-amf-8745675cb-scvkr,amf,1731817020000,0.00016549939012697548
free5gc,free5gc-amf-8745675cb-scvkr,amf,1731817080000,0.0002843207661234355
free5gc,free5gc-amf-8745675cb-scvkr,amf,1731817140000,0.00011845270137416088
free5gc,free5gc-amf-8745675cb-scvkr,amf,1731817200000,0.0005177405000011959
free5gc,free5gc-amf-8745675cb-scvkr,amf,1731817260000,0.00010050291471059986
free5gc,free5gc-amf-8745675cb-scvkr,amf,1731817320000,0.000414911724985226
free5gc,free5gc-amf-8745675cb-scvkr,amf,1731817380000,0.00016213156210028454
free5gc,free5gc-amf-8745675cb-scvkr,amf,1731817440000,0.00043519375596718664
free5gc,free5gc-amf-8745675cb-scvkr,amf,1731817500000,0.00017296184591451456
free5gc,free5gc-amf-8745675cb-scvkr,amf,1731817560000,0.0006447033812290747
free5gc,free5gc-amf-8745675cb-scvkr,amf,1731817620000,0.00017210272151438116
free5gc,free5gc-amf-8745675cb-scvkr,amf,1731817680000,0.0005241041743906329
free5gc,free5gc-amf-8745675cb-scvkr,amf,1731817740000,0.000163889313835599
free5gc,free5gc-amf-8745675cb-scvkr,amf,1731817800000,0.0004962104406337463
free5gc,free5gc-amf-8745675cb-scvkr,amf,1731817860000,0.00010642284167296524
free5gc,free5gc-amf-8745675cb-scvkr,amf,1731817920000,0.0004598497074219941
free5gc,free5gc-amf-8745675cb-scvkr,amf,1731817980000,0.0001396281870461741
free5gc,free5gc-amf-8745675cb-scvkr,amf,1731818040000,0.0006025378092094587
free5gc,free5gc-amf-8745675cb-scvkr,amf,1731818100000,8.108101101795321e-05
free5gc,free5gc-amf-8745675cb-scvkr,amf,1731818160000,0.00038262395122909957
free5gc,free5gc-amf-8745675cb-scvkr,amf,1731818220000,0.00017284331997492953
free5gc,free5gc-amf-8745675cb-scvkr,amf,1731818280000,0.0003385191523220803
free5gc,free5gc-amf-8745675cb-scvkr,amf,1731818340000,8.563058818502145e-05
free5gc,free5gc-amf-8745675cb-scvkr,amf,1731818400000,0.0006808983621017042
free5gc,free5gc-amf-8745675cb-scvkr,amf,1731818460000,6.232015563119383e-05
free5gc,free5gc-amf-8745675cb-scvkr,amf,1731818520000,0
free5gc,free5gc-amf-8745675cb-scvkr,amf,1731818580000,0.00016855060506070911
free5gc,free5gc-amf-8745675cb-scvkr,amf,1731818640000,0.0004317683497653566
free5gc,free5gc-amf-8745675cb-scvkr,amf,1731818700000,0.00011844797251630013
free5gc,free5gc-amf-8745675cb-scvkr,amf,1731818760000,0.00041025112503533526
free5gc,free5gc-amf-8745675cb-scvkr,amf,1731818820000,0
free5gc,free5gc-amf-8745675cb-scvkr,amf,1731818880000,9.265134235492158e-05
free5gc,free5gc-amf-8745675cb-scvkr,amf,1731818940000,0.00018340836376646685
free5gc,free5gc-amf-8745675cb-scvkr,amf,1731819000000,0.00022700765661365339
free5gc,free5gc-amf-8745675cb-scvkr,amf,1731819060000,0.0003302737306844201
free5gc,free5gc-amf-8745675cb-scvkr,amf,1731819120000,0.00017207158738836764
free5gc,free5gc-amf-8745675cb-scvkr,amf,1731819180000,0
free5gc,free5gc-amf-8745675cb-scvkr,amf,1731819240000,0
free5gc,free5gc-amf-8745675cb-scvkr,amf,1731819300000,0.00045743047398637027
free5gc,free5gc-amf-8745675cb-scvkr,amf,1731819360000,0.0002093570752031591
free5gc,free5gc-amf-8745675cb-scvkr,amf,1731819420000,0
free5gc,free5gc-amf-8745675cb-scvkr,amf,1731819480000,0
free5gc,free5gc-amf-8745675cb-scvkr,amf,1731819540000,0.00040408776057360493
free5gc,free5gc-amf-8745675cb-scvkr,amf,1731819600000,0
free5gc,free5gc-amf-8745675cb-scvkr,amf,1731819660000,0
free5gc,free5gc-amf-8745675cb-scvkr,amf,1731819720000,0
free5gc,free5gc-amf-8745675cb-scvkr,amf,1731819780000,0.0003544524247882242
free5gc,free5gc-amf-8745675cb-scvkr,amf,1731819840000,0
free5gc,free5gc-amf-8745675cb-scvkr,amf,1731819900000,0
free5gc,free5gc-amf-8745675cb-scvkr,amf,1731819960000,0
free5gc,free5gc-amf-8745675cb-scvkr,amf,1731820020000,0
free5gc,free5gc-amf-8745675cb-scvkr,amf,1731820080000,0
free5gc,free5gc-amf-8745675cb-scvkr,amf,1731820140000,0.0005063118931552403
free5gc,free5gc-amf-8745675cb-scvkr,amf,1731820200000,0
free5gc,free5gc-amf-8745675cb-scvkr,amf,1731820260000,0
free5gc,free5gc-amf-8745675cb-scvkr,amf,1731820320000,0
free5gc,free5gc-amf-8745675cb-scvkr,amf,1731820380000,0
free5gc,free5gc-amf-8745675cb-scvkr,amf,1731820440000,8.915419289636412e-05
free5gc,free5gc-amf-8745675cb-scvkr,amf,1731820500000,0
free5gc,free5gc-amf-8745675cb-scvkr,amf,1731820560000,0.00014636829013056117
free5gc,free5gc-amf-8745675cb-scvkr,amf,1731820620000,0.00046254037049968296
free5gc,free5gc-amf-8745675cb-scvkr,amf,1731820680000,0
free5gc,free5gc-amf-8745675cb-scvkr,amf,1731820740000,0
free5gc,free5gc-amf-8745675cb-scvkr,amf,1731820800000,0
free5gc,free5gc-amf-8745675cb-scvkr,amf,1731820860000,0
free5gc,free5gc-amf-8745675cb-scvkr,amf,1731820920000,0
free5gc,free5gc-amf-8745675cb-scvkr,amf,1731820980000,0
free5gc,free5gc-amf-8745675cb-scvkr,amf,1731821040000,0
free5gc,free5gc-amf-8745675cb-scvkr,amf,1731821100000,0
free5gc,free5gc-amf-8745675cb-scvkr,amf,1731821160000,0
free5gc,free5gc-amf-8745675cb-scvkr,amf,1731821220000,0
free5gc,free5gc-amf-8745675cb-scvkr,amf,1731821280000,0
free5gc,free5gc-amf-8745675cb-scvkr,amf,1731821340000,0
free5gc,free5gc-amf-8745675cb-scvkr,amf,1731821400000,0
free5gc,free5gc-amf-8745675cb-scvkr,amf,1731821460000,8.25243858015001e-05
free5gc,free5gc-amf-8745675cb-scvkr,amf,1731821520000,0.00030838091055491074
free5gc,free5gc-amf-8745675cb-scvkr,amf,1731821580000,0
free5gc,free5gc-amf-8745675cb-scvkr,amf,1731821640000,0
free5gc,free5gc-amf-8745675cb-scvkr,amf,1731821700000,0
free5gc,free5gc-amf-8745675cb-scvkr,amf,1731821760000,0
free5gc,free5gc-amf-8745675cb-scvkr,amf,1731821820000,0
free5gc,free5gc-amf-8745675cb-scvkr,amf,1731821880000,0.00036751884746108736
free5gc,free5gc-amf-8745675cb-scvkr,amf,1731821940000,0
free5gc,free5gc-amf-8745675cb-scvkr,amf,1731822000000,0
free5gc,free5gc-amf-8745675cb-scvkr,amf,1731822060000,0
free5gc,free5gc-amf-8745675cb-scvkr,amf,1731822120000,0.0004252408067594265
free5gc,free5gc-amf-8745675cb-scvkr,amf,1731822180000,0
free5gc,free5gc-amf-8745675cb-scvkr,amf,1731822240000,0
free5gc,free5gc-amf-8745675cb-scvkr,amf,1731822300000,8.720549509311107e-05
free5gc,free5gc-amf-8745675cb-scvkr,amf,1731822360000,0
free5gc,free5gc-amf-8745675cb-scvkr,amf,1731822420000,0
free5gc,free5gc-amf-8745675cb-scvkr,amf,1731822480000,0.0003188861368464109
free5gc,free5gc-amf-8745675cb-scvkr,amf,1731822540000,0
free5gc,free5gc-amf-8745675cb-scvkr,amf,1731822600000,0
free5gc,free5gc-amf-8745675cb-scvkr,amf,1731822660000,0
free5gc,free5gc-amf-8745675cb-scvkr,amf,1731822720000,0.00030842672100097343
free5gc,free5gc-amf-8745675cb-scvkr,amf,1731822780000,0.00017933481933842302
free5gc,free5gc-amf-8745675cb-scvkr,amf,1731822840000,0
free5gc,free5gc-amf-8745675cb-scvkr,amf,1731822900000,0
free5gc,free5gc-amf-8745675cb-scvkr,amf,1731822960000,0
free5gc,free5gc-amf-8745675cb-scvkr,amf,1731823020000,0
free5gc,free5gc-amf-8745675cb-scvkr,amf,1731823080000,0
free5gc,free5gc-amf-8745675cb-scvkr,amf,1731823140000,0
free5gc,free5gc-amf-8745675cb-scvkr,amf,1731823200000,0
free5gc,free5gc-amf-8745675cb-scvkr,amf,1731823260000,0
free5gc,free5gc-amf-8745675cb-scvkr,amf,1731823320000,0
free5gc,free5gc-amf-8745675cb-scvkr,amf,1731823380000,0
free5gc,free5gc-amf-8745675cb-scvkr,amf,1731823440000,0
free5gc,free5gc-amf-8745675cb-scvkr,amf,1731823500000,0
free5gc,free5gc-amf-8745675cb-scvkr,amf,1731823560000,0
free5gc,free5gc-amf-8745675cb-scvkr,amf,1731823620000,0
free5gc,free5gc-amf-8745675cb-scvkr,amf,1731823680000,0
free5gc,free5gc-amf-8745675cb-scvkr,amf,1731823740000,0.00017218883496048653
free5gc,free5gc-amf-8745675cb-scvkr,amf,1731823800000,0
free5gc,free5gc-amf-8745675cb-scvkr,amf,1731823860000,0
free5gc,free5gc-amf-8745675cb-scvkr,amf,1731823920000,0
free5gc,free5gc-amf-8745675cb-scvkr,amf,1731823980000,0
free5gc,free5gc-amf-8745675cb-scvkr,amf,1731824040000,0
free5gc,free5gc-amf-8745675cb-scvkr,amf,1731824100000,0
free5gc,free5gc-amf-8745675cb-scvkr,amf,1731824160000,0.0003216755715533388
free5gc,free5gc-amf-8745675cb-scvkr,amf,1731824220000,0
free5gc,free5gc-amf-8745675cb-scvkr,amf,1731824280000,0
free5gc,free5gc-amf-8745675cb-scvkr,amf,1731824340000,0.00014156867424692943
free5gc,free5gc-amf-8745675cb-scvkr,amf,1731824400000,0
free5gc,free5gc-amf-8745675cb-scvkr,amf,1731824460000,0
free5gc,free5gc-amf-8745675cb-scvkr,amf,1731824520000,0
free5gc,free5gc-amf-8745675cb-scvkr,amf,1731824580000,0
free5gc,free5gc-amf-8745675cb-scvkr,amf,1731824640000,0
free5gc,free5gc-amf-8745675cb-scvkr,amf,1731824700000,0
free5gc,free5gc-amf-8745675cb-scvkr,amf,1731824760000,0
free5gc,free5gc-amf-8745675cb-scvkr,amf,1731824820000,0
free5gc,free5gc-amf-8745675cb-scvkr,amf,1731824880000,0.0004843742984412448
free5gc,free5gc-amf-8745675cb-scvkr,amf,1731824940000,0
free5gc,free5gc-amf-8745675cb-scvkr,amf,1731825000000,0
free5gc,free5gc-amf-8745675cb-scvkr,amf,1731825060000,0
free5gc,free5gc-amf-8745675cb-scvkr,amf,1731825120000,0.0003790690274802292
free5gc,free5gc-amf-8745675cb-scvkr,amf,1731825180000,0
free5gc,free5gc-amf-8745675cb-scvkr,amf,1731825240000,0
free5gc,free5gc-amf-8745675cb-scvkr,amf,1731825300000,0
free5gc,free5gc-amf-8745675cb-scvkr,amf,1731825360000,0
