namespace,pod,container,timestamp,mem-average
free5gc,free5gc-amf-8745675cb-scvkr,amf,1731790680000,0.01175
free5gc,free5gc-amf-8745675cb-scvkr,amf,1731790740000,0.7743187500000001
free5gc,free5gc-amf-8745675cb-scvkr,amf,1731790800000,0.7915208333333333
free5gc,free5gc-amf-8745675cb-scvkr,amf,1731790860000,0.73458203125
free5gc,free5gc-amf-8745675cb-scvkr,amf,1731790920000,0.6041328125
free5gc,free5gc-amf-8745675cb-scvkr,amf,1731790980000,0.237578125
free5gc,free5gc-amf-8745675cb-scvkr,amf,1731791040000,0.182921875
free5gc,free5gc-amf-8745675cb-scvkr,amf,1731791100000,0.1767890625
free5gc,free5gc-amf-8745675cb-scvkr,amf,1731791160000,0.16786458333333334
free5gc,free5gc-amf-8745675cb-scvkr,amf,1731791220000,0.16645833333333335
free5gc,free5gc-amf-8745675cb-scvkr,amf,1731791280000,0.16534375
free5gc,free5gc-amf-8745675cb-scvkr,amf,1731791340000,0.16529296875
free5gc,free5gc-amf-8745675cb-scvkr,amf,1731791400000,0.165140625
free5gc,free5gc-amf-8745675cb-scvkr,amf,1731791460000,0.158234375
free5gc,free5gc-amf-8745675cb-scvkr,amf,1731791520000,0.1535625
free5gc,free5gc-amf-8745675cb-scvkr,amf,1731791580000,0.15359765625
free5gc,free5gc-amf-8745675cb-scvkr,amf,1731791640000,0.15181770833333336
free5gc,free5gc-amf-8745675cb-scvkr,amf,1731791700000,0.14494921875
free5gc,free5gc-amf-8745675cb-scvkr,amf,1731791760000,0.144578125
free5gc,free5gc-amf-8745675cb-scvkr,amf,1731791820000,0.14438541666666665
free5gc,free5gc-amf-8745675cb-scvkr,amf,1731791880000,0.14446875
free5gc,free5gc-amf-8745675cb-scvkr,amf,1731791940000,0.14454166666666668
free5gc,free5gc-amf-8745675cb-scvkr,amf,1731792000000,0.14315625
free5gc,free5gc-amf-8745675cb-scvkr,amf,1731792060000,0.1243125
free5gc,free5gc-amf-8745675cb-scvkr,amf,1731792120000,0.1230234375
free5gc,free5gc-amf-8745675cb-scvkr,amf,1731792180000,0.123015625
free5gc,free5gc-amf-8745675cb-scvkr,amf,1731792240000,0.12305859375
free5gc,free5gc-amf-8745675cb-scvkr,amf,1731792300000,0.123140625
free5gc,free5gc-amf-8745675cb-scvkr,amf,1731792360000,0.1231484375
free5gc,free5gc-amf-8745675cb-scvkr,amf,1731792420000,0.123171875
free5gc,free5gc-amf-8745675cb-scvkr,amf,1731792480000,0.122328125
free5gc,free5gc-amf-8745675cb-scvkr,amf,1731792540000,0.11975
free5gc,free5gc-amf-8745675cb-scvkr,amf,1731792600000,0.119578125
free5gc,free5gc-amf-8745675cb-scvkr,amf,1731792660000,0.11926874999999999
free5gc,free5gc-amf-8745675cb-scvkr,amf,1731792720000,0.1188125
free5gc,free5gc-amf-8745675cb-scvkr,amf,1731792780000,0.118796875
free5gc,free5gc-amf-8745675cb-scvkr,amf,1731792840000,0.118578125
free5gc,free5gc-amf-8745675cb-scvkr,amf,1731792900000,0.118578125
free5gc,free5gc-amf-8745675cb-scvkr,amf,1731792960000,0.118578125
free5gc,free5gc-amf-8745675cb-scvkr,amf,1731793020000,0.118578125
free5gc,free5gc-amf-8745675cb-scvkr,amf,1731793080000,0.118703125
free5gc,free5gc-amf-8745675cb-scvkr,amf,1731793140000,0.1187265625
free5gc,free5gc-amf-8745675cb-scvkr,amf,1731793200000,0.118828125
free5gc,free5gc-amf-8745675cb-scvkr,amf,1731793260000,0.118875
free5gc,free5gc-amf-8745675cb-scvkr,amf,1731793320000,0.118875
free5gc,free5gc-amf-8745675cb-scvkr,amf,1731793380000,0.11888541666666667
free5gc,free5gc-amf-8745675cb-scvkr,amf,1731793440000,0.11893229166666666
free5gc,free5gc-amf-8745675cb-scvkr,amf,1731793500000,0.118953125
free5gc,free5gc-amf-8745675cb-scvkr,amf,1731793560000,0.118953125
free5gc,free5gc-amf-8745675cb-scvkr,amf,1731793620000,0.118953125
free5gc,free5gc-amf-8745675cb-scvkr,amf,1731793680000,0.118953125
free5gc,free5gc-amf-8745675cb-scvkr,amf,1731793740000,0.118953125
free5gc,free5gc-amf-8745675cb-scvkr,amf,1731793800000,0.118953125
free5gc,free5gc-amf-8745675cb-scvkr,amf,1731793860000,0.11895833333333335
free5gc,free5gc-amf-8745675cb-scvkr,amf,1731793920000,0.11897395833333332
free5gc,free5gc-amf-8745675cb-scvkr,amf,1731793980000,0.118953125
free5gc,free5gc-amf-8745675cb-scvkr,amf,1731794040000,0.118953125
free5gc,free5gc-amf-8745675cb-scvkr,amf,1731794100000,0.118953125
free5gc,free5gc-amf-8745675cb-scvkr,amf,1731794160000,0.117890625
free5gc,free5gc-amf-8745675cb-scvkr,amf,1731794220000,0.115765625
free5gc,free5gc-amf-8745675cb-scvkr,amf,1731794280000,0.115765625
free5gc,free5gc-amf-8745675cb-scvkr,amf,1731794340000,0.115765625
free5gc,free5gc-amf-8745675cb-scvkr,amf,1731794400000,0.1157734375
free5gc,free5gc-amf-8745675cb-scvkr,amf,1731794460000,0.11579166666666667
free5gc,free5gc-amf-8745675cb-scvkr,amf,1731794520000,0.115796875
free5gc,free5gc-amf-8745675cb-scvkr,amf,1731794580000,0.115796875
free5gc,free5gc-amf-8745675cb-scvkr,amf,1731794640000,0.115796875
free5gc,free5gc-amf-8745675cb-scvkr,amf,1731794700000,0.115796875
free5gc,free5gc-amf-8745675cb-scvkr,amf,1731794760000,0.11578125
free5gc,free5gc-amf-8745675cb-scvkr,amf,1731794820000,0.11579166666666667
free5gc,free5gc-amf-8745675cb-scvkr,amf,1731794880000,0.11569270833333334
free5gc,free5gc-amf-8745675cb-scvkr,amf,1731794940000,0.11563541666666666
free5gc,free5gc-amf-8745675cb-scvkr,amf,1731795000000,0.115625
free5gc,free5gc-amf-8745675cb-scvkr,amf,1731795060000,0.115625
free5gc,free5gc-amf-8745675cb-scvkr,amf,1731795120000,0.1137578125
free5gc,free5gc-amf-8745675cb-scvkr,amf,1731795180000,0.113328125
free5gc,free5gc-amf-8745675cb-scvkr,amf,1731795240000,0.113328125
free5gc,free5gc-amf-8745675cb-scvkr,amf,1731795300000,0.113328125
free5gc,free5gc-amf-8745675cb-scvkr,amf,1731795360000,0.113328125
free5gc,free5gc-amf-8745675cb-scvkr,amf,1731795420000,0.113328125
free5gc,free5gc-amf-8745675cb-scvkr,amf,1731795480000,0.113328125
free5gc,free5gc-amf-8745675cb-scvkr,amf,1731795540000,0.113328125
free5gc,free5gc-amf-8745675cb-scvkr,amf,1731795600000,0.11267708333333334
free5gc,free5gc-amf-8745675cb-scvkr,amf,1731795660000,0.1126875
free5gc,free5gc-amf-8745675cb-scvkr,amf,1731795720000,0.11269270833333335
free5gc,free5gc-amf-8745675cb-scvkr,amf,1731795780000,0.112703125
free5gc,free5gc-amf-8745675cb-scvkr,amf,1731795840000,0.112703125
free5gc,free5gc-amf-8745675cb-scvkr,amf,1731795900000,0.112703125
free5gc,free5gc-amf-8745675cb-scvkr,amf,1731795960000,0.112703125
free5gc,free5gc-amf-8745675cb-scvkr,amf,1731796020000,0.112703125
free5gc,free5gc-amf-8745675cb-scvkr,amf,1731796080000,0.112703125
free5gc,free5gc-amf-8745675cb-scvkr,amf,1731796140000,0.112703125
free5gc,free5gc-amf-8745675cb-scvkr,amf,1731796200000,0.112703125
free5gc,free5gc-amf-8745675cb-scvkr,amf,1731796260000,0.1128125
free5gc,free5gc-amf-8745675cb-scvkr,amf,1731796320000,0.1128125
free5gc,free5gc-amf-8745675cb-scvkr,amf,1731796380000,0.112890625
free5gc,free5gc-amf-8745675cb-scvkr,amf,1731796440000,0.11290625
free5gc,free5gc-amf-8745675cb-scvkr,amf,1731796500000,0.11290625
free5gc,free5gc-amf-8745675cb-scvkr,amf,1731796560000,0.11289453125
free5gc,free5gc-amf-8745675cb-scvkr,amf,1731796620000,0.112890625
free5gc,free5gc-amf-8745675cb-scvkr,amf,1731796680000,0.112890625
free5gc,free5gc-amf-8745675cb-scvkr,amf,1731796740000,0.112890625
free5gc,free5gc-amf-8745675cb-scvkr,amf,1731796800000,0.112890625
free5gc,free5gc-amf-8745675cb-scvkr,amf,1731796860000,0.112875
free5gc,free5gc-amf-8745675cb-scvkr,amf,1731796920000,0.11240234375
free5gc,free5gc-amf-8745675cb-scvkr,amf,1731796980000,0.10586458333333335
free5gc,free5gc-amf-8745675cb-scvkr,amf,1731797040000,0.10465625
free5gc,free5gc-amf-8745675cb-scvkr,amf,1731797100000,0.10465625
free5gc,free5gc-amf-8745675cb-scvkr,amf,1731797160000,0.10465625
free5gc,free5gc-amf-8745675cb-scvkr,amf,1731797220000,0.10465625
free5gc,free5gc-amf-8745675cb-scvkr,amf,1731797280000,0.10465625
free5gc,free5gc-amf-8745675cb-scvkr,amf,1731797340000,0.10465625
free5gc,free5gc-amf-8745675cb-scvkr,amf,1731797400000,0.10465625
free5gc,free5gc-amf-8745675cb-scvkr,amf,1731797460000,0.10465625
free5gc,free5gc-amf-8745675cb-scvkr,amf,1731797520000,0.10465625
free5gc,free5gc-amf-8745675cb-scvkr,amf,1731797580000,0.10465625
free5gc,free5gc-amf-8745675cb-scvkr,amf,1731797640000,0.10465625
free5gc,free5gc-amf-8745675cb-scvkr,amf,1731797700000,0.10465625
free5gc,free5gc-amf-8745675cb-scvkr,amf,1731797760000,0.10465625
free5gc,free5gc-amf-8745675cb-scvkr,amf,1731797820000,0.104703125
free5gc,free5gc-amf-8745675cb-scvkr,amf,1731797880000,0.10471875
free5gc,free5gc-amf-8745675cb-scvkr,amf,1731797940000,0.10471875
free5gc,free5gc-amf-8745675cb-scvkr,amf,1731798000000,0.10471875
free5gc,free5gc-amf-8745675cb-scvkr,amf,1731798060000,0.10471875
free5gc,free5gc-amf-8745675cb-scvkr,amf,1731798120000,0.10471875
free5gc,free5gc-amf-8745675cb-scvkr,amf,1731798180000,0.10471875
free5gc,free5gc-amf-8745675cb-scvkr,amf,1731798240000,0.10471875
free5gc,free5gc-amf-8745675cb-scvkr,amf,1731798300000,0.10471875
free5gc,free5gc-amf-8745675cb-scvkr,amf,1731798360000,0.104453125
free5gc,free5gc-amf-8745675cb-scvkr,amf,1731798420000,0.10446484375
free5gc,free5gc-amf-8745675cb-scvkr,amf,1731798480000,0.10255729166666666
free5gc,free5gc-amf-8745675cb-scvkr,amf,1731798540000,0.102078125
free5gc,free5gc-amf-8745675cb-scvkr,amf,1731798600000,0.09791145833333334
free5gc,free5gc-amf-8745675cb-scvkr,amf,1731798660000,0.097921875
free5gc,free5gc-amf-8745675cb-scvkr,amf,1731798720000,0.097921875
free5gc,free5gc-amf-8745675cb-scvkr,amf,1731798780000,0.09692578125
free5gc,free5gc-amf-8745675cb-scvkr,amf,1731798840000,0.09659375
free5gc,free5gc-amf-8745675cb-scvkr,amf,1731798900000,0.09659375
free5gc,free5gc-amf-8745675cb-scvkr,amf,1731798960000,0.09659375
free5gc,free5gc-amf-8745675cb-scvkr,amf,1731799020000,0.09659375
free5gc,free5gc-amf-8745675cb-scvkr,amf,1731799080000,0.09659375
free5gc,free5gc-amf-8745675cb-scvkr,amf,1731799140000,0.09342578125
free5gc,free5gc-amf-8745675cb-scvkr,amf,1731799200000,0.092234375
free5gc,free5gc-amf-8745675cb-scvkr,amf,1731799260000,0.092234375
free5gc,free5gc-amf-8745675cb-scvkr,amf,1731799320000,0.092234375
free5gc,free5gc-amf-8745675cb-scvkr,amf,1731799380000,0.092234375
free5gc,free5gc-amf-8745675cb-scvkr,amf,1731799440000,0.0922421875
free5gc,free5gc-amf-8745675cb-scvkr,amf,1731799500000,0.09225
free5gc,free5gc-amf-8745675cb-scvkr,amf,1731799560000,0.09225
free5gc,free5gc-amf-8745675cb-scvkr,amf,1731799620000,0.09225
free5gc,free5gc-amf-8745675cb-scvkr,amf,1731799680000,0.09225
free5gc,free5gc-amf-8745675cb-scvkr,amf,1731799740000,0.0921484375
free5gc,free5gc-amf-8745675cb-scvkr,amf,1731799800000,0.09184375
free5gc,free5gc-amf-8745675cb-scvkr,amf,1731799860000,0.09155729166666667
free5gc,free5gc-amf-8745675cb-scvkr,amf,1731799920000,0.09023046875
free5gc,free5gc-amf-8745675cb-scvkr,amf,1731799980000,0.08997916666666667
free5gc,free5gc-amf-8745675cb-scvkr,amf,1731800040000,0.0880625
free5gc,free5gc-amf-8745675cb-scvkr,amf,1731800100000,0.0880625
free5gc,free5gc-amf-8745675cb-scvkr,amf,1731800160000,0.0880625
free5gc,free5gc-amf-8745675cb-scvkr,amf,1731800220000,0.0880625
free5gc,free5gc-amf-8745675cb-scvkr,amf,1731800280000,0.0880625
free5gc,free5gc-amf-8745675cb-scvkr,amf,1731800340000,0.0880625
free5gc,free5gc-amf-8745675cb-scvkr,amf,1731800400000,0.0880625
free5gc,free5gc-amf-8745675cb-scvkr,amf,1731800460000,0.087890625
free5gc,free5gc-amf-8745675cb-scvkr,amf,1731800520000,0.087890625
free5gc,free5gc-amf-8745675cb-scvkr,amf,1731800580000,0.087890625
free5gc,free5gc-amf-8745675cb-scvkr,amf,1731800640000,0.087890625
free5gc,free5gc-amf-8745675cb-scvkr,amf,1731800700000,0.087890625
free5gc,free5gc-amf-8745675cb-scvkr,amf,1731800760000,0.087890625
free5gc,free5gc-amf-8745675cb-scvkr,amf,1731800820000,0.087890625
free5gc,free5gc-amf-8745675cb-scvkr,amf,1731800880000,0.087890625
free5gc,free5gc-amf-8745675cb-scvkr,amf,1731800940000,0.08737890625
free5gc,free5gc-amf-8745675cb-scvkr,amf,1731801000000,0.087390625
free5gc,free5gc-amf-8745675cb-scvkr,amf,1731801060000,0.0874375
free5gc,free5gc-amf-8745675cb-scvkr,amf,1731801120000,0.08724609375
free5gc,free5gc-amf-8745675cb-scvkr,amf,1731801180000,0.087046875
free5gc,free5gc-amf-8745675cb-scvkr,amf,1731801240000,0.0870625
free5gc,free5gc-amf-8745675cb-scvkr,amf,1731801300000,0.0870625
free5gc,free5gc-amf-8745675cb-scvkr,amf,1731801360000,0.0870625
free5gc,free5gc-amf-8745675cb-scvkr,amf,1731801420000,0.08586979166666667
free5gc,free5gc-amf-8745675cb-scvkr,amf,1731801480000,0.08421875
free5gc,free5gc-amf-8745675cb-scvkr,amf,1731801540000,0.0834609375
free5gc,free5gc-amf-8745675cb-scvkr,amf,1731801600000,0.082765625
free5gc,free5gc-amf-8745675cb-scvkr,amf,1731801660000,0.082765625
free5gc,free5gc-amf-8745675cb-scvkr,amf,1731801720000,0.082359375
free5gc,free5gc-amf-8745675cb-scvkr,amf,1731801780000,0.08215625
free5gc,free5gc-amf-8745675cb-scvkr,amf,1731801840000,0.0818125
free5gc,free5gc-amf-8745675cb-scvkr,amf,1731801900000,0.0818125
free5gc,free5gc-amf-8745675cb-scvkr,amf,1731801960000,0.0811796875
free5gc,free5gc-amf-8745675cb-scvkr,amf,1731802020000,0.0809921875
free5gc,free5gc-amf-8745675cb-scvkr,amf,1731802080000,0.0810234375
free5gc,free5gc-amf-8745675cb-scvkr,amf,1731802140000,0.08103125
free5gc,free5gc-amf-8745675cb-scvkr,amf,1731802200000,0.0809453125
free5gc,free5gc-amf-8745675cb-scvkr,amf,1731802260000,0.08047916666666667
free5gc,free5gc-amf-8745675cb-scvkr,amf,1731802320000,0.07865625
free5gc,free5gc-amf-8745675cb-scvkr,amf,1731802380000,0.07865625
free5gc,free5gc-amf-8745675cb-scvkr,amf,1731802440000,0.07845833333333332
free5gc,free5gc-amf-8745675cb-scvkr,amf,1731802500000,0.07783203125
free5gc,free5gc-amf-8745675cb-scvkr,amf,1731802560000,0.07784375
free5gc,free5gc-amf-8745675cb-scvkr,amf,1731802620000,0.07784375
free5gc,free5gc-amf-8745675cb-scvkr,amf,1731802680000,0.07784375
free5gc,free5gc-amf-8745675cb-scvkr,amf,1731802740000,0.07784375
free5gc,free5gc-amf-8745675cb-scvkr,amf,1731802800000,0.07784375
free5gc,free5gc-amf-8745675cb-scvkr,amf,1731802860000,0.07784375
free5gc,free5gc-amf-8745675cb-scvkr,amf,1731802920000,0.07784375
free5gc,free5gc-amf-8745675cb-scvkr,amf,1731802980000,0.07784375
free5gc,free5gc-amf-8745675cb-scvkr,amf,1731803040000,0.07784375
free5gc,free5gc-amf-8745675cb-scvkr,amf,1731803100000,0.07784375
free5gc,free5gc-amf-8745675cb-scvkr,amf,1731803160000,0.077078125
free5gc,free5gc-amf-8745675cb-scvkr,amf,1731803220000,0.076796875
free5gc,free5gc-amf-8745675cb-scvkr,amf,1731803280000,0.076796875
free5gc,free5gc-amf-8745675cb-scvkr,amf,1731803340000,0.07666145833333333
free5gc,free5gc-amf-8745675cb-scvkr,amf,1731803400000,0.07659375
free5gc,free5gc-amf-8745675cb-scvkr,amf,1731803460000,0.07659375
free5gc,free5gc-amf-8745675cb-scvkr,amf,1731803520000,0.07659375
free5gc,free5gc-amf-8745675cb-scvkr,amf,1731803580000,0.07659375
free5gc,free5gc-amf-8745675cb-scvkr,amf,1731803640000,0.07659375
free5gc,free5gc-amf-8745675cb-scvkr,amf,1731803700000,0.07659375
free5gc,free5gc-amf-8745675cb-scvkr,amf,1731803760000,0.07659375
free5gc,free5gc-amf-8745675cb-scvkr,amf,1731803820000,0.07659375
free5gc,free5gc-amf-8745675cb-scvkr,amf,1731803880000,0.07659375
free5gc,free5gc-amf-8745675cb-scvkr,amf,1731803940000,0.07659375
free5gc,free5gc-amf-8745675cb-scvkr,amf,1731804000000,0.07659375
free5gc,free5gc-amf-8745675cb-scvkr,amf,1731804060000,0.0763125
free5gc,free5gc-amf-8745675cb-scvkr,amf,1731804120000,0.07602083333333333
free5gc,free5gc-amf-8745675cb-scvkr,amf,1731804180000,0.07572265625
free5gc,free5gc-amf-8745675cb-scvkr,amf,1731804240000,0.075734375
free5gc,free5gc-amf-8745675cb-scvkr,amf,1731804300000,0.075734375
free5gc,free5gc-amf-8745675cb-scvkr,amf,1731804360000,0.0744140625
free5gc,free5gc-amf-8745675cb-scvkr,amf,1731804420000,0.07309375
free5gc,free5gc-amf-8745675cb-scvkr,amf,1731804480000,0.07309375
free5gc,free5gc-amf-8745675cb-scvkr,amf,1731804540000,0.07309375
free5gc,free5gc-amf-8745675cb-scvkr,amf,1731804600000,0.07309375
free5gc,free5gc-amf-8745675cb-scvkr,amf,1731804660000,0.07309375
free5gc,free5gc-amf-8745675cb-scvkr,amf,1731804720000,0.07311458333333333
free5gc,free5gc-amf-8745675cb-scvkr,amf,1731804780000,0.073125
free5gc,free5gc-amf-8745675cb-scvkr,amf,1731804840000,0.073125
free5gc,free5gc-amf-8745675cb-scvkr,amf,1731804900000,0.073125
free5gc,free5gc-amf-8745675cb-scvkr,amf,1731804960000,0.07312890625
free5gc,free5gc-amf-8745675cb-scvkr,amf,1731805020000,0.073140625
free5gc,free5gc-amf-8745675cb-scvkr,amf,1731805080000,0.073140625
free5gc,free5gc-amf-8745675cb-scvkr,amf,1731805140000,0.073140625
free5gc,free5gc-amf-8745675cb-scvkr,amf,1731805200000,0.073140625
free5gc,free5gc-amf-8745675cb-scvkr,amf,1731805260000,0.07159895833333332
free5gc,free5gc-amf-8745675cb-scvkr,amf,1731805320000,0.071171875
free5gc,free5gc-amf-8745675cb-scvkr,amf,1731805380000,0.071171875
free5gc,free5gc-amf-8745675cb-scvkr,amf,1731805440000,0.0713828125
free5gc,free5gc-amf-8745675cb-scvkr,amf,1731805500000,0.07159375
free5gc,free5gc-amf-8745675cb-scvkr,amf,1731805560000,0.07159375
free5gc,free5gc-amf-8745675cb-scvkr,amf,1731805620000,0.07159375
free5gc,free5gc-amf-8745675cb-scvkr,amf,1731805680000,0.07159375
free5gc,free5gc-amf-8745675cb-scvkr,amf,1731805740000,0.07159375
free5gc,free5gc-amf-8745675cb-scvkr,amf,1731805800000,0.07082291666666665
free5gc,free5gc-amf-8745675cb-scvkr,amf,1731805860000,0.06925
free5gc,free5gc-amf-8745675cb-scvkr,amf,1731805920000,0.06925
free5gc,free5gc-amf-8745675cb-scvkr,amf,1731805980000,0.06925
free5gc,free5gc-amf-8745675cb-scvkr,amf,1731806040000,0.06871875
free5gc,free5gc-amf-8745675cb-scvkr,amf,1731806100000,0.06871875
free5gc,free5gc-amf-8745675cb-scvkr,amf,1731806160000,0.06871875
free5gc,free5gc-amf-8745675cb-scvkr,amf,1731806220000,0.06871875
free5gc,free5gc-amf-8745675cb-scvkr,amf,1731806280000,0.06873958333333333
free5gc,free5gc-amf-8745675cb-scvkr,amf,1731806340000,0.06878125
free5gc,free5gc-amf-8745675cb-scvkr,amf,1731806400000,0.06878125
free5gc,free5gc-amf-8745675cb-scvkr,amf,1731806460000,0.06878125
free5gc,free5gc-amf-8745675cb-scvkr,amf,1731806520000,0.06878125
free5gc,free5gc-amf-8745675cb-scvkr,amf,1731806580000,0.06879296875
free5gc,free5gc-amf-8745675cb-scvkr,amf,1731806640000,0.06878645833333333
free5gc,free5gc-amf-8745675cb-scvkr,amf,1731806700000,0.06878125
free5gc,free5gc-amf-8745675cb-scvkr,amf,1731806760000,0.06878125
free5gc,free5gc-amf-8745675cb-scvkr,amf,1731806820000,0.06878125
free5gc,free5gc-amf-8745675cb-scvkr,amf,1731806880000,0.06878125
free5gc,free5gc-amf-8745675cb-scvkr,amf,1731806940000,0.068703125
free5gc,free5gc-amf-8745675cb-scvkr,amf,1731807000000,0.068671875
free5gc,free5gc-amf-8745675cb-scvkr,amf,1731807060000,0.068671875
free5gc,free5gc-amf-8745675cb-scvkr,amf,1731807120000,0.068671875
free5gc,free5gc-amf-8745675cb-scvkr,amf,1731807180000,0.06730625000000001
free5gc,free5gc-amf-8745675cb-scvkr,amf,1731807240000,0.066265625
free5gc,free5gc-amf-8745675cb-scvkr,amf,1731807300000,0.06627083333333333
free5gc,free5gc-amf-8745675cb-scvkr,amf,1731807360000,0.06628125
free5gc,free5gc-amf-8745675cb-scvkr,amf,1731807420000,0.06628125
free5gc,free5gc-amf-8745675cb-scvkr,amf,1731807480000,0.06628125
free5gc,free5gc-amf-8745675cb-scvkr,amf,1731807540000,0.06628125
free5gc,free5gc-amf-8745675cb-scvkr,amf,1731807600000,0.0662890625
free5gc,free5gc-amf-8745675cb-scvkr,amf,1731807660000,0.066296875
free5gc,free5gc-amf-8745675cb-scvkr,amf,1731807720000,0.066296875
free5gc,free5gc-amf-8745675cb-scvkr,amf,1731807780000,0.066296875
free5gc,free5gc-amf-8745675cb-scvkr,amf,1731807840000,0.066296875
free5gc,free5gc-amf-8745675cb-scvkr,amf,1731807900000,0.0663125
free5gc,free5gc-amf-8745675cb-scvkr,amf,1731807960000,0.0663125
free5gc,free5gc-amf-8745675cb-scvkr,amf,1731808020000,0.06634375
free5gc,free5gc-amf-8745675cb-scvkr,amf,1731808080000,0.06642578125
free5gc,free5gc-amf-8745675cb-scvkr,amf,1731808140000,0.066453125
free5gc,free5gc-amf-8745675cb-scvkr,amf,1731808200000,0.066453125
free5gc,free5gc-amf-8745675cb-scvkr,amf,1731808260000,0.06647395833333333
free5gc,free5gc-amf-8745675cb-scvkr,amf,1731808320000,0.066484375
free5gc,free5gc-amf-8745675cb-scvkr,amf,1731808380000,0.066484375
free5gc,free5gc-amf-8745675cb-scvkr,amf,1731808440000,0.06648958333333334
free5gc,free5gc-amf-8745675cb-scvkr,amf,1731808500000,0.0665
free5gc,free5gc-amf-8745675cb-scvkr,amf,1731808560000,0.0665
free5gc,free5gc-amf-8745675cb-scvkr,amf,1731808620000,0.0665
free5gc,free5gc-amf-8745675cb-scvkr,amf,1731808680000,0.0665
free5gc,free5gc-amf-8745675cb-scvkr,amf,1731808740000,0.0665
free5gc,free5gc-amf-8745675cb-scvkr,amf,1731808800000,0.0665
free5gc,free5gc-amf-8745675cb-scvkr,amf,1731808860000,0.0665
free5gc,free5gc-amf-8745675cb-scvkr,amf,1731808920000,0.0665
free5gc,free5gc-amf-8745675cb-scvkr,amf,1731808980000,0.06653125
free5gc,free5gc-amf-8745675cb-scvkr,amf,1731809040000,0.06653125
free5gc,free5gc-amf-8745675cb-scvkr,amf,1731809100000,0.06653125
free5gc,free5gc-amf-8745675cb-scvkr,amf,1731809160000,0.06653125
free5gc,free5gc-amf-8745675cb-scvkr,amf,1731809220000,0.06653125
free5gc,free5gc-amf-8745675cb-scvkr,amf,1731809280000,0.06653125
free5gc,free5gc-amf-8745675cb-scvkr,amf,1731809340000,0.06653125
free5gc,free5gc-amf-8745675cb-scvkr,amf,1731809400000,0.06653125
free5gc,free5gc-amf-8745675cb-scvkr,amf,1731809460000,0.0665625
free5gc,free5gc-amf-8745675cb-scvkr,amf,1731809520000,0.0665625
free5gc,free5gc-amf-8745675cb-scvkr,amf,1731809580000,0.0665625
free5gc,free5gc-amf-8745675cb-scvkr,amf,1731809640000,0.06659765625
free5gc,free5gc-amf-8745675cb-scvkr,amf,1731809700000,0.066609375
free5gc,free5gc-amf-8745675cb-scvkr,amf,1731809760000,0.066609375
free5gc,free5gc-amf-8745675cb-scvkr,amf,1731809820000,0.066609375
free5gc,free5gc-amf-8745675cb-scvkr,amf,1731809880000,0.066609375
free5gc,free5gc-amf-8745675cb-scvkr,amf,1731809940000,0.066609375
free5gc,free5gc-amf-8745675cb-scvkr,amf,1731810000000,0.066609375
free5gc,free5gc-amf-8745675cb-scvkr,amf,1731810060000,0.066609375
free5gc,free5gc-amf-8745675cb-scvkr,amf,1731810120000,0.066609375
free5gc,free5gc-amf-8745675cb-scvkr,amf,1731810180000,0.066609375
free5gc,free5gc-amf-8745675cb-scvkr,amf,1731810240000,0.066625
free5gc,free5gc-amf-8745675cb-scvkr,amf,1731810300000,0.066625
free5gc,free5gc-amf-8745675cb-scvkr,amf,1731810360000,0.06590104166666667
free5gc,free5gc-amf-8745675cb-scvkr,amf,1731810420000,0.06278125
free5gc,free5gc-amf-8745675cb-scvkr,amf,1731810480000,0.062796875
free5gc,free5gc-amf-8745675cb-scvkr,amf,1731810540000,0.062796875
free5gc,free5gc-amf-8745675cb-scvkr,amf,1731810600000,0.062796875
free5gc,free5gc-amf-8745675cb-scvkr,amf,1731810660000,0.062796875
free5gc,free5gc-amf-8745675cb-scvkr,amf,1731810720000,0.062796875
free5gc,free5gc-amf-8745675cb-scvkr,amf,1731810780000,0.062796875
free5gc,free5gc-amf-8745675cb-scvkr,amf,1731810840000,0.062796875
free5gc,free5gc-amf-8745675cb-scvkr,amf,1731810900000,0.062796875
free5gc,free5gc-amf-8745675cb-scvkr,amf,1731810960000,0.062796875
free5gc,free5gc-amf-8745675cb-scvkr,amf,1731811020000,0.062796875
free5gc,free5gc-amf-8745675cb-scvkr,amf,1731811080000,0.062796875
free5gc,free5gc-amf-8745675cb-scvkr,amf,1731811140000,0.062796875
free5gc,free5gc-amf-8745675cb-scvkr,amf,1731811200000,0.062796875
free5gc,free5gc-amf-8745675cb-scvkr,amf,1731811260000,0.062796875
free5gc,free5gc-amf-8745675cb-scvkr,amf,1731811320000,0.062796875
free5gc,free5gc-amf-8745675cb-scvkr,amf,1731811380000,0.062796875
free5gc,free5gc-amf-8745675cb-scvkr,amf,1731811440000,0.062796875
free5gc,free5gc-amf-8745675cb-scvkr,amf,1731811500000,0.062640625
free5gc,free5gc-amf-8745675cb-scvkr,amf,1731811560000,0.062328125
free5gc,free5gc-amf-8745675cb-scvkr,amf,1731811620000,0.062328125
free5gc,free5gc-amf-8745675cb-scvkr,amf,1731811680000,0.062328125
free5gc,free5gc-amf-8745675cb-scvkr,amf,1731811740000,0.062328125
free5gc,free5gc-amf-8745675cb-scvkr,amf,1731811800000,0.06234375
free5gc,free5gc-amf-8745675cb-scvkr,amf,1731811860000,0.06234375
free5gc,free5gc-amf-8745675cb-scvkr,amf,1731811920000,0.06234375
free5gc,free5gc-amf-8745675cb-scvkr,amf,1731811980000,0.06234375
free5gc,free5gc-amf-8745675cb-scvkr,amf,1731812040000,0.06234375
free5gc,free5gc-amf-8745675cb-scvkr,amf,1731812100000,0.062328125
free5gc,free5gc-amf-8745675cb-scvkr,amf,1731812160000,0.0623125
free5gc,free5gc-amf-8745675cb-scvkr,amf,1731812220000,0.062140625
free5gc,free5gc-amf-8745675cb-scvkr,amf,1731812280000,0.062140625
free5gc,free5gc-amf-8745675cb-scvkr,amf,1731812340000,0.062140625
free5gc,free5gc-amf-8745675cb-scvkr,amf,1731812400000,0.060875
free5gc,free5gc-amf-8745675cb-scvkr,amf,1731812460000,0.060859375
free5gc,free5gc-amf-8745675cb-scvkr,amf,1731812520000,0.060859375
free5gc,free5gc-amf-8745675cb-scvkr,amf,1731812580000,0.060859375
free5gc,free5gc-amf-8745675cb-scvkr,amf,1731812640000,0.060859375
free5gc,free5gc-amf-8745675cb-scvkr,amf,1731812700000,0.060859375
free5gc,free5gc-amf-8745675cb-scvkr,amf,1731812760000,0.060859375
free5gc,free5gc-amf-8745675cb-scvkr,amf,1731812820000,0.060859375
free5gc,free5gc-amf-8745675cb-scvkr,amf,1731812880000,0.060859375
free5gc,free5gc-amf-8745675cb-scvkr,amf,1731812940000,0.060859375
free5gc,free5gc-amf-8745675cb-scvkr,amf,1731813000000,0.060859375
free5gc,free5gc-amf-8745675cb-scvkr,amf,1731813060000,0.060859375
free5gc,free5gc-amf-8745675cb-scvkr,amf,1731813120000,0.060859375
free5gc,free5gc-amf-8745675cb-scvkr,amf,1731813180000,0.060875
free5gc,free5gc-amf-8745675cb-scvkr,amf,1731813240000,0.06057291666666667
free5gc,free5gc-amf-8745675cb-scvkr,amf,1731813300000,0.0599375
free5gc,free5gc-amf-8745675cb-scvkr,amf,1731813360000,0.0599375
free5gc,free5gc-amf-8745675cb-scvkr,amf,1731813420000,0.0599375
free5gc,free5gc-amf-8745675cb-scvkr,amf,1731813480000,0.0599375
free5gc,free5gc-amf-8745675cb-scvkr,amf,1731813540000,0.0599375
free5gc,free5gc-amf-8745675cb-scvkr,amf,1731813600000,0.0599375
free5gc,free5gc-amf-8745675cb-scvkr,amf,1731813660000,0.05995833333333333
free5gc,free5gc-amf-8745675cb-scvkr,amf,1731813720000,0.059921875
free5gc,free5gc-amf-8745675cb-scvkr,amf,1731813780000,0.059921875
free5gc,free5gc-amf-8745675cb-scvkr,amf,1731813840000,0.059875
free5gc,free5gc-amf-8745675cb-scvkr,amf,1731813900000,0.059875
free5gc,free5gc-amf-8745675cb-scvkr,amf,1731813960000,0.059875
free5gc,free5gc-amf-8745675cb-scvkr,amf,1731814020000,0.059875
free5gc,free5gc-amf-8745675cb-scvkr,amf,1731814080000,0.059875
free5gc,free5gc-amf-8745675cb-scvkr,amf,1731814140000,0.05988020833333334
free5gc,free5gc-amf-8745675cb-scvkr,amf,1731814200000,0.059890625
free5gc,free5gc-amf-8745675cb-scvkr,amf,1731814260000,0.059890625
free5gc,free5gc-amf-8745675cb-scvkr,amf,1731814320000,0.05989583333333333
free5gc,free5gc-amf-8745675cb-scvkr,amf,1731814380000,0.05990625
free5gc,free5gc-amf-8745675cb-scvkr,amf,1731814440000,0.059890625
free5gc,free5gc-amf-8745675cb-scvkr,amf,1731814500000,0.059890625
free5gc,free5gc-amf-8745675cb-scvkr,amf,1731814560000,0.059890625
free5gc,free5gc-amf-8745675cb-scvkr,amf,1731814620000,0.05963671875
free5gc,free5gc-amf-8745675cb-scvkr,amf,1731814680000,0.059359375
free5gc,free5gc-amf-8745675cb-scvkr,amf,1731814740000,0.059359375
free5gc,free5gc-amf-8745675cb-scvkr,amf,1731814800000,0.059359375
free5gc,free5gc-amf-8745675cb-scvkr,amf,1731814860000,0.0593203125
free5gc,free5gc-amf-8745675cb-scvkr,amf,1731814920000,0.059078125
free5gc,free5gc-amf-8745675cb-scvkr,amf,1731814980000,0.058291666666666665
free5gc,free5gc-amf-8745675cb-scvkr,amf,1731815040000,0.05755208333333333
free5gc,free5gc-amf-8745675cb-scvkr,amf,1731815100000,0.057234375
free5gc,free5gc-amf-8745675cb-scvkr,amf,1731815160000,0.05725
free5gc,free5gc-amf-8745675cb-scvkr,amf,1731815220000,0.057265625
free5gc,free5gc-amf-8745675cb-scvkr,amf,1731815280000,0.057265625
free5gc,free5gc-amf-8745675cb-scvkr,amf,1731815340000,0.057265625
free5gc,free5gc-amf-8745675cb-scvkr,amf,1731815400000,0.057265625
free5gc,free5gc-amf-8745675cb-scvkr,amf,1731815460000,0.057265625
free5gc,free5gc-amf-8745675cb-scvkr,amf,1731815520000,0.057265625
free5gc,free5gc-amf-8745675cb-scvkr,amf,1731815580000,0.057265625
free5gc,free5gc-amf-8745675cb-scvkr,amf,1731815640000,0.057265625
free5gc,free5gc-amf-8745675cb-scvkr,amf,1731815700000,0.057265625
free5gc,free5gc-amf-8745675cb-scvkr,amf,1731815760000,0.057265625
free5gc,free5gc-amf-8745675cb-scvkr,amf,1731815820000,0.057265625
free5gc,free5gc-amf-8745675cb-scvkr,amf,1731815880000,0.057265625
free5gc,free5gc-amf-8745675cb-scvkr,amf,1731815940000,0.057265625
free5gc,free5gc-amf-8745675cb-scvkr,amf,1731816000000,0.057265625
free5gc,free5gc-amf-8745675cb-scvkr,amf,1731816060000,0.057265625
free5gc,free5gc-amf-8745675cb-scvkr,amf,1731816120000,0.057265625
free5gc,free5gc-amf-8745675cb-scvkr,amf,1731816180000,0.056921875
free5gc,free5gc-amf-8745675cb-scvkr,amf,1731816240000,0.056578125
free5gc,free5gc-amf-8745675cb-scvkr,amf,1731816300000,0.05649479166666667
free5gc,free5gc-amf-8745675cb-scvkr,amf,1731816360000,0.056265625
free5gc,free5gc-amf-8745675cb-scvkr,amf,1731816420000,0.05569921875
free5gc,free5gc-amf-8745675cb-scvkr,amf,1731816480000,0.055453125
free5gc,free5gc-amf-8745675cb-scvkr,amf,1731816540000,0.05547395833333334
free5gc,free5gc-amf-8745675cb-scvkr,amf,1731816600000,0.0554921875
free5gc,free5gc-amf-8745675cb-scvkr,amf,1731816660000,0.055489583333333335
free5gc,free5gc-amf-8745675cb-scvkr,amf,1731816720000,0.055484375
free5gc,free5gc-amf-8745675cb-scvkr,amf,1731816780000,0.05549479166666667
free5gc,free5gc-amf-8745675cb-scvkr,amf,1731816840000,0.0555
free5gc,free5gc-amf-8745675cb-scvkr,amf,1731816900000,0.0555
free5gc,free5gc-amf-8745675cb-scvkr,amf,1731816960000,0.0555
free5gc,free5gc-amf-8745675cb-scvkr,amf,1731817020000,0.0555
free5gc,free5gc-amf-8745675cb-scvkr,amf,1731817080000,0.0555
free5gc,free5gc-amf-8745675cb-scvkr,amf,1731817140000,0.0555
free5gc,free5gc-amf-8745675cb-scvkr,amf,1731817200000,0.05552083333333334
free5gc,free5gc-amf-8745675cb-scvkr,amf,1731817260000,0.0555390625
free5gc,free5gc-amf-8745675cb-scvkr,amf,1731817320000,0.055546875
free5gc,free5gc-amf-8745675cb-scvkr,amf,1731817380000,0.055546875
free5gc,free5gc-amf-8745675cb-scvkr,amf,1731817440000,0.055546875
free5gc,free5gc-amf-8745675cb-scvkr,amf,1731817500000,0.055546875
free5gc,free5gc-amf-8745675cb-scvkr,amf,1731817560000,0.055546875
free5gc,free5gc-amf-8745675cb-scvkr,amf,1731817620000,0.055546875
free5gc,free5gc-amf-8745675cb-scvkr,amf,1731817680000,0.055546875
free5gc,free5gc-amf-8745675cb-scvkr,amf,1731817740000,0.055546875
free5gc,free5gc-amf-8745675cb-scvkr,amf,1731817800000,0.055546875
free5gc,free5gc-amf-8745675cb-scvkr,amf,1731817860000,0.055546875
free5gc,free5gc-amf-8745675cb-scvkr,amf,1731817920000,0.055546875
free5gc,free5gc-amf-8745675cb-scvkr,amf,1731817980000,0.055546875
free5gc,free5gc-amf-8745675cb-scvkr,amf,1731818040000,0.055546875
free5gc,free5gc-amf-8745675cb-scvkr,amf,1731818100000,0.055546875
free5gc,free5gc-amf-8745675cb-scvkr,amf,1731818160000,0.055546875
free5gc,free5gc-amf-8745675cb-scvkr,amf,1731818220000,0.05555208333333333
free5gc,free5gc-amf-8745675cb-scvkr,amf,1731818280000,0.0555625
free5gc,free5gc-amf-8745675cb-scvkr,amf,1731818340000,0.0555625
free5gc,free5gc-amf-8745675cb-scvkr,amf,1731818400000,0.0555625
free5gc,free5gc-amf-8745675cb-scvkr,amf,1731818460000,0.0555625
free5gc,free5gc-amf-8745675cb-scvkr,amf,1731818520000,0.0555625
free5gc,free5gc-amf-8745675cb-scvkr,amf,1731818580000,0.0555625
free5gc,free5gc-amf-8745675cb-scvkr,amf,1731818640000,0.0555625
free5gc,free5gc-amf-8745675cb-scvkr,amf,1731818700000,0.0555625
free5gc,free5gc-amf-8745675cb-scvkr,amf,1731818760000,0.0555625
free5gc,free5gc-amf-8745675cb-scvkr,amf,1731818820000,0.0555625
free5gc,free5gc-amf-8745675cb-scvkr,amf,1731818880000,0.0555703125
free5gc,free5gc-amf-8745675cb-scvkr,amf,1731818940000,0.055572916666666666
free5gc,free5gc-amf-8745675cb-scvkr,amf,1731819000000,0.0555625
free5gc,free5gc-amf-8745675cb-scvkr,amf,1731819060000,0.0555625
free5gc,free5gc-amf-8745675cb-scvkr,amf,1731819120000,0.05556640625
free5gc,free5gc-amf-8745675cb-scvkr,amf,1731819180000,0.055578125
free5gc,free5gc-amf-8745675cb-scvkr,amf,1731819240000,0.055578125
free5gc,free5gc-amf-8745675cb-scvkr,amf,1731819300000,0.055578125
free5gc,free5gc-amf-8745675cb-scvkr,amf,1731819360000,0.05549479166666667
free5gc,free5gc-amf-8745675cb-scvkr,amf,1731819420000,0.055213541666666664
free5gc,free5gc-amf-8745675cb-scvkr,amf,1731819480000,0.05509375
free5gc,free5gc-amf-8745675cb-scvkr,amf,1731819540000,0.05510546875
free5gc,free5gc-amf-8745675cb-scvkr,amf,1731819600000,0.055140625
free5gc,free5gc-amf-8745675cb-scvkr,amf,1731819660000,0.05478125
free5gc,free5gc-amf-8745675cb-scvkr,amf,1731819720000,0.05478125
free5gc,free5gc-amf-8745675cb-scvkr,amf,1731819780000,0.054796875
free5gc,free5gc-amf-8745675cb-scvkr,amf,1731819840000,0.054796875
free5gc,free5gc-amf-8745675cb-scvkr,amf,1731819900000,0.054796875
free5gc,free5gc-amf-8745675cb-scvkr,amf,1731819960000,0.054828125
free5gc,free5gc-amf-8745675cb-scvkr,amf,1731820020000,0.054828125
free5gc,free5gc-amf-8745675cb-scvkr,amf,1731820080000,0.054828125
free5gc,free5gc-amf-8745675cb-scvkr,amf,1731820140000,0.054828125
free5gc,free5gc-amf-8745675cb-scvkr,amf,1731820200000,0.054828125
free5gc,free5gc-amf-8745675cb-scvkr,amf,1731820260000,0.0548125
free5gc,free5gc-amf-8745675cb-scvkr,amf,1731820320000,0.0548125
free5gc,free5gc-amf-8745675cb-scvkr,amf,1731820380000,0.0548125
free5gc,free5gc-amf-8745675cb-scvkr,amf,1731820440000,0.0548125
free5gc,free5gc-amf-8745675cb-scvkr,amf,1731820500000,0.0548125
free5gc,free5gc-amf-8745675cb-scvkr,amf,1731820560000,0.0548125
free5gc,free5gc-amf-8745675cb-scvkr,amf,1731820620000,0.05480078125
free5gc,free5gc-amf-8745675cb-scvkr,amf,1731820680000,0.054796875
free5gc,free5gc-amf-8745675cb-scvkr,amf,1731820740000,0.054796875
free5gc,free5gc-amf-8745675cb-scvkr,amf,1731820800000,0.054796875
free5gc,free5gc-amf-8745675cb-scvkr,amf,1731820860000,0.054796875
