namespace,pod,container,timestamp,cpu_usage,mem_usage
free5gc,free5gc-amf-7cbccff989-bbx5m,amf,1731603060000,0.833345429813001,0.2625370025634765
free5gc,free5gc-amf-7cbccff989-bbx5m,amf,1731603120000,0.9998419962631208,0.6411946614583334
free5gc,free5gc-amf-7cbccff989-bbx5m,amf,1731603180000,1.0010794057879442,0.6543350219726562
free5gc,free5gc-amf-7cbccff989-bbx5m,amf,1731603240000,1.0015226459476982,0.9056339263916016
free5gc,free5gc-amf-7cbccff989-bbx5m,amf,1731603300000,1.000744159509202,0.7539535522460937
free5gc,free5gc-amf-7cbccff989-bbx5m,amf,1731603360000,0.8127812270856488,0.3947505950927734
free5gc,free5gc-amf-7cbccff989-bbx5m,amf,1731603420000,0.5025260175764904,0.1689109802246093
free5gc,free5gc-amf-7cbccff989-bbx5m,amf,1731603480000,0.9997576975519356,0.3635711669921875
free5gc,free5gc-amf-7cbccff989-bbx5m,amf,1731603540000,0.9483911754990576,0.2832164764404297
free5gc,free5gc-amf-7cbccff989-bbx5m,amf,1731603600000,0.998557994466954,0.3546829223632812
free5gc,free5gc-amf-7cbccff989-bbx5m,amf,1731603660000,0.9972822979180171,0.3352699279785156
free5gc,free5gc-amf-7cbccff989-bbx5m,amf,1731603720000,0.8805277226778804,0.2871017456054687
free5gc,free5gc-amf-7cbccff989-bbx5m,amf,1731603780000,0.998044019895894,0.3982747395833333
free5gc,free5gc-amf-7cbccff989-bbx5m,amf,1731603840000,0.9987148227712138,0.5626125335693359
free5gc,free5gc-amf-7cbccff989-bbx5m,amf,1731603900000,0.9966530153599188,0.536938985188802
free5gc,free5gc-amf-7cbccff989-bbx5m,amf,1731603960000,0.9989029366468594,0.4077194213867187
free5gc,free5gc-amf-7cbccff989-bbx5m,amf,1731604020000,0.9976710689440448,0.3997020721435547
free5gc,free5gc-amf-7cbccff989-bbx5m,amf,1731604080000,0.9981843653216556,0.4486713409423828
free5gc,free5gc-amf-7cbccff989-bbx5m,amf,1731604140000,0.8134751911261996,0.4738883972167969
free5gc,free5gc-amf-7cbccff989-bbx5m,amf,1731604200000,0.81479729728065,0.2812156677246094
free5gc,free5gc-amf-7cbccff989-bbx5m,amf,1731604260000,0.8356981452795935,0.2818946838378906
free5gc,free5gc-amf-7cbccff989-bbx5m,amf,1731604320000,0.7932357056814998,0.2918497721354167
free5gc,free5gc-amf-7cbccff989-bbx5m,amf,1731604380000,0.6957998833415634,0.2837257385253906
free5gc,free5gc-amf-7cbccff989-bbx5m,amf,1731604440000,0.857637669598878,0.2824432373046875
free5gc,free5gc-amf-7cbccff989-bbx5m,amf,1731604500000,0.8421114338918139,0.2861957550048828
free5gc,free5gc-amf-7cbccff989-bbx5m,amf,1731604560000,0.8591979041308089,0.2825527191162109
free5gc,free5gc-amf-7cbccff989-bbx5m,amf,1731604620000,0.8119185576506258,0.2876434326171875
free5gc,free5gc-amf-7cbccff989-bbx5m,amf,1731604680000,0.8443585570182284,0.2795619964599609
free5gc,free5gc-amf-7cbccff989-bbx5m,amf,1731604740000,0.8427521713617598,0.289154052734375
free5gc,free5gc-amf-7cbccff989-bbx5m,amf,1731604800000,0.8408990222775152,0.282012939453125
free5gc,free5gc-amf-7cbccff989-bbx5m,amf,1731604860000,0.8442523282046572,0.2845535278320312
free5gc,free5gc-amf-7cbccff989-bbx5m,amf,1731604920000,0.9385890937328484,0.3470993041992187
free5gc,free5gc-amf-7cbccff989-bbx5m,amf,1731604980000,1.0001067005767466,0.9445144653320312
free5gc,free5gc-amf-7cbccff989-bbx5m,amf,1731605040000,0.0,0.1585464477539062
free5gc,free5gc-amf-7cbccff989-bbx5m,amf,1731605100000,0.0,0.158538818359375
free5gc,free5gc-amf-7cbccff989-bbx5m,amf,1731605160000,0.0,0.158538818359375
free5gc,free5gc-amf-7cbccff989-bbx5m,amf,1731605220000,0.4150571649548815,0.2005869547526041
free5gc,free5gc-amf-7cbccff989-bbx5m,amf,1731605280000,0.8450696604693699,0.2760391235351562
free5gc,free5gc-amf-7cbccff989-bbx5m,amf,1731605340000,0.8573374619962139,0.2771784464518229
free5gc,free5gc-amf-7cbccff989-bbx5m,amf,1731605400000,0.8465771876411857,0.2697723388671875
free5gc,free5gc-amf-7cbccff989-bbx5m,amf,1731605460000,1.0023401006725754,0.6732508341471354
free5gc,free5gc-amf-7cbccff989-bbx5m,amf,1731605520000,0.8159464414016796,0.2996871948242187
free5gc,free5gc-amf-7cbccff989-bbx5m,amf,1731605580000,0.7094640554607359,0.2770366668701172
free5gc,free5gc-amf-7cbccff989-bbx5m,amf,1731605640000,0.7182035646151598,0.3128795623779297
free5gc,free5gc-amf-7cbccff989-bbx5m,amf,1731605700000,0.8940257385998739,0.3888511657714844
free5gc,free5gc-amf-7cbccff989-bbx5m,amf,1731605760000,0.5423010121039841,0.3891563415527344
free5gc,free5gc-amf-7cbccff989-bbx5m,amf,1731605820000,0.6012225386418842,0.3689193725585937
free5gc,free5gc-amf-7cbccff989-bbx5m,amf,1731605880000,0.1422833243956507,0.2296600341796875
free5gc,free5gc-amf-7cbccff989-bbx5m,amf,1731605940000,4.053566928434882e-06,0.195526123046875
free5gc,free5gc-amf-7cbccff989-bbx5m,amf,1731606000000,0.0,0.195447285970052
free5gc,free5gc-amf-7cbccff989-bbx5m,amf,1731606060000,7.82572637280922e-05,0.1943130493164062
free5gc,free5gc-amf-7cbccff989-bbx5m,amf,1731606120000,0.0001728291810156,0.1938629150390625
free5gc,free5gc-amf-7cbccff989-bbx5m,amf,1731606180000,0.0202605081000001,0.1983515421549479
free5gc,free5gc-amf-7cbccff989-bbx5m,amf,1731606240000,0.502426434752925,0.2761650085449219
free5gc,free5gc-amf-7cbccff989-bbx5m,amf,1731606300000,0.510668373429245,0.2682266235351562
free5gc,free5gc-amf-7cbccff989-bbx5m,amf,1731606360000,0.5695714014476867,0.2718887329101562
free5gc,free5gc-amf-7cbccff989-bbx5m,amf,1731606420000,0.6428878967702011,0.267987569173177
free5gc,free5gc-amf-7cbccff989-bbx5m,amf,1731606480000,0.3489393896515239,0.26788330078125
free5gc,free5gc-amf-7cbccff989-bbx5m,amf,1731606540000,0.5472212605576615,0.2677783966064453
free5gc,free5gc-amf-7cbccff989-bbx5m,amf,1731606600000,0.4315953780599657,0.2656402587890625
free5gc,free5gc-amf-7cbccff989-bbx5m,amf,1731606660000,0.4262576997133042,0.2674121856689453
free5gc,free5gc-amf-7cbccff989-bbx5m,amf,1731606720000,0.4597441322241109,0.2647272745768229
free5gc,free5gc-amf-7cbccff989-bbx5m,amf,1731606780000,0.5740010427676454,0.2674922943115234
free5gc,free5gc-amf-7cbccff989-bbx5m,amf,1731606840000,0.5669962301226257,0.26444091796875
free5gc,free5gc-amf-7cbccff989-bbx5m,amf,1731606900000,0.604657237069226,0.2677059173583984
free5gc,free5gc-amf-7cbccff989-bbx5m,amf,1731606960000,0.5467136618522493,0.2686138153076172
free5gc,free5gc-amf-7cbccff989-bbx5m,amf,1731607020000,0.5206644251132388,0.2666206359863281
free5gc,free5gc-amf-7cbccff989-bbx5m,amf,1731607080000,0.594331765687087,0.2663230895996094
free5gc,free5gc-amf-7cbccff989-bbx5m,amf,1731607140000,0.5209709275155422,0.2673149108886719
free5gc,free5gc-amf-7cbccff989-bbx5m,amf,1731607200000,0.5681611018439047,0.2688369750976562
free5gc,free5gc-amf-7cbccff989-bbx5m,amf,1731607260000,0.4556308806211022,0.262216567993164
free5gc,free5gc-amf-7cbccff989-bbx5m,amf,1731607320000,0.4373024980758138,0.2626152038574219
free5gc,free5gc-amf-7cbccff989-bbx5m,amf,1731607380000,0.4135895784343269,0.2640838623046875
free5gc,free5gc-amf-7cbccff989-bbx5m,amf,1731607440000,0.5930021534467949,0.2647705078125
free5gc,free5gc-amf-7cbccff989-bbx5m,amf,1731607500000,0.5497875801028143,0.2639827728271484
free5gc,free5gc-amf-7cbccff989-bbx5m,amf,1731607560000,0.4389285945810567,0.2645912170410156
free5gc,free5gc-amf-7cbccff989-bbx5m,amf,1731607620000,0.4104942030999009,0.2639636993408203
free5gc,free5gc-amf-7cbccff989-bbx5m,amf,1731607680000,0.2216443506211559,0.2673441569010417
free5gc,free5gc-amf-7cbccff989-bbx5m,amf,1731607740000,0.7872959107421302,0.2695732116699219
free5gc,free5gc-amf-7cbccff989-bbx5m,amf,1731607800000,0.5006244022373989,0.2645683288574219
free5gc,free5gc-amf-7cbccff989-bbx5m,amf,1731607860000,0.49342086435316,0.2633895874023437
free5gc,free5gc-amf-7cbccff989-bbx5m,amf,1731607920000,0.7229526149727136,0.2663745880126953
free5gc,free5gc-amf-7cbccff989-bbx5m,amf,1731607980000,0.5166551952464343,0.2689456939697265
free5gc,free5gc-amf-7cbccff989-bbx5m,amf,1731608040000,0.6092802306534281,0.2665672302246094
free5gc,free5gc-amf-7cbccff989-bbx5m,amf,1731608100000,0.4645799679550317,0.2653249104817708
free5gc,free5gc-amf-7cbccff989-bbx5m,amf,1731608160000,0.4010398123907972,0.2595596313476562
free5gc,free5gc-amf-7cbccff989-bbx5m,amf,1731608220000,0.6838622622972894,0.26580810546875
free5gc,free5gc-amf-7cbccff989-bbx5m,amf,1731608280000,0.6034553553214387,0.2669219970703125
free5gc,free5gc-amf-7cbccff989-bbx5m,amf,1731608340000,0.6742818121269767,0.2632465362548828
free5gc,free5gc-amf-7cbccff989-bbx5m,amf,1731608400000,0.5991370580138576,0.2660350799560547
free5gc,free5gc-amf-7cbccff989-bbx5m,amf,1731608460000,0.7508790561031181,0.2628898620605469
free5gc,free5gc-amf-7cbccff989-bbx5m,amf,1731608520000,0.4562203812989754,0.2644454956054687
free5gc,free5gc-amf-7cbccff989-bbx5m,amf,1731608580000,0.5300124438523662,0.268658447265625
free5gc,free5gc-amf-7cbccff989-bbx5m,amf,1731608640000,0.4944028158230872,0.2635078430175781
free5gc,free5gc-amf-7cbccff989-bbx5m,amf,1731608700000,0.5888014706929103,0.2631022135416667
free5gc,free5gc-amf-7cbccff989-bbx5m,amf,1731608760000,0.7396472326963379,0.2699756622314453
free5gc,free5gc-amf-7cbccff989-bbx5m,amf,1731608820000,0.3895928112278127,0.2704976399739583
free5gc,free5gc-amf-7cbccff989-bbx5m,amf,1731608880000,0.4914236810336176,0.265142822265625
free5gc,free5gc-amf-7cbccff989-bbx5m,amf,1731608940000,0.6332124625197484,0.2762336730957031
free5gc,free5gc-amf-7cbccff989-bbx5m,amf,1731609000000,0.9989197711201712,0.7257080078125
free5gc,free5gc-amf-7cbccff989-bbx5m,amf,1731609060000,0.4910914276720556,0.444732666015625
free5gc,free5gc-amf-7cbccff989-bbx5m,amf,1731609120000,7.194413204163879e-06,0.1676381429036458
free5gc,free5gc-amf-7cbccff989-bbx5m,amf,1731609180000,0.0002397844329563,0.1676788330078125
free5gc,free5gc-amf-7cbccff989-bbx5m,amf,1731609240000,4.699426731098121e-06,0.1677017211914062
free5gc,free5gc-amf-7cbccff989-bbx5m,amf,1731609300000,0.0291646423478474,0.1740245819091797
free5gc,free5gc-amf-7cbccff989-bbx5m,amf,1731609360000,0.4568133873252331,0.312601089477539
free5gc,free5gc-amf-7cbccff989-bbx5m,amf,1731609420000,0.310671839870431,0.2738723754882812
free5gc,free5gc-amf-7cbccff989-bbx5m,amf,1731609480000,0.260534347927961,0.2729156494140625
free5gc,free5gc-amf-7cbccff989-bbx5m,amf,1731609540000,0.2548028220498691,0.273297119140625
free5gc,free5gc-amf-7cbccff989-bbx5m,amf,1731609600000,0.3667377993847242,0.2732315063476562
free5gc,free5gc-amf-7cbccff989-bbx5m,amf,1731609660000,0.2855928738534395,0.2699031829833984
free5gc,free5gc-amf-7cbccff989-bbx5m,amf,1731609720000,0.202551243268914,0.2701339721679687
free5gc,free5gc-amf-7cbccff989-bbx5m,amf,1731609780000,0.4746228827538488,0.2740154266357422
free5gc,free5gc-amf-7cbccff989-bbx5m,amf,1731609840000,0.3665234464558215,0.27330322265625
free5gc,free5gc-amf-7cbccff989-bbx5m,amf,1731609900000,0.2061003533636494,0.2773183186848958
free5gc,free5gc-amf-7cbccff989-bbx5m,amf,1731609960000,0.2735898944090604,0.27154541015625
free5gc,free5gc-amf-7cbccff989-bbx5m,amf,1731610020000,0.3228186966091195,0.2738227844238281
free5gc,free5gc-amf-7cbccff989-bbx5m,amf,1731610080000,0.5218234004257977,0.2787075042724609
free5gc,free5gc-amf-7cbccff989-bbx5m,amf,1731610140000,0.3274272869970828,0.2734146118164062
free5gc,free5gc-amf-7cbccff989-bbx5m,amf,1731610200000,0.3522111344064546,0.2752532958984375
free5gc,free5gc-amf-7cbccff989-bbx5m,amf,1731610260000,0.1967316573731668,0.2741546630859375
free5gc,free5gc-amf-7cbccff989-bbx5m,amf,1731610320000,0.2340544833598983,0.2733383178710937
free5gc,free5gc-amf-7cbccff989-bbx5m,amf,1731610380000,0.1860704247407597,0.2747249603271484
free5gc,free5gc-amf-7cbccff989-bbx5m,amf,1731610440000,0.238466851921212,0.2709331512451172
free5gc,free5gc-amf-7cbccff989-bbx5m,amf,1731610500000,0.4052216243585282,0.2715587615966797
free5gc,free5gc-amf-7cbccff989-bbx5m,amf,1731610560000,0.2378511129328147,0.2771652221679687
free5gc,free5gc-amf-7cbccff989-bbx5m,amf,1731610620000,0.2341692090635193,0.2749214172363281
free5gc,free5gc-amf-7cbccff989-bbx5m,amf,1731610680000,0.2893099476184073,0.2729625701904297
free5gc,free5gc-amf-7cbccff989-bbx5m,amf,1731610740000,0.4294220717580239,0.2817363739013672
free5gc,free5gc-amf-7cbccff989-bbx5m,amf,1731610800000,0.3997743520316539,0.2742919921875
free5gc,free5gc-amf-7cbccff989-bbx5m,amf,1731610860000,0.3874407388708339,0.274237060546875
free5gc,free5gc-amf-7cbccff989-bbx5m,amf,1731610920000,0.2583192247011087,0.2740834554036458
free5gc,free5gc-amf-7cbccff989-bbx5m,amf,1731610980000,0.4241525038833501,0.2719478607177734
free5gc,free5gc-amf-7cbccff989-bbx5m,amf,1731611040000,0.2354940390462594,0.2719650268554687
free5gc,free5gc-amf-7cbccff989-bbx5m,amf,1731611100000,0.3794809105639758,0.2704792022705078
free5gc,free5gc-amf-7cbccff989-bbx5m,amf,1731611160000,0.2511801389893056,0.2829036712646484
free5gc,free5gc-amf-7cbccff989-bbx5m,amf,1731611220000,0.2962217281146589,0.2726573944091797
free5gc,free5gc-amf-7cbccff989-bbx5m,amf,1731611280000,0.4963179287932381,0.273712158203125
free5gc,free5gc-amf-7cbccff989-bbx5m,amf,1731611340000,0.2900071179927678,0.2722892761230469
free5gc,free5gc-amf-7cbccff989-bbx5m,amf,1731611400000,0.4219251789143676,0.2766304016113281
free5gc,free5gc-amf-7cbccff989-bbx5m,amf,1731611460000,0.2419091820025337,0.2762807210286458
free5gc,free5gc-amf-7cbccff989-bbx5m,amf,1731611520000,0.2231674478256118,0.2724639892578125
free5gc,free5gc-amf-7cbccff989-bbx5m,amf,1731611580000,0.1956551229999832,0.2738545735677083
free5gc,free5gc-amf-7cbccff989-bbx5m,amf,1731611640000,0.4153644097164883,0.2747146606445312
free5gc,free5gc-amf-7cbccff989-bbx5m,amf,1731611700000,0.217867677019171,0.273355484008789
free5gc,free5gc-amf-7cbccff989-bbx5m,amf,1731611760000,0.3328669339583749,0.2728080749511719
free5gc,free5gc-amf-7cbccff989-bbx5m,amf,1731611820000,0.3286122012163004,0.271249771118164
free5gc,free5gc-amf-7cbccff989-bbx5m,amf,1731611880000,0.2801232250582098,0.2712173461914062
free5gc,free5gc-amf-7cbccff989-bbx5m,amf,1731611940000,0.2763837476378173,0.2683893839518229
free5gc,free5gc-amf-7cbccff989-bbx5m,amf,1731612000000,0.4520413016371233,0.276824951171875
free5gc,free5gc-amf-7cbccff989-bbx5m,amf,1731612060000,0.3558687841958097,0.2746238708496094
free5gc,free5gc-amf-7cbccff989-bbx5m,amf,1731612120000,0.4330929086321161,0.2729059855143229
free5gc,free5gc-amf-7cbccff989-bbx5m,amf,1731612180000,0.5382305191401076,0.2746620178222656
free5gc,free5gc-amf-7cbccff989-bbx5m,amf,1731612240000,0.2641531347205118,0.2740230560302734
free5gc,free5gc-amf-7cbccff989-bbx5m,amf,1731612300000,0.3766154774699179,0.2719917297363281
free5gc,free5gc-amf-7cbccff989-bbx5m,amf,1731612360000,0.2362114525335902,0.2747383117675781
free5gc,free5gc-amf-7cbccff989-bbx5m,amf,1731612420000,0.4164578599256371,0.2800033569335937
free5gc,free5gc-amf-7cbccff989-bbx5m,amf,1731612480000,0.1164038754000102,0.2685089111328125
free5gc,free5gc-amf-7cbccff989-bbx5m,amf,1731612540000,0.3898185874653022,0.2751750946044922
free5gc,free5gc-amf-7cbccff989-bbx5m,amf,1731612600000,0.3210845140813223,0.2721888224283854
free5gc,free5gc-amf-7cbccff989-bbx5m,amf,1731612660000,0.2238094498045315,0.2770370483398437
free5gc,free5gc-amf-7cbccff989-bbx5m,amf,1731612720000,0.3897851779647791,0.2730712890625
free5gc,free5gc-amf-7cbccff989-bbx5m,amf,1731612780000,0.266674740154638,0.2715892791748047
free5gc,free5gc-amf-7cbccff989-bbx5m,amf,1731612840000,0.3073249542941041,0.2722530364990234
free5gc,free5gc-amf-7cbccff989-bbx5m,amf,1731612900000,0.3100351296853235,0.2694416046142578
free5gc,free5gc-amf-7cbccff989-bbx5m,amf,1731612960000,0.3901727466328963,0.2749824523925781
free5gc,free5gc-amf-7cbccff989-bbx5m,amf,1731613020000,0.4374713803288823,0.2769069671630859
free5gc,free5gc-amf-7cbccff989-bbx5m,amf,1731613080000,0.1915192645525321,0.2742595672607422
free5gc,free5gc-amf-7cbccff989-bbx5m,amf,1731613140000,0.0837905309545403,0.2713750203450521
free5gc,free5gc-amf-7cbccff989-bbx5m,amf,1731613200000,0.3339330220134484,0.2742691040039062
free5gc,free5gc-amf-7cbccff989-bbx5m,amf,1731613260000,0.0999778234235822,0.2773284912109375
free5gc,free5gc-amf-7cbccff989-bbx5m,amf,1731613320000,0.2698621593774846,0.2743326822916667
free5gc,free5gc-amf-7cbccff989-bbx5m,amf,1731613380000,0.2258947364034275,0.2713871002197265
free5gc,free5gc-amf-7cbccff989-bbx5m,amf,1731613440000,0.3852136213725882,0.2752761840820312
free5gc,free5gc-amf-7cbccff989-bbx5m,amf,1731613500000,0.286407620786107,0.2767391204833984
free5gc,free5gc-amf-7cbccff989-bbx5m,amf,1731613560000,0.3682945934853111,0.2707122802734375
free5gc,free5gc-amf-7cbccff989-bbx5m,amf,1731613620000,0.3126196827267046,0.2725830078125
free5gc,free5gc-amf-7cbccff989-bbx5m,amf,1731613680000,0.3020304558609887,0.2700462341308594
free5gc,free5gc-amf-7cbccff989-bbx5m,amf,1731613740000,0.212609629148718,0.2710342407226562
free5gc,free5gc-amf-7cbccff989-bbx5m,amf,1731613800000,0.2955449032755535,0.2710800170898437
free5gc,free5gc-amf-7cbccff989-bbx5m,amf,1731613860000,0.1421967386249606,0.2703132629394531
free5gc,free5gc-amf-7cbccff989-bbx5m,amf,1731613920000,0.308033495287273,0.2736129760742187
free5gc,free5gc-amf-7cbccff989-bbx5m,amf,1731613980000,0.1656198246346544,0.2721824645996094
free5gc,free5gc-amf-7cbccff989-bbx5m,amf,1731614040000,0.2959001415366591,0.2713623046875
free5gc,free5gc-amf-7cbccff989-bbx5m,amf,1731614100000,0.2651325030739571,0.2741222381591797
free5gc,free5gc-amf-7cbccff989-bbx5m,amf,1731614160000,0.2740421561175796,0.2734584808349609
free5gc,free5gc-amf-7cbccff989-bbx5m,amf,1731614220000,0.4364355456778619,0.2772178649902344
free5gc,free5gc-amf-7cbccff989-bbx5m,amf,1731614280000,0.3732217163126384,0.2744979858398437
free5gc,free5gc-amf-7cbccff989-bbx5m,amf,1731614340000,0.1513933520021283,0.2766151428222656
free5gc,free5gc-amf-7cbccff989-bbx5m,amf,1731614400000,0.2729697783169207,0.2734851837158203
free5gc,free5gc-amf-7cbccff989-bbx5m,amf,1731614460000,0.3385180719044214,0.2738555908203125
free5gc,free5gc-amf-7cbccff989-bbx5m,amf,1731614520000,0.2124779151766998,0.2731075286865234
free5gc,free5gc-amf-7cbccff989-bbx5m,amf,1731614580000,0.3688240581954313,0.2745315551757812
free5gc,free5gc-amf-7cbccff989-bbx5m,amf,1731614640000,0.2716468431244483,0.2750091552734375
free5gc,free5gc-amf-7cbccff989-bbx5m,amf,1731614700000,0.2365191083733831,0.273101806640625
free5gc,free5gc-amf-7cbccff989-bbx5m,amf,1731614760000,0.3504417277439604,0.2739830017089844
free5gc,free5gc-amf-7cbccff989-bbx5m,amf,1731614820000,0.3719317240895858,0.2741050720214844
free5gc,free5gc-amf-7cbccff989-bbx5m,amf,1731614880000,0.3142704325366213,0.2735538482666015
free5gc,free5gc-amf-7cbccff989-bbx5m,amf,1731614940000,0.2122414616949198,0.2710784912109375
free5gc,free5gc-amf-7cbccff989-bbx5m,amf,1731615000000,0.3927059184214955,0.2769355773925781
free5gc,free5gc-amf-7cbccff989-bbx5m,amf,1731615060000,0.325840244062122,0.2744579315185547
free5gc,free5gc-amf-7cbccff989-bbx5m,amf,1731615120000,0.2653199964132705,0.2725779215494791
free5gc,free5gc-amf-7cbccff989-bbx5m,amf,1731615180000,0.228495519404445,0.2802200317382812
free5gc,free5gc-amf-7cbccff989-bbx5m,amf,1731615240000,0.4471808200508156,0.2737380981445312
free5gc,free5gc-amf-7cbccff989-bbx5m,amf,1731615300000,0.403846357743093,0.2750686645507812
free5gc,free5gc-amf-7cbccff989-bbx5m,amf,1731615360000,0.4050278046528953,0.2739944458007812
free5gc,free5gc-amf-7cbccff989-bbx5m,amf,1731615420000,0.1833852864926095,0.2733993530273437
free5gc,free5gc-amf-7cbccff989-bbx5m,amf,1731615480000,0.4299150415039645,0.2797794342041015
free5gc,free5gc-amf-7cbccff989-bbx5m,amf,1731615540000,0.217100627188251,0.273569107055664
free5gc,free5gc-amf-7cbccff989-bbx5m,amf,1731615600000,0.2717063024968897,0.2711849212646484
free5gc,free5gc-amf-7cbccff989-bbx5m,amf,1731615660000,0.2596448514503968,0.2807445526123047
free5gc,free5gc-amf-7cbccff989-bbx5m,amf,1731615720000,0.2081857297067952,0.2760910034179687
free5gc,free5gc-amf-7cbccff989-bbx5m,amf,1731615780000,0.3751316976243848,0.2783794403076172
free5gc,free5gc-amf-7cbccff989-bbx5m,amf,1731615840000,0.2155898646585187,0.2728561401367187
free5gc,free5gc-amf-7cbccff989-bbx5m,amf,1731615900000,0.2357002840254315,0.2714710235595703
free5gc,free5gc-amf-7cbccff989-bbx5m,amf,1731615960000,0.2003528459345595,0.2726001739501953
free5gc,free5gc-amf-7cbccff989-bbx5m,amf,1731616020000,0.2905039059506706,0.2724227905273437
free5gc,free5gc-amf-7cbccff989-bbx5m,amf,1731616080000,0.4177740820442088,0.2739200592041015
free5gc,free5gc-amf-7cbccff989-bbx5m,amf,1731616140000,0.1806019136852445,0.2707010904947917
free5gc,free5gc-amf-7cbccff989-bbx5m,amf,1731616200000,0.2530118622029789,0.2792205810546875
free5gc,free5gc-amf-7cbccff989-bbx5m,amf,1731616260000,0.2605121276470856,0.2719650268554687
free5gc,free5gc-amf-7cbccff989-bbx5m,amf,1731616320000,0.2280754405043674,0.2722663879394531
free5gc,free5gc-amf-7cbccff989-bbx5m,amf,1731616380000,0.2891144731824499,0.2744191487630208
free5gc,free5gc-amf-7cbccff989-bbx5m,amf,1731616440000,0.2405996519508744,0.270242691040039
free5gc,free5gc-amf-7cbccff989-bbx5m,amf,1731616500000,0.2296746317881578,0.275003433227539
free5gc,free5gc-amf-7cbccff989-bbx5m,amf,1731616560000,0.2974691687217697,0.2726791381835937
free5gc,free5gc-amf-7cbccff989-bbx5m,amf,1731616620000,0.4288936700298595,0.2730662027994791
free5gc,free5gc-amf-7cbccff989-bbx5m,amf,1731616680000,0.2755698051309335,0.2716922760009765
free5gc,free5gc-amf-7cbccff989-bbx5m,amf,1731616740000,0.2042456375839096,0.2714411417643229
free5gc,free5gc-amf-7cbccff989-bbx5m,amf,1731616800000,0.2477831935012681,0.2682991027832031
free5gc,free5gc-amf-7cbccff989-bbx5m,amf,1731616860000,0.4811469091431051,0.2735862731933594
free5gc,free5gc-amf-7cbccff989-bbx5m,amf,1731616920000,0.2929302390825757,0.2767276763916015
free5gc,free5gc-amf-7cbccff989-bbx5m,amf,1731616980000,0.1545570948137257,0.2709197998046875
free5gc,free5gc-amf-7cbccff989-bbx5m,amf,1731617040000,0.3376453134204638,0.276092529296875
free5gc,free5gc-amf-7cbccff989-bbx5m,amf,1731617100000,0.3504207957002713,0.274209976196289
free5gc,free5gc-amf-7cbccff989-bbx5m,amf,1731617160000,0.3799919233617269,0.2719757080078125
free5gc,free5gc-amf-7cbccff989-bbx5m,amf,1731617220000,0.3644369337549695,0.2712732950846354
free5gc,free5gc-amf-7cbccff989-bbx5m,amf,1731617280000,0.3158107208189822,0.2730598449707031
free5gc,free5gc-amf-7cbccff989-bbx5m,amf,1731617340000,0.3093297487781933,0.2764739990234375
free5gc,free5gc-amf-7cbccff989-bbx5m,amf,1731617400000,0.3282666518563709,0.2761478424072265
free5gc,free5gc-amf-7cbccff989-bbx5m,amf,1731617460000,0.2224773526878535,0.268503189086914
free5gc,free5gc-amf-7cbccff989-bbx5m,amf,1731617520000,0.4337149537713968,0.2723827362060547
free5gc,free5gc-amf-7cbccff989-bbx5m,amf,1731617580000,0.4083764960523828,0.2721633911132812
free5gc,free5gc-amf-7cbccff989-bbx5m,amf,1731617640000,0.2579450392681964,0.2736689249674479
free5gc,free5gc-amf-7cbccff989-bbx5m,amf,1731617700000,0.3741407937069065,0.2703304290771484
free5gc,free5gc-amf-7cbccff989-bbx5m,amf,1731617760000,0.2516083853318955,0.274362564086914
free5gc,free5gc-amf-7cbccff989-bbx5m,amf,1731617820000,0.3261711202288618,0.275979995727539
free5gc,free5gc-amf-7cbccff989-bbx5m,amf,1731617880000,0.2372883635529312,0.2749465942382812
free5gc,free5gc-amf-7cbccff989-bbx5m,amf,1731617940000,0.4010262727731845,0.270120620727539
free5gc,free5gc-amf-7cbccff989-bbx5m,amf,1731618000000,0.2050668440022521,0.2740478515625
free5gc,free5gc-amf-7cbccff989-bbx5m,amf,1731618060000,0.3296674661100446,0.2688941955566406
free5gc,free5gc-amf-7cbccff989-bbx5m,amf,1731618120000,0.3238004651810641,0.2707195281982422
free5gc,free5gc-amf-7cbccff989-bbx5m,amf,1731618180000,0.4123901789116438,0.2710037231445312
free5gc,free5gc-amf-7cbccff989-bbx5m,amf,1731618240000,0.4518118066386389,0.2722915649414062
free5gc,free5gc-amf-7cbccff989-bbx5m,amf,1731618300000,0.3560315964364968,0.2704734802246094
free5gc,free5gc-amf-7cbccff989-bbx5m,amf,1731618360000,0.3273639257023391,0.268402099609375
free5gc,free5gc-amf-7cbccff989-bbx5m,amf,1731618420000,0.4351849883314526,0.2694301605224609
free5gc,free5gc-amf-7cbccff989-bbx5m,amf,1731618480000,0.3564079324125283,0.2710494995117187
free5gc,free5gc-amf-7cbccff989-bbx5m,amf,1731618540000,0.4325745798393554,0.272378921508789
free5gc,free5gc-amf-7cbccff989-bbx5m,amf,1731618600000,0.3461139056524435,0.2752017974853515
free5gc,free5gc-amf-7cbccff989-bbx5m,amf,1731618660000,0.2296973620342475,0.2683734893798828
free5gc,free5gc-amf-7cbccff989-bbx5m,amf,1731618720000,0.3448044136099802,0.2668533325195312
free5gc,free5gc-amf-7cbccff989-bbx5m,amf,1731618780000,0.4234792922590928,0.2737007141113281
free5gc,free5gc-amf-7cbccff989-bbx5m,amf,1731618840000,0.1147161807076077,0.2719612121582031
free5gc,free5gc-amf-7cbccff989-bbx5m,amf,1731618900000,0.165563521039435,0.2687587738037109
free5gc,free5gc-amf-7cbccff989-bbx5m,amf,1731618960000,0.4523627184149583,0.2742424011230469
free5gc,free5gc-amf-7cbccff989-bbx5m,amf,1731619020000,0.3237566726613847,0.2665920257568359
free5gc,free5gc-amf-7cbccff989-bbx5m,amf,1731619080000,0.3490335682327287,0.268350601196289
free5gc,free5gc-amf-7cbccff989-bbx5m,amf,1731619140000,0.4367787963536803,0.2715473175048828
free5gc,free5gc-amf-7cbccff989-bbx5m,amf,1731619200000,0.1929204467783662,0.2692527770996094
free5gc,free5gc-amf-7cbccff989-bbx5m,amf,1731619260000,0.397516947041607,0.2684803009033203
free5gc,free5gc-amf-7cbccff989-bbx5m,amf,1731619320000,0.4256983780991866,0.2680740356445312
free5gc,free5gc-amf-7cbccff989-bbx5m,amf,1731619380000,0.4133211014855468,0.2703079223632812
free5gc,free5gc-amf-7cbccff989-bbx5m,amf,1731619440000,0.2942298450792119,0.267486572265625
free5gc,free5gc-amf-7cbccff989-bbx5m,amf,1731619500000,0.241563569011687,0.2692108154296875
free5gc,free5gc-amf-7cbccff989-bbx5m,amf,1731619560000,0.2223589560582766,0.269500732421875
free5gc,free5gc-amf-7cbccff989-bbx5m,amf,1731619620000,0.1765466811560484,0.2699635823567708
free5gc,free5gc-amf-7cbccff989-bbx5m,amf,1731619680000,0.3473083219081304,0.2708969116210937
free5gc,free5gc-amf-7cbccff989-bbx5m,amf,1731619740000,0.3456615594362774,0.2682628631591797
free5gc,free5gc-amf-7cbccff989-bbx5m,amf,1731619800000,0.4371266618011392,0.2694511413574219
free5gc,free5gc-amf-7cbccff989-bbx5m,amf,1731619860000,0.5526262568700441,0.2689933776855469
free5gc,free5gc-amf-7cbccff989-bbx5m,amf,1731619920000,0.1590513351444118,0.2675514221191406
free5gc,free5gc-amf-7cbccff989-bbx5m,amf,1731619980000,0.317655397901437,0.2674198150634765
free5gc,free5gc-amf-7cbccff989-bbx5m,amf,1731620040000,0.264456317705203,0.2751293182373047
free5gc,free5gc-amf-7cbccff989-bbx5m,amf,1731620100000,0.2869887399242853,0.26719970703125
free5gc,free5gc-amf-7cbccff989-bbx5m,amf,1731620160000,0.3523982486166798,0.2690887451171875
free5gc,free5gc-amf-7cbccff989-bbx5m,amf,1731620220000,0.4168926498933056,0.270700454711914
free5gc,free5gc-amf-7cbccff989-bbx5m,amf,1731620280000,0.3097003832214797,0.2681884765625
free5gc,free5gc-amf-7cbccff989-bbx5m,amf,1731620340000,0.2612545313110202,0.2670379638671875
free5gc,free5gc-amf-7cbccff989-bbx5m,amf,1731620400000,0.4214333612285489,0.26898193359375
free5gc,free5gc-amf-7cbccff989-bbx5m,amf,1731620460000,0.2785896441980908,0.27276611328125
free5gc,free5gc-amf-7cbccff989-bbx5m,amf,1731620520000,0.3751304318557327,0.2688552856445312
free5gc,free5gc-amf-7cbccff989-bbx5m,amf,1731620580000,0.2758718151688654,0.2692432403564453
free5gc,free5gc-amf-7cbccff989-bbx5m,amf,1731620640000,0.3570754398992734,0.2711467742919922
free5gc,free5gc-amf-7cbccff989-bbx5m,amf,1731620700000,0.2314964354453869,0.2687854766845703
free5gc,free5gc-amf-7cbccff989-bbx5m,amf,1731620760000,0.3177386828501468,0.2723903656005859
free5gc,free5gc-amf-7cbccff989-bbx5m,amf,1731620820000,0.3014087467894817,0.2694129943847656
free5gc,free5gc-amf-7cbccff989-bbx5m,amf,1731620880000,0.4904844546643846,0.2734584808349609
free5gc,free5gc-amf-7cbccff989-bbx5m,amf,1731620940000,0.4686671868441799,0.2679468790690104
free5gc,free5gc-amf-7cbccff989-bbx5m,amf,1731621000000,0.3441075236755401,0.2660202026367187
free5gc,free5gc-amf-7cbccff989-bbx5m,amf,1731621060000,0.4250536419025812,0.2646980285644531
free5gc,free5gc-amf-7cbccff989-bbx5m,amf,1731621120000,0.3113916128616455,0.2691516876220703
free5gc,free5gc-amf-7cbccff989-bbx5m,amf,1731621180000,0.3554708939060562,0.264617919921875
free5gc,free5gc-amf-7cbccff989-bbx5m,amf,1731621240000,0.3545132212662326,0.2700080871582031
free5gc,free5gc-amf-7cbccff989-bbx5m,amf,1731621300000,0.3046892910366389,0.2698726654052734
free5gc,free5gc-amf-7cbccff989-bbx5m,amf,1731621360000,0.1721794511363359,0.2687492370605469
free5gc,free5gc-amf-7cbccff989-bbx5m,amf,1731621420000,0.3538410164455519,0.2708740234375
free5gc,free5gc-amf-7cbccff989-bbx5m,amf,1731621480000,0.1643204535566624,0.2723439534505208
free5gc,free5gc-amf-7cbccff989-bbx5m,amf,1731621540000,0.1764978643711397,0.2704296112060547
free5gc,free5gc-amf-7cbccff989-bbx5m,amf,1731621600000,0.4626456928358665,0.2683315277099609
free5gc,free5gc-amf-7cbccff989-bbx5m,amf,1731621660000,0.3316200971643233,0.2681407928466797
free5gc,free5gc-amf-7cbccff989-bbx5m,amf,1731621720000,0.4732261613154244,0.2720699310302734
free5gc,free5gc-amf-7cbccff989-bbx5m,amf,1731621780000,0.1522355590087304,0.2690486907958984
free5gc,free5gc-amf-7cbccff989-bbx5m,amf,1731621840000,0.2440527740589388,0.2677421569824219
free5gc,free5gc-amf-7cbccff989-bbx5m,amf,1731621900000,0.3356358410319904,0.2672678629557292
free5gc,free5gc-amf-7cbccff989-bbx5m,amf,1731621960000,0.2797011579723372,0.2550704956054687
free5gc,free5gc-amf-7cbccff989-bbx5m,amf,1731622020000,0.2419262755703609,0.2535343170166015
free5gc,free5gc-amf-7cbccff989-bbx5m,amf,1731622080000,0.2697483919799815,0.2509816487630208
free5gc,free5gc-amf-7cbccff989-bbx5m,amf,1731622140000,0.2487298767676366,0.2501113891601562
free5gc,free5gc-amf-7cbccff989-bbx5m,amf,1731622200000,0.4236515526579728,0.2508296966552734
free5gc,free5gc-amf-7cbccff989-bbx5m,amf,1731622260000,0.2772291269730838,0.2468452453613281
free5gc,free5gc-amf-7cbccff989-bbx5m,amf,1731622320000,0.2518656793922763,0.2489761352539062
free5gc,free5gc-amf-7cbccff989-bbx5m,amf,1731622380000,0.1912664906200862,0.2421607971191406
free5gc,free5gc-amf-7cbccff989-bbx5m,amf,1731622440000,0.2562019733011229,0.2389945983886718
free5gc,free5gc-amf-7cbccff989-bbx5m,amf,1731622500000,0.3372928273070376,0.2427501678466797
free5gc,free5gc-amf-7cbccff989-bbx5m,amf,1731622560000,0.3351060847755296,0.2354354858398437
free5gc,free5gc-amf-7cbccff989-bbx5m,amf,1731622620000,0.213631927534813,0.2398700714111328
free5gc,free5gc-amf-7cbccff989-bbx5m,amf,1731622680000,0.3149478234107264,0.2392005920410156
free5gc,free5gc-amf-7cbccff989-bbx5m,amf,1731622740000,0.2970659993510769,0.2378387451171875
free5gc,free5gc-amf-7cbccff989-bbx5m,amf,1731622800000,0.2633881315714229,0.235931396484375
free5gc,free5gc-amf-7cbccff989-bbx5m,amf,1731622860000,0.2590455865099423,0.234018325805664
free5gc,free5gc-amf-7cbccff989-bbx5m,amf,1731622920000,0.3226850570086716,0.2310791015625
free5gc,free5gc-amf-7cbccff989-bbx5m,amf,1731622980000,0.4678340220702836,0.227273941040039
free5gc,free5gc-amf-7cbccff989-bbx5m,amf,1731623040000,0.3307445352969055,0.2257598876953125
free5gc,free5gc-amf-7cbccff989-bbx5m,amf,1731623100000,0.2428910220467248,0.227569580078125
free5gc,free5gc-amf-7cbccff989-bbx5m,amf,1731623160000,0.3491376986388572,0.2248058319091797
free5gc,free5gc-amf-7cbccff989-bbx5m,amf,1731623220000,0.1209458073401083,0.2243766784667968
free5gc,free5gc-amf-7cbccff989-bbx5m,amf,1731623280000,0.3677715893948081,0.2286510467529297
free5gc,free5gc-amf-7cbccff989-bbx5m,amf,1731623340000,0.307444349969017,0.2228965759277343
free5gc,free5gc-amf-7cbccff989-bbx5m,amf,1731623400000,0.2518851677098577,0.2257022857666015
free5gc,free5gc-amf-7cbccff989-bbx5m,amf,1731623460000,0.2822150297179293,0.2224712371826172
free5gc,free5gc-amf-7cbccff989-bbx5m,amf,1731623520000,0.3036655984202289,0.2243976593017578
free5gc,free5gc-amf-7cbccff989-bbx5m,amf,1731623580000,0.2219312833985953,0.2237052917480468
free5gc,free5gc-amf-7cbccff989-bbx5m,amf,1731623640000,0.2183216934945606,0.2276535034179687
free5gc,free5gc-amf-7cbccff989-bbx5m,amf,1731623700000,0.3157650395687831,0.2264984130859375
free5gc,free5gc-amf-7cbccff989-bbx5m,amf,1731623760000,0.1674857666759736,0.2295684814453125
free5gc,free5gc-amf-7cbccff989-bbx5m,amf,1731623820000,0.3412266728058811,0.2240493774414062
free5gc,free5gc-amf-7cbccff989-bbx5m,amf,1731623880000,0.20994877458262,0.2185465494791666
free5gc,free5gc-amf-7cbccff989-bbx5m,amf,1731623940000,0.2316913801725609,0.2239284515380859
free5gc,free5gc-amf-7cbccff989-bbx5m,amf,1731624000000,0.3040220062552736,0.2232227325439453
free5gc,free5gc-amf-7cbccff989-bbx5m,amf,1731624060000,0.4345847023048038,0.2184047698974609
free5gc,free5gc-amf-7cbccff989-bbx5m,amf,1731624120000,0.244362343179357,0.2144985198974609
free5gc,free5gc-amf-7cbccff989-bbx5m,amf,1731624180000,0.2529364664284602,0.2182292938232422
free5gc,free5gc-amf-7cbccff989-bbx5m,amf,1731624240000,0.1872791483919027,0.2135060628255208
free5gc,free5gc-amf-7cbccff989-bbx5m,amf,1731624300000,0.3478683402361038,0.2179832458496093
free5gc,free5gc-amf-7cbccff989-bbx5m,amf,1731624360000,0.2587061964257396,0.217864990234375
free5gc,free5gc-amf-7cbccff989-bbx5m,amf,1731624420000,0.380837436600018,0.215277099609375
free5gc,free5gc-amf-7cbccff989-bbx5m,amf,1731624480000,0.2590859709964556,0.2199757893880208
free5gc,free5gc-amf-7cbccff989-bbx5m,amf,1731624540000,0.3524366901814615,0.2185001373291015
free5gc,free5gc-amf-7cbccff989-bbx5m,amf,1731624600000,0.4871904974071201,0.2176589965820312
free5gc,free5gc-amf-7cbccff989-bbx5m,amf,1731624660000,0.1660641799197664,0.2158012390136718
free5gc,free5gc-amf-7cbccff989-bbx5m,amf,1731624720000,0.1957275626240955,0.2168624877929687
free5gc,free5gc-amf-7cbccff989-bbx5m,amf,1731624780000,0.2626700948999769,0.2188618977864583
free5gc,free5gc-amf-7cbccff989-bbx5m,amf,1731624840000,0.312974551721366,0.2163528442382812
free5gc,free5gc-amf-7cbccff989-bbx5m,amf,1731624900000,0.192322653146473,0.2141326904296875
free5gc,free5gc-amf-7cbccff989-bbx5m,amf,1731624960000,0.3376986348846614,0.2128734588623047
free5gc,free5gc-amf-7cbccff989-bbx5m,amf,1731625020000,0.2786167999999931,0.2081629435221354
free5gc,free5gc-amf-7cbccff989-bbx5m,amf,1731625080000,0.4034844706884208,0.2122097015380859
free5gc,free5gc-amf-7cbccff989-bbx5m,amf,1731625140000,0.1648064075327753,0.2103385925292968
free5gc,free5gc-amf-7cbccff989-bbx5m,amf,1731625200000,0.3698855244068776,0.2109146118164062
free5gc,free5gc-amf-7cbccff989-bbx5m,amf,1731625260000,0.1678426363087169,0.210031509399414
free5gc,free5gc-amf-7cbccff989-bbx5m,amf,1731625320000,0.2382630871377213,0.209747314453125
free5gc,free5gc-amf-7cbccff989-bbx5m,amf,1731625380000,0.3143579540700376,0.2087764739990234
free5gc,free5gc-amf-7cbccff989-bbx5m,amf,1731625440000,0.1922205220718754,0.207834243774414
free5gc,free5gc-amf-7cbccff989-bbx5m,amf,1731625500000,0.3010759444732343,0.2184982299804687
free5gc,free5gc-amf-7cbccff989-bbx5m,amf,1731625560000,0.1936597951394998,0.2117061614990234
free5gc,free5gc-amf-7cbccff989-bbx5m,amf,1731625620000,0.1853687633516214,0.2071189880371093
free5gc,free5gc-amf-7cbccff989-bbx5m,amf,1731625680000,0.199079872628165,0.2080718994140625
free5gc,free5gc-amf-7cbccff989-bbx5m,amf,1731625740000,0.1636778153839136,0.207489013671875
free5gc,free5gc-amf-7cbccff989-bbx5m,amf,1731625800000,0.2384211132617583,0.2109394073486328
free5gc,free5gc-amf-7cbccff989-bbx5m,amf,1731625860000,0.160753222001171,0.2159805297851562
free5gc,free5gc-amf-7cbccff989-bbx5m,amf,1731625920000,0.0941653352463742,0.2073936462402343
free5gc,free5gc-amf-7cbccff989-bbx5m,amf,1731625980000,0.1515788643581473,0.2068252563476562
free5gc,free5gc-amf-7cbccff989-bbx5m,amf,1731626040000,0.260801161445086,0.209573745727539
free5gc,free5gc-amf-7cbccff989-bbx5m,amf,1731626100000,0.434104938189522,0.2101287841796875
free5gc,free5gc-amf-7cbccff989-bbx5m,amf,1731626160000,0.3381969007414427,0.209115982055664
free5gc,free5gc-amf-7cbccff989-bbx5m,amf,1731626220000,0.4641194935366132,0.2089042663574218
free5gc,free5gc-amf-7cbccff989-bbx5m,amf,1731626280000,0.1262675533841761,0.2061977386474609
free5gc,free5gc-amf-7cbccff989-bbx5m,amf,1731626340000,0.3059742469958554,0.2122936248779297
free5gc,free5gc-amf-7cbccff989-bbx5m,amf,1731626400000,0.2657271906256109,0.2048721313476562
free5gc,free5gc-amf-7cbccff989-bbx5m,amf,1731626460000,0.1978038661483997,0.2039820353190104
free5gc,free5gc-amf-7cbccff989-bbx5m,amf,1731626520000,0.2637491220142181,0.2110195159912109
free5gc,free5gc-amf-7cbccff989-bbx5m,amf,1731626580000,0.2024603075208894,0.2081470489501953
free5gc,free5gc-amf-7cbccff989-bbx5m,amf,1731626640000,0.223774314386715,0.2083797454833984
free5gc,free5gc-amf-7cbccff989-bbx5m,amf,1731626700000,0.2621961423290609,0.2078857421875
free5gc,free5gc-amf-7cbccff989-bbx5m,amf,1731626760000,0.142895239206536,0.1970577239990234
free5gc,free5gc-amf-7cbccff989-bbx5m,amf,1731626820000,0.2543624330048016,0.1966094970703125
free5gc,free5gc-amf-7cbccff989-bbx5m,amf,1731626880000,0.1500746242513613,0.1917762756347656
free5gc,free5gc-amf-7cbccff989-bbx5m,amf,1731626940000,0.1253730149314395,0.1981455485026041
free5gc,free5gc-amf-7cbccff989-bbx5m,amf,1731627000000,0.3372782370201244,0.1932907104492187
free5gc,free5gc-amf-7cbccff989-bbx5m,amf,1731627060000,0.2991626789613532,0.1947135925292968
free5gc,free5gc-amf-7cbccff989-bbx5m,amf,1731627120000,0.2466553202373323,0.1918525695800781
free5gc,free5gc-amf-7cbccff989-bbx5m,amf,1731627180000,0.2682246383718256,0.1961578369140625
free5gc,free5gc-amf-7cbccff989-bbx5m,amf,1731627240000,0.0894105512000351,0.1939926147460937
free5gc,free5gc-amf-7cbccff989-bbx5m,amf,1731627300000,0.2545904341109229,0.192352294921875
free5gc,free5gc-amf-7cbccff989-bbx5m,amf,1731627360000,0.3143042093699252,0.1977310180664062
free5gc,free5gc-amf-7cbccff989-bbx5m,amf,1731627420000,0.3037366822588183,0.1923198699951172
free5gc,free5gc-amf-7cbccff989-bbx5m,amf,1731627480000,0.3085799144205171,0.1962490081787109
free5gc,free5gc-amf-7cbccff989-bbx5m,amf,1731627540000,0.3067258570149841,0.1921901702880859
free5gc,free5gc-amf-7cbccff989-bbx5m,amf,1731627600000,0.2676789727540633,0.1973228454589843
free5gc,free5gc-amf-7cbccff989-bbx5m,amf,1731627660000,0.2145082194071247,0.1931953430175781
free5gc,free5gc-amf-7cbccff989-bbx5m,amf,1731627720000,0.2734901569203485,0.2059682210286458
free5gc,free5gc-amf-7cbccff989-bbx5m,amf,1731627780000,0.3017353920934957,0.1916065216064453
free5gc,free5gc-amf-7cbccff989-bbx5m,amf,1731627840000,0.4096040736092098,0.1915181477864583
free5gc,free5gc-amf-7cbccff989-bbx5m,amf,1731627900000,0.3387545889650583,0.193731689453125
free5gc,free5gc-amf-7cbccff989-bbx5m,amf,1731627960000,0.2552819495466732,0.1943868001302083
free5gc,free5gc-amf-7cbccff989-bbx5m,amf,1731628020000,0.3833897387224763,0.1915766398111979
free5gc,free5gc-amf-7cbccff989-bbx5m,amf,1731628080000,0.2001053636808318,0.1962890625
free5gc,free5gc-amf-7cbccff989-bbx5m,amf,1731628140000,0.1901789113265859,0.1913337707519531
free5gc,free5gc-amf-7cbccff989-bbx5m,amf,1731628200000,0.2496262623974132,0.1966266632080078
free5gc,free5gc-amf-7cbccff989-bbx5m,amf,1731628260000,0.2812785961124356,0.1904335021972656
free5gc,free5gc-amf-7cbccff989-bbx5m,amf,1731628320000,0.204982064518662,0.1964015960693359
free5gc,free5gc-amf-7cbccff989-bbx5m,amf,1731628380000,0.4431958767478323,0.1978352864583333
free5gc,free5gc-amf-7cbccff989-bbx5m,amf,1731628440000,0.3085298478833038,0.1926021575927734
free5gc,free5gc-amf-7cbccff989-bbx5m,amf,1731628500000,0.2812397490207449,0.1753173828125
free5gc,free5gc-amf-7cbccff989-bbx5m,amf,1731628560000,0.3751695479893328,0.1823476155598958
free5gc,free5gc-amf-7cbccff989-bbx5m,amf,1731628620000,0.2878250871469645,0.173138427734375
free5gc,free5gc-amf-7cbccff989-bbx5m,amf,1731628680000,0.3097328340501176,0.1712169647216797
free5gc,free5gc-amf-7cbccff989-bbx5m,amf,1731628740000,0.2989971203000848,0.1768760681152343
free5gc,free5gc-amf-7cbccff989-bbx5m,amf,1731628800000,0.2524412532928898,0.1782913208007812
free5gc,free5gc-amf-7cbccff989-bbx5m,amf,1731628860000,0.2229770282774364,0.1735210418701172
free5gc,free5gc-amf-7cbccff989-bbx5m,amf,1731628920000,0.2057733188324131,0.1779022216796875
free5gc,free5gc-amf-7cbccff989-bbx5m,amf,1731628980000,0.4965253336051953,0.175394058227539
free5gc,free5gc-amf-7cbccff989-bbx5m,amf,1731629040000,0.2359031957678667,0.1769510904947916
free5gc,free5gc-amf-7cbccff989-bbx5m,amf,1731629100000,0.2722246687343619,0.1754474639892578
free5gc,free5gc-amf-7cbccff989-bbx5m,amf,1731629160000,0.1981819119497199,0.1748886108398437
free5gc,free5gc-amf-7cbccff989-bbx5m,amf,1731629220000,0.3128304473566107,0.1782875061035156
free5gc,free5gc-amf-7cbccff989-bbx5m,amf,1731629280000,0.3738971499102801,0.1876296997070312
free5gc,free5gc-amf-7cbccff989-bbx5m,amf,1731629340000,0.3961174373613734,0.1765422821044922
free5gc,free5gc-amf-7cbccff989-bbx5m,amf,1731629400000,0.2952832609556486,0.178955078125
free5gc,free5gc-amf-7cbccff989-bbx5m,amf,1731629460000,0.2152033529030363,0.1776046752929687
free5gc,free5gc-amf-7cbccff989-bbx5m,amf,1731629520000,0.324942073388079,0.1765613555908203
free5gc,free5gc-amf-7cbccff989-bbx5m,amf,1731629580000,0.2322110054963103,0.1763331095377604
free5gc,free5gc-amf-7cbccff989-bbx5m,amf,1731629640000,0.3005074074492606,0.1733531951904297
free5gc,free5gc-amf-7cbccff989-bbx5m,amf,1731629700000,0.2787741943780188,0.1754951477050781
free5gc,free5gc-amf-7cbccff989-bbx5m,amf,1731629760000,0.2784962542479123,0.1737060546875
free5gc,free5gc-amf-7cbccff989-bbx5m,amf,1731629820000,0.1893764228588688,0.1771723429361979
free5gc,free5gc-amf-7cbccff989-bbx5m,amf,1731629880000,0.2676693293430159,0.1721210479736328
free5gc,free5gc-amf-7cbccff989-bbx5m,amf,1731629940000,0.0928036080532621,0.1746470133463541
free5gc,free5gc-amf-7cbccff989-bbx5m,amf,1731630000000,0.3609720654130878,0.17303466796875
free5gc,free5gc-amf-7cbccff989-bbx5m,amf,1731630060000,0.3645316548820574,0.1727116902669271
free5gc,free5gc-amf-7cbccff989-bbx5m,amf,1731630120000,0.3210897253689381,0.1762313842773437
free5gc,free5gc-amf-7cbccff989-bbx5m,amf,1731630180000,0.3610808172887843,0.1724128723144531
free5gc,free5gc-amf-7cbccff989-bbx5m,amf,1731630240000,0.2897856104579033,0.1736087799072265
free5gc,free5gc-amf-7cbccff989-bbx5m,amf,1731630300000,0.155752679146632,0.1740741729736328
free5gc,free5gc-amf-7cbccff989-bbx5m,amf,1731630360000,0.2656155667433564,0.182657241821289
free5gc,free5gc-amf-7cbccff989-bbx5m,amf,1731630420000,0.335883002348423,0.1743728637695312
free5gc,free5gc-amf-7cbccff989-bbx5m,amf,1731630480000,0.295075133863393,0.1747951507568359
free5gc,free5gc-amf-7cbccff989-bbx5m,amf,1731630540000,0.1785899365253581,0.1724878946940104
free5gc,free5gc-amf-7cbccff989-bbx5m,amf,1731630600000,0.3313957548272019,0.1753711700439453
free5gc,free5gc-amf-7cbccff989-bbx5m,amf,1731630660000,0.367032297313911,0.1747398376464843
free5gc,free5gc-amf-7cbccff989-bbx5m,amf,1731630720000,0.234131320944593,0.176706314086914
free5gc,free5gc-amf-7cbccff989-bbx5m,amf,1731630780000,0.4204648054348404,0.1763286590576172
free5gc,free5gc-amf-7cbccff989-bbx5m,amf,1731630840000,0.2411285077630165,0.1755485534667968
free5gc,free5gc-amf-7cbccff989-bbx5m,amf,1731630900000,0.4552006497512516,0.1743755340576172
free5gc,free5gc-amf-7cbccff989-bbx5m,amf,1731630960000,0.2668308198124661,0.1771621704101562
free5gc,free5gc-amf-7cbccff989-bbx5m,amf,1731631020000,0.1983211704902531,0.1735483805338541
free5gc,free5gc-amf-7cbccff989-bbx5m,amf,1731631080000,0.2226592155067064,0.1816635131835937
free5gc,free5gc-amf-7cbccff989-bbx5m,amf,1731631140000,0.1353705906037008,0.170999526977539
free5gc,free5gc-amf-7cbccff989-bbx5m,amf,1731631200000,0.3896405645087477,0.180246353149414
free5gc,free5gc-amf-7cbccff989-bbx5m,amf,1731631260000,0.3473179822824359,0.1711959838867187
free5gc,free5gc-amf-7cbccff989-bbx5m,amf,1731631320000,0.144167525064147,0.1727345784505208
free5gc,free5gc-amf-7cbccff989-bbx5m,amf,1731631380000,0.228159106824626,0.1786231994628906
free5gc,free5gc-amf-7cbccff989-bbx5m,amf,1731631440000,0.2447836183623052,0.1828536987304687
free5gc,free5gc-amf-7cbccff989-bbx5m,amf,1731631500000,0.1278999542633363,0.17523193359375
free5gc,free5gc-amf-7cbccff989-bbx5m,amf,1731631560000,0.2315733600972755,0.1763839721679687
free5gc,free5gc-amf-7cbccff989-bbx5m,amf,1731631620000,0.2963848030894845,0.1735458374023437
free5gc,free5gc-amf-7cbccff989-bbx5m,amf,1731631680000,0.3645336686003769,0.18236083984375
free5gc,free5gc-amf-7cbccff989-bbx5m,amf,1731631740000,0.3003810746785784,0.1764049530029297
free5gc,free5gc-amf-7cbccff989-bbx5m,amf,1731631800000,0.2863940147880228,0.1678543090820312
free5gc,free5gc-amf-7cbccff989-bbx5m,amf,1731631860000,0.1179687863380929,0.163919448852539
free5gc,free5gc-amf-7cbccff989-bbx5m,amf,1731631920000,0.3047156438053563,0.16300048828125
free5gc,free5gc-amf-7cbccff989-bbx5m,amf,1731631980000,0.1732690218948229,0.1585922241210937
free5gc,free5gc-amf-7cbccff989-bbx5m,amf,1731632040000,0.2419350482531595,0.1666183471679687
free5gc,free5gc-amf-7cbccff989-bbx5m,amf,1731632100000,0.2010736461204235,0.1586322784423828
free5gc,free5gc-amf-7cbccff989-bbx5m,amf,1731632160000,0.2703921788147287,0.1596649169921875
free5gc,free5gc-amf-7cbccff989-bbx5m,amf,1731632220000,0.2036325865099144,0.1599769592285156
free5gc,free5gc-amf-7cbccff989-bbx5m,amf,1731632280000,0.2747092513750245,0.1665267944335937
free5gc,free5gc-amf-7cbccff989-bbx5m,amf,1731632340000,0.2128764776978058,0.1566581726074218
free5gc,free5gc-amf-7cbccff989-bbx5m,amf,1731632400000,0.3602000801448426,0.1604034423828125
free5gc,free5gc-amf-7cbccff989-bbx5m,amf,1731632460000,0.4018917147992784,0.1671498616536458
free5gc,free5gc-amf-7cbccff989-bbx5m,amf,1731632520000,0.4151222529587928,0.3101177215576172
free5gc,free5gc-amf-7cbccff989-bbx5m,amf,1731632580000,0.0,0.3370208740234375
free5gc,free5gc-amf-7cbccff989-bbx5m,amf,1731632640000,0.0,0.3371505737304687
free5gc,free5gc-amf-7cbccff989-bbx5m,amf,1731632700000,0.0005922919835521,0.337533950805664
free5gc,free5gc-amf-7cbccff989-bbx5m,amf,1731632760000,0.0002259485917495,0.3373616536458333
free5gc,free5gc-amf-7cbccff989-bbx5m,amf,1731632820000,0.0004174777231018,0.3368473052978515
free5gc,free5gc-amf-7cbccff989-bbx5m,amf,1731632880000,0.0004033539322511,0.3364130655924479
free5gc,free5gc-amf-7cbccff989-bbx5m,amf,1731632940000,0.0006916480853554,0.3362528483072917
free5gc,free5gc-amf-7cbccff989-bbx5m,amf,1731633000000,0.0003749515122195,0.336090087890625
free5gc,free5gc-amf-7cbccff989-bbx5m,amf,1731633060000,0.0004686872000092,0.3361358642578125
free5gc,free5gc-amf-7cbccff989-bbx5m,amf,1731633120000,0.0002640416453255,0.33624267578125
free5gc,free5gc-amf-7cbccff989-bbx5m,amf,1731633180000,0.0005741389514871,0.3363698323567708
free5gc,free5gc-amf-7cbccff989-bbx5m,amf,1731633240000,0.0002759788188917,0.3364512125651042
free5gc,free5gc-amf-7cbccff989-bbx5m,amf,1731633300000,0.0004627265381755,0.3365478515625
free5gc,free5gc-amf-7cbccff989-bbx5m,amf,1731633360000,0.0003386786390674,0.3274765014648437
free5gc,free5gc-amf-7cbccff989-bbx5m,amf,1731633420000,0.0003622185726418,0.2992579142252604
free5gc,free5gc-amf-7cbccff989-bbx5m,amf,1731633480000,0.000296610485999,0.2992630004882812
free5gc,free5gc-amf-7cbccff989-bbx5m,amf,1731633540000,0.0005019082515062,0.2992630004882812
free5gc,free5gc-amf-7cbccff989-bbx5m,amf,1731633600000,0.0,0.2992630004882812
free5gc,free5gc-amf-7cbccff989-bbx5m,amf,1731633660000,0.0003430612310671,0.2992630004882812
free5gc,free5gc-amf-7cbccff989-bbx5m,amf,1731633720000,0.0,0.2992630004882812
free5gc,free5gc-amf-7cbccff989-bbx5m,amf,1731633780000,0.0,0.2991561889648437
free5gc,free5gc-amf-7cbccff989-bbx5m,amf,1731633840000,0.0,0.2991561889648437
free5gc,free5gc-amf-7cbccff989-bbx5m,amf,1731633900000,0.7770707752336269,0.4683074951171875
free5gc,free5gc-amf-7cbccff989-bbx5m,amf,1731633960000,0.8672215525663685,0.6117706298828125
free5gc,free5gc-amf-7cbccff989-bbx5m,amf,1731634020000,0.9979867400802682,0.4011611938476562
free5gc,free5gc-amf-7cbccff989-bbx5m,amf,1731634080000,1.0002539449900023,0.6589450836181641
free5gc,free5gc-amf-7cbccff989-bbx5m,amf,1731634140000,0.8263065878251344,0.5782909393310547
free5gc,free5gc-amf-7cbccff989-bbx5m,amf,1731634200000,0.9989429251886276,0.5779304504394531
free5gc,free5gc-amf-7cbccff989-bbx5m,amf,1731634260000,0.9976471783023696,0.9465618133544922
free5gc,free5gc-amf-7cbccff989-bbx5m,amf,1731634320000,1.0003704791846797,0.9257068634033204
free5gc,free5gc-amf-7cbccff989-bbx5m,amf,1731634380000,1.0001377037109669,0.4997227986653645
free5gc,free5gc-amf-7cbccff989-bbx5m,amf,1731634440000,0.998651717721672,0.3172798156738281
free5gc,free5gc-amf-7cbccff989-bbx5m,amf,1731634500000,0.8634341675135099,0.2561550140380859
free5gc,free5gc-amf-7cbccff989-bbx5m,amf,1731634560000,0.9996958972546984,0.313150405883789
free5gc,free5gc-amf-7cbccff989-bbx5m,amf,1731634620000,0.8423020444459818,0.2984886169433594
free5gc,free5gc-amf-7cbccff989-bbx5m,amf,1731634680000,0.9976457216494948,0.2644462585449219
free5gc,free5gc-amf-7cbccff989-bbx5m,amf,1731634740000,0.9972767684956184,0.2699871063232422
free5gc,free5gc-amf-7cbccff989-bbx5m,amf,1731634800000,0.99953713869043,0.2379714965820312
free5gc,free5gc-amf-7cbccff989-bbx5m,amf,1731634860000,0.7319646064000052,0.3375568389892578
free5gc,free5gc-amf-7cbccff989-bbx5m,amf,1731634920000,0.997193767997778,0.30584716796875
free5gc,free5gc-amf-7cbccff989-bbx5m,amf,1731634980000,0.9983492792800228,0.3831954956054687
free5gc,free5gc-amf-7cbccff989-bbx5m,amf,1731635040000,1.0008499873229326,0.3733545939127604
free5gc,free5gc-amf-7cbccff989-bbx5m,amf,1731635100000,0.9987664100229008,0.3015651702880859
free5gc,free5gc-amf-7cbccff989-bbx5m,amf,1731635160000,0.8206378689568893,0.2724609375
free5gc,free5gc-amf-7cbccff989-bbx5m,amf,1731635220000,0.8464949840652773,0.37017822265625
free5gc,free5gc-amf-7cbccff989-bbx5m,amf,1731635280000,0.9988834347193536,0.4694290161132812
free5gc,free5gc-amf-7cbccff989-bbx5m,amf,1731635340000,0.9967248262994804,0.2496986389160156
free5gc,free5gc-amf-7cbccff989-bbx5m,amf,1731635400000,0.9972063256981348,0.4097328186035156
free5gc,free5gc-amf-7cbccff989-bbx5m,amf,1731635460000,1.000343458605709,0.4293956756591797
free5gc,free5gc-amf-7cbccff989-bbx5m,amf,1731635520000,1.0009235159920546,0.341504414876302
free5gc,free5gc-amf-7cbccff989-bbx5m,amf,1731635580000,0.9970238333821728,0.4903240203857422
free5gc,free5gc-amf-7cbccff989-bbx5m,amf,1731635640000,1.0002214544516164,0.3572463989257812
free5gc,free5gc-amf-7cbccff989-bbx5m,amf,1731635700000,0.9985277480097288,0.3579959869384765
free5gc,free5gc-amf-7cbccff989-bbx5m,amf,1731635760000,0.9980386098406954,0.2949005126953125
free5gc,free5gc-amf-7cbccff989-bbx5m,amf,1731635820000,0.9973745981857114,0.2645378112792969
free5gc,free5gc-amf-7cbccff989-bbx5m,amf,1731635880000,0.9986764928099848,0.2806243896484375
free5gc,free5gc-amf-7cbccff989-bbx5m,amf,1731635940000,0.9991323600880402,0.3949317932128906
free5gc,free5gc-amf-7cbccff989-bbx5m,amf,1731636000000,1.002301038205529,0.5651535034179688
free5gc,free5gc-amf-7cbccff989-bbx5m,amf,1731636060000,0.9979221183159276,0.2731246948242187
free5gc,free5gc-amf-7cbccff989-bbx5m,amf,1731636120000,0.99870037253448,0.4109001159667969
free5gc,free5gc-amf-7cbccff989-bbx5m,amf,1731636180000,1.0000163541886908,0.3819522857666015
free5gc,free5gc-amf-7cbccff989-bbx5m,amf,1731636240000,0.9997694003826048,0.4023265838623047
free5gc,free5gc-amf-7cbccff989-bbx5m,amf,1731636300000,0.99822320523461,0.3529777526855469
free5gc,free5gc-amf-7cbccff989-bbx5m,amf,1731636360000,1.0007634094873905,0.3484992980957031
free5gc,free5gc-amf-7cbccff989-bbx5m,amf,1731636420000,1.0003002165214077,0.338388442993164
free5gc,free5gc-amf-7cbccff989-bbx5m,amf,1731636480000,1.000036621405615,0.3458124796549479
free5gc,free5gc-amf-7cbccff989-bbx5m,amf,1731636540000,0.9990405222932032,0.3446624755859375
free5gc,free5gc-amf-7cbccff989-bbx5m,amf,1731636600000,1.0002927502327126,0.4229774475097656
free5gc,free5gc-amf-7cbccff989-bbx5m,amf,1731636660000,0.9986697881109622,0.392547607421875
free5gc,free5gc-amf-7cbccff989-bbx5m,amf,1731636720000,0.9997357236999384,0.302093505859375
free5gc,free5gc-amf-7cbccff989-bbx5m,amf,1731636780000,0.9991734939553688,0.3104171752929687
free5gc,free5gc-amf-7cbccff989-bbx5m,amf,1731636840000,0.9981498273732636,0.3584671020507812
free5gc,free5gc-amf-7cbccff989-bbx5m,amf,1731636900000,0.9957332909792148,0.2370681762695312
free5gc,free5gc-amf-7cbccff989-bbx5m,amf,1731636960000,0.99571351964889,0.2621097564697265
free5gc,free5gc-amf-7cbccff989-bbx5m,amf,1731637020000,1.00000109113804,0.2784328460693359
free5gc,free5gc-amf-7cbccff989-bbx5m,amf,1731637080000,0.8516606905399783,0.263071060180664
free5gc,free5gc-amf-7cbccff989-bbx5m,amf,1731637140000,0.7571885402066514,0.3238388061523437
free5gc,free5gc-amf-7cbccff989-bbx5m,amf,1731637200000,0.5416651694513435,0.3935063680013021
free5gc,free5gc-amf-7cbccff989-bbx5m,amf,1731637260000,0.8747563176203432,0.4061737060546875
free5gc,free5gc-amf-7cbccff989-bbx5m,amf,1731637320000,0.8555995382446229,0.3961753845214844
free5gc,free5gc-amf-7cbccff989-bbx5m,amf,1731637380000,0.3782295959563675,0.3870048522949219
free5gc,free5gc-amf-7cbccff989-bbx5m,amf,1731637440000,0.5222249939825611,0.3774833679199219
free5gc,free5gc-amf-7cbccff989-bbx5m,amf,1731637500000,0.3609315929479801,0.3810195922851562
free5gc,free5gc-amf-7cbccff989-bbx5m,amf,1731637560000,0.9344138432199514,0.4050318400065104
free5gc,free5gc-amf-7cbccff989-bbx5m,amf,1731637620000,0.582401931208185,0.3832511901855469
free5gc,free5gc-amf-7cbccff989-bbx5m,amf,1731637680000,0.3592255167895931,0.38201904296875
free5gc,free5gc-amf-7cbccff989-bbx5m,amf,1731637740000,0.564322731029231,0.3880157470703125
free5gc,free5gc-amf-7cbccff989-bbx5m,amf,1731637800000,0.5100886248476447,0.3936042785644531
free5gc,free5gc-amf-7cbccff989-bbx5m,amf,1731637860000,0.3754502597673541,0.3812599182128906
free5gc,free5gc-amf-7cbccff989-bbx5m,amf,1731637920000,0.2622609715371933,0.3853893280029297
free5gc,free5gc-amf-7cbccff989-bbx5m,amf,1731637980000,0.6659104454056683,0.3846435546875
free5gc,free5gc-amf-7cbccff989-bbx5m,amf,1731638040000,0.4640155029579694,0.3837661743164062
free5gc,free5gc-amf-7cbccff989-bbx5m,amf,1731638100000,0.5485850077795675,0.3996753692626953
free5gc,free5gc-amf-7cbccff989-bbx5m,amf,1731638160000,0.7571221724800005,0.3957010904947916
free5gc,free5gc-amf-7cbccff989-bbx5m,amf,1731638220000,0.4681036096117751,0.3893108367919922
free5gc,free5gc-amf-7cbccff989-bbx5m,amf,1731638280000,0.1930375753031857,0.3725757598876953
free5gc,free5gc-amf-7cbccff989-bbx5m,amf,1731638340000,0.4981377200452793,0.3937244415283203
free5gc,free5gc-amf-7cbccff989-bbx5m,amf,1731638400000,0.1899944885870372,0.3828315734863281
free5gc,free5gc-amf-7cbccff989-bbx5m,amf,1731638460000,0.5805074317681324,0.4016971588134765
free5gc,free5gc-amf-7cbccff989-bbx5m,amf,1731638520000,0.646789603266759,0.3947128295898437
free5gc,free5gc-amf-7cbccff989-bbx5m,amf,1731638580000,0.6784180949958025,0.3913803100585937
free5gc,free5gc-amf-7cbccff989-bbx5m,amf,1731638640000,0.6089166497168053,0.3980534871419271
free5gc,free5gc-amf-7cbccff989-bbx5m,amf,1731638700000,0.1531622422107328,0.380859375
free5gc,free5gc-amf-7cbccff989-bbx5m,amf,1731638760000,0.668190019766346,0.3806743621826172
free5gc,free5gc-amf-7cbccff989-bbx5m,amf,1731638820000,0.4370805800999734,0.3678181966145833
free5gc,free5gc-amf-7cbccff989-bbx5m,amf,1731638880000,0.4906203711405261,0.3388290405273437
free5gc,free5gc-amf-7cbccff989-bbx5m,amf,1731638940000,0.4631948064041026,0.33544921875
free5gc,free5gc-amf-7cbccff989-bbx5m,amf,1731639000000,0.7528953097337401,0.3509521484375
free5gc,free5gc-amf-7cbccff989-bbx5m,amf,1731639060000,0.4143487797157566,0.3348642985026042
free5gc,free5gc-amf-7cbccff989-bbx5m,amf,1731639120000,0.657039032037299,0.3512466430664062
free5gc,free5gc-amf-7cbccff989-bbx5m,amf,1731639180000,0.7068926043951136,0.344635009765625
free5gc,free5gc-amf-7cbccff989-bbx5m,amf,1731639240000,0.5471204895014734,0.3341503143310547
free5gc,free5gc-amf-7cbccff989-bbx5m,amf,1731639300000,0.3488082583927899,0.3339881896972656
free5gc,free5gc-amf-7cbccff989-bbx5m,amf,1731639360000,0.5408525895540395,0.3136730194091797
free5gc,free5gc-amf-7cbccff989-bbx5m,amf,1731639420000,0.5797318188626138,0.3070411682128906
free5gc,free5gc-amf-7cbccff989-bbx5m,amf,1731639480000,0.4344291350232468,0.3028793334960937
free5gc,free5gc-amf-7cbccff989-bbx5m,amf,1731639540000,0.3550941406761317,0.3045921325683594
free5gc,free5gc-amf-7cbccff989-bbx5m,amf,1731639600000,0.5769679295005313,0.3093719482421875
free5gc,free5gc-amf-7cbccff989-bbx5m,amf,1731639660000,0.273771615796665,0.3102620442708333
free5gc,free5gc-amf-7cbccff989-bbx5m,amf,1731639720000,0.5817564310741367,0.2996559143066406
free5gc,free5gc-amf-7cbccff989-bbx5m,amf,1731639780000,0.6934498839100527,0.2945098876953125
free5gc,free5gc-amf-7cbccff989-bbx5m,amf,1731639840000,0.801515117959939,0.2943832397460937
free5gc,free5gc-amf-7cbccff989-bbx5m,amf,1731639900000,0.7334494830657892,0.2896251678466797
free5gc,free5gc-amf-7cbccff989-bbx5m,amf,1731639960000,0.867838026878139,0.2968215942382812
free5gc,free5gc-amf-7cbccff989-bbx5m,amf,1731640020000,0.3831026003506365,0.2886962890625
free5gc,free5gc-amf-7cbccff989-bbx5m,amf,1731640080000,0.430816209059865,0.2737979888916015
free5gc,free5gc-amf-7cbccff989-bbx5m,amf,1731640140000,0.4141370479670518,0.2650477091471354
free5gc,free5gc-amf-7cbccff989-bbx5m,amf,1731640200000,0.6433827326369158,0.2779052734375
free5gc,free5gc-amf-7cbccff989-bbx5m,amf,1731640260000,0.3693869232656344,0.269622802734375
free5gc,free5gc-amf-7cbccff989-bbx5m,amf,1731640320000,0.6906978245070344,0.2803916931152344
free5gc,free5gc-amf-7cbccff989-bbx5m,amf,1731640380000,0.6361924771459426,0.26732177734375
free5gc,free5gc-amf-7cbccff989-bbx5m,amf,1731640440000,0.1479776545668926,0.259735107421875
free5gc,free5gc-amf-7cbccff989-bbx5m,amf,1731640500000,0.5647413264367087,0.2866382598876953
free5gc,free5gc-amf-7cbccff989-bbx5m,amf,1731640560000,0.9293363427907712,0.2772674560546875
free5gc,free5gc-amf-7cbccff989-bbx5m,amf,1731640620000,0.7370823355736037,0.2732742309570312
free5gc,free5gc-amf-7cbccff989-bbx5m,amf,1731640680000,0.5417411990732166,0.2728404998779297
free5gc,free5gc-amf-7cbccff989-bbx5m,amf,1731640740000,0.562068096761283,0.2716426849365234
free5gc,free5gc-amf-7cbccff989-bbx5m,amf,1731640800000,0.4584853713819699,0.2669410705566406
free5gc,free5gc-amf-7cbccff989-bbx5m,amf,1731640860000,0.3122024786966218,0.2649803161621094
free5gc,free5gc-amf-7cbccff989-bbx5m,amf,1731640920000,0.6974988882986527,0.2745647430419922
free5gc,free5gc-amf-7cbccff989-bbx5m,amf,1731640980000,0.4405638604184966,0.2535667419433594
free5gc,free5gc-amf-7cbccff989-bbx5m,amf,1731641040000,0.3419048988840167,0.2470684051513672
free5gc,free5gc-amf-7cbccff989-bbx5m,amf,1731641100000,0.573344527058017,0.2565937042236328
free5gc,free5gc-amf-7cbccff989-bbx5m,amf,1731641160000,0.4469838178319262,0.2688941955566406
free5gc,free5gc-amf-7cbccff989-bbx5m,amf,1731641220000,0.0992646472390985,0.2626762390136719
free5gc,free5gc-amf-7cbccff989-bbx5m,amf,1731641280000,0.6096989626796443,0.2626129150390625
free5gc,free5gc-amf-7cbccff989-bbx5m,amf,1731641340000,0.5301394569909906,0.2521387736002604
free5gc,free5gc-amf-7cbccff989-bbx5m,amf,1731641400000,0.4975887838124655,0.2499618530273437
free5gc,free5gc-amf-7cbccff989-bbx5m,amf,1731641460000,0.738239663009393,0.2459320068359375
free5gc,free5gc-amf-7cbccff989-bbx5m,amf,1731641520000,0.4514067588112025,0.2143503824869791
free5gc,free5gc-amf-7cbccff989-bbx5m,amf,1731641580000,0.4830882929465799,0.2298488616943359
free5gc,free5gc-amf-7cbccff989-bbx5m,amf,1731641640000,0.5211648449656292,0.2159309387207031
free5gc,free5gc-amf-7cbccff989-bbx5m,amf,1731641700000,0.1641895357944882,0.2107254028320312
free5gc,free5gc-amf-7cbccff989-bbx5m,amf,1731641760000,0.4371334867189885,0.2112503051757812
free5gc,free5gc-amf-7cbccff989-bbx5m,amf,1731641820000,0.4867295700132652,0.2153244018554687
free5gc,free5gc-amf-7cbccff989-bbx5m,amf,1731641880000,0.1838025486486495,0.2075252532958984
free5gc,free5gc-amf-7cbccff989-bbx5m,amf,1731641940000,0.7093329810739065,0.2256546020507812
free5gc,free5gc-amf-7cbccff989-bbx5m,amf,1731642000000,0.3702237352205659,0.2087078094482422
free5gc,free5gc-amf-7cbccff989-bbx5m,amf,1731642060000,0.5187724354511892,0.2077153523763021
free5gc,free5gc-amf-7cbccff989-bbx5m,amf,1731642120000,0.4947534499529731,0.191507339477539
free5gc,free5gc-amf-7cbccff989-bbx5m,amf,1731642180000,0.4074058185397584,0.1983642578125
free5gc,free5gc-amf-7cbccff989-bbx5m,amf,1731642240000,0.5175063408274734,0.2012802124023437
free5gc,free5gc-amf-7cbccff989-bbx5m,amf,1731642300000,0.488090009899412,0.2025070190429687
free5gc,free5gc-amf-7cbccff989-bbx5m,amf,1731642360000,0.6503906980080856,0.2048212687174479
free5gc,free5gc-amf-7cbccff989-bbx5m,amf,1731642420000,0.5213496403910955,0.201397705078125
free5gc,free5gc-amf-7cbccff989-bbx5m,amf,1731642480000,0.8228870905874585,0.2218532562255859
free5gc,free5gc-amf-7cbccff989-bbx5m,amf,1731642540000,0.5034584200518684,0.20169677734375
free5gc,free5gc-amf-7cbccff989-bbx5m,amf,1731642600000,0.4805754217300131,0.2030544281005859
free5gc,free5gc-amf-7cbccff989-bbx5m,amf,1731642660000,0.8178765920318738,0.2333552042643229
free5gc,free5gc-amf-7cbccff989-bbx5m,amf,1731642720000,0.7442811915779007,0.2044410705566406
free5gc,free5gc-amf-7cbccff989-bbx5m,amf,1731642780000,0.7704111968824561,0.2168045043945312
free5gc,free5gc-amf-7cbccff989-bbx5m,amf,1731642840000,0.7393868001556237,0.2025794982910156
free5gc,free5gc-amf-7cbccff989-bbx5m,amf,1731642900000,0.8591844437530344,0.2087993621826172
free5gc,free5gc-amf-7cbccff989-bbx5m,amf,1731642960000,0.4345116182060616,0.19844970703125
free5gc,free5gc-amf-7cbccff989-bbx5m,amf,1731643020000,0.1283816324972133,0.1934490203857422
free5gc,free5gc-amf-7cbccff989-bbx5m,amf,1731643080000,0.3459265943906283,0.1984634399414062
free5gc,free5gc-amf-7cbccff989-bbx5m,amf,1731643140000,0.8044204110479862,0.2141952514648437
free5gc,free5gc-amf-7cbccff989-bbx5m,amf,1731643200000,0.6759033113422905,0.1989730834960937
free5gc,free5gc-amf-7cbccff989-bbx5m,amf,1731643260000,0.4982852093734514,0.1967849731445312
free5gc,free5gc-amf-7cbccff989-bbx5m,amf,1731643320000,0.724499599323589,0.2091552734375
free5gc,free5gc-amf-7cbccff989-bbx5m,amf,1731643380000,0.5373107409313929,0.1941986083984375
free5gc,free5gc-amf-7cbccff989-bbx5m,amf,1731643440000,0.620921410455871,0.2080936431884765
free5gc,free5gc-amf-7cbccff989-bbx5m,amf,1731643500000,0.7695639579467078,0.2178382873535156
free5gc,free5gc-amf-7cbccff989-bbx5m,amf,1731643560000,0.666252478966107,0.1946582794189453
free5gc,free5gc-amf-7cbccff989-bbx5m,amf,1731643620000,0.3529241737634619,0.2025238037109375
free5gc,free5gc-amf-7cbccff989-bbx5m,amf,1731643680000,0.5026638260777394,0.2257970174153645
free5gc,free5gc-amf-7cbccff989-bbx5m,amf,1731643740000,0.3015611517595678,0.1961727142333984
free5gc,free5gc-amf-7cbccff989-bbx5m,amf,1731643800000,0.6452653136448805,0.2123908996582031
free5gc,free5gc-amf-7cbccff989-bbx5m,amf,1731643860000,0.2854219247446836,0.193857192993164
free5gc,free5gc-amf-7cbccff989-bbx5m,amf,1731643920000,0.6387255737338936,0.2047405242919922
free5gc,free5gc-amf-7cbccff989-bbx5m,amf,1731643980000,0.4178113867939163,0.1971626281738281
free5gc,free5gc-amf-7cbccff989-bbx5m,amf,1731644040000,0.715668757354835,0.218365478515625
free5gc,free5gc-amf-7cbccff989-bbx5m,amf,1731644100000,0.7815623579261913,0.2135009765625
free5gc,free5gc-amf-7cbccff989-bbx5m,amf,1731644160000,0.2770783031424686,0.1961269378662109
free5gc,free5gc-amf-7cbccff989-bbx5m,amf,1731644220000,0.8292478621279546,0.2037792205810547
free5gc,free5gc-amf-7cbccff989-bbx5m,amf,1731644280000,0.5151059987378283,0.2028217315673828
free5gc,free5gc-amf-7cbccff989-bbx5m,amf,1731644340000,0.7315574417412904,0.2101802825927734
free5gc,free5gc-amf-7cbccff989-bbx5m,amf,1731644400000,0.1885549564438244,0.1948757171630859
free5gc,free5gc-amf-7cbccff989-bbx5m,amf,1731644460000,0.3834457869205858,0.1933002471923828
free5gc,free5gc-amf-7cbccff989-bbx5m,amf,1731644520000,0.1281914695678152,0.1907234191894531
free5gc,free5gc-amf-7cbccff989-bbx5m,amf,1731644580000,0.7568458565013351,0.2135982513427734
free5gc,free5gc-amf-7cbccff989-bbx5m,amf,1731644640000,0.5615684453318185,0.1980921427408854
free5gc,free5gc-amf-7cbccff989-bbx5m,amf,1731644700000,0.8132341761941276,0.2276321411132812
free5gc,free5gc-amf-7cbccff989-bbx5m,amf,1731644760000,0.7030362428066662,0.2086334228515625
free5gc,free5gc-amf-7cbccff989-bbx5m,amf,1731644820000,0.6928074853951053,0.2110958099365234
free5gc,free5gc-amf-7cbccff989-bbx5m,amf,1731644880000,0.3183034575277445,0.2012310028076172
free5gc,free5gc-amf-7cbccff989-bbx5m,amf,1731644940000,0.4685132092201493,0.208514404296875
free5gc,free5gc-amf-7cbccff989-bbx5m,amf,1731645000000,0.7246874485778655,0.1940441131591797
free5gc,free5gc-amf-7cbccff989-bbx5m,amf,1731645060000,0.8286830601088288,0.1992149353027343
free5gc,free5gc-amf-7cbccff989-bbx5m,amf,1731645120000,0.6638018653238879,0.2048301696777343
free5gc,free5gc-amf-7cbccff989-bbx5m,amf,1731645180000,0.3797610654428074,0.1949564615885416
free5gc,free5gc-amf-7cbccff989-bbx5m,amf,1731645240000,0.495231055747254,0.191741943359375
free5gc,free5gc-amf-7cbccff989-bbx5m,amf,1731645300000,0.0499143310251126,0.1929473876953125
free5gc,free5gc-amf-7cbccff989-bbx5m,amf,1731645360000,0.3993136332882832,0.1934860229492187
free5gc,free5gc-amf-7cbccff989-bbx5m,amf,1731645420000,0.2998209589315937,0.1945978800455729
free5gc,free5gc-amf-7cbccff989-bbx5m,amf,1731645480000,0.2751502248856737,0.1980342864990234
free5gc,free5gc-amf-7cbccff989-bbx5m,amf,1731645540000,0.3356621988359566,0.2078933715820312
free5gc,free5gc-amf-7cbccff989-bbx5m,amf,1731645600000,0.9616603974846004,0.3141265869140625
free5gc,free5gc-amf-7cbccff989-bbx5m,amf,1731645660000,0.9335839143166276,0.3683071136474609
free5gc,free5gc-amf-7cbccff989-bbx5m,amf,1731645720000,0.0,0.381011962890625
free5gc,free5gc-amf-7cbccff989-bbx5m,amf,1731645780000,0.0001783405333436,0.3810176849365234
free5gc,free5gc-amf-7cbccff989-bbx5m,amf,1731645840000,0.000774245617612,0.3817214965820312
free5gc,free5gc-amf-7cbccff989-bbx5m,amf,1731645900000,0.0001035690856822,0.3820781707763672
free5gc,free5gc-amf-7cbccff989-bbx5m,amf,1731645960000,0.0008230104061637,0.3811931610107422
free5gc,free5gc-amf-7cbccff989-bbx5m,amf,1731646020000,0.0001182921110621,0.3809026082356771
free5gc,free5gc-amf-7cbccff989-bbx5m,amf,1731646080000,0.0005850215227798,0.3805789947509765
free5gc,free5gc-amf-7cbccff989-bbx5m,amf,1731646140000,0.0,0.3804855346679687
free5gc,free5gc-amf-7cbccff989-bbx5m,amf,1731646200000,0.0005658140185095,0.3807601928710937
free5gc,free5gc-amf-7cbccff989-bbx5m,amf,1731646260000,0.0001429291054568,0.3809375762939453
free5gc,free5gc-amf-7cbccff989-bbx5m,amf,1731646320000,0.0006491978881848,0.3809611002604167
free5gc,free5gc-amf-7cbccff989-bbx5m,amf,1731646380000,0.0002289237917915,0.380828857421875
free5gc,free5gc-amf-7cbccff989-bbx5m,amf,1731646440000,0.0005927390301954,0.3806304931640625
free5gc,free5gc-amf-7cbccff989-bbx5m,amf,1731646500000,0.0001468837584738,0.3805599212646484
free5gc,free5gc-amf-7cbccff989-bbx5m,amf,1731646560000,0.000616669274772,0.3805580139160156
free5gc,free5gc-amf-7cbccff989-bbx5m,amf,1731646620000,0.0001056090884504,0.3805592854817708
free5gc,free5gc-amf-7cbccff989-bbx5m,amf,1731646680000,0.0007855469089308,0.3805694580078125
free5gc,free5gc-amf-7cbccff989-bbx5m,amf,1731646740000,0.0001049410862942,0.3805694580078125
free5gc,free5gc-amf-7cbccff989-bbx5m,amf,1731646800000,0.0006531348538432,0.3805446624755859
free5gc,free5gc-amf-7cbccff989-bbx5m,amf,1731646860000,0.0001492078335287,0.3792343139648437
free5gc,free5gc-amf-7cbccff989-bbx5m,amf,1731646920000,0.0,0.3792343139648437
free5gc,free5gc-amf-7cbccff989-bbx5m,amf,1731646980000,0.0,0.3792343139648437
free5gc,free5gc-amf-7cbccff989-bbx5m,amf,1731647040000,0.0001563692549195,0.3771896362304687
free5gc,free5gc-amf-7cbccff989-bbx5m,amf,1731647100000,0.0004482278340988,0.3772811889648437
free5gc,free5gc-amf-7cbccff989-bbx5m,amf,1731647160000,0.0001990206788844,0.3773117065429687
free5gc,free5gc-amf-7cbccff989-bbx5m,amf,1731647220000,0.0005113834286819,0.3773117065429687
free5gc,free5gc-amf-7cbccff989-bbx5m,amf,1731647280000,0.0001263920804211,0.3771514892578125
free5gc,free5gc-amf-7cbccff989-bbx5m,amf,1731647340000,0.0003696583295163,0.376779556274414
free5gc,free5gc-amf-7cbccff989-bbx5m,amf,1731647400000,0.0001072382202064,0.360870361328125
free5gc,free5gc-amf-7cbccff989-bbx5m,amf,1731647460000,0.0004822234999664,0.360870361328125
free5gc,free5gc-amf-7cbccff989-bbx5m,amf,1731647520000,0.0001324632280039,0.3453369140625
free5gc,free5gc-amf-7cbccff989-bbx5m,amf,1731647580000,0.0006933993841505,0.3401692708333333
free5gc,free5gc-amf-7cbccff989-bbx5m,amf,1731647640000,0.0001578714167433,0.340179443359375
free5gc,free5gc-amf-7cbccff989-bbx5m,amf,1731647700000,0.0005157707433543,0.3381290435791015
free5gc,free5gc-amf-7cbccff989-bbx5m,amf,1731647760000,8.599002020194852e-05,0.334747314453125
free5gc,free5gc-amf-7cbccff989-bbx5m,amf,1731647820000,0.0,0.3260498046875
free5gc,free5gc-amf-7cbccff989-bbx5m,amf,1731647880000,0.0,0.3259353637695312
free5gc,free5gc-amf-7cbccff989-bbx5m,amf,1731647940000,0.0,0.3254318237304687
free5gc,free5gc-amf-7cbccff989-bbx5m,amf,1731648000000,0.0,0.3231684366861979
free5gc,free5gc-amf-7cbccff989-bbx5m,amf,1731648060000,0.0001256078456678,0.3214607238769531
free5gc,free5gc-amf-7cbccff989-bbx5m,amf,1731648120000,0.0006586802354962,0.32073974609375
free5gc,free5gc-amf-7cbccff989-bbx5m,amf,1731648180000,0.000214315419413,0.3200658162434895
free5gc,free5gc-amf-7cbccff989-bbx5m,amf,1731648240000,0.0007830973180555,0.3200276692708333
free5gc,free5gc-amf-7cbccff989-bbx5m,amf,1731648300000,0.0001958891295894,0.3199462890625
free5gc,free5gc-amf-7cbccff989-bbx5m,amf,1731648360000,0.0007419861954604,0.317138671875
free5gc,free5gc-amf-7cbccff989-bbx5m,amf,1731648420000,0.0001350608925084,0.3154525756835937
free5gc,free5gc-amf-7cbccff989-bbx5m,amf,1731648480000,0.000435754804696,0.3155250549316406
free5gc,free5gc-amf-7cbccff989-bbx5m,amf,1731648540000,0.0001406043468575,0.3111953735351562
free5gc,free5gc-amf-7cbccff989-bbx5m,amf,1731648600000,0.0014543066827073,0.2992528279622396
free5gc,free5gc-amf-7cbccff989-bbx5m,amf,1731648660000,7.984455247905485e-05,0.2943267822265625
free5gc,free5gc-amf-7cbccff989-bbx5m,amf,1731648720000,0.0006677319133953,0.2943572998046875
free5gc,free5gc-amf-7cbccff989-bbx5m,amf,1731648780000,0.0001731630859341,0.2944488525390625
free5gc,free5gc-amf-7cbccff989-bbx5m,amf,1731648840000,0.0005147064067161,0.2943979899088542
free5gc,free5gc-amf-7cbccff989-bbx5m,amf,1731648900000,0.0001175959554608,0.2942403157552083
free5gc,free5gc-amf-7cbccff989-bbx5m,amf,1731648960000,0.0006384595256165,0.2943038940429687
free5gc,free5gc-amf-7cbccff989-bbx5m,amf,1731649020000,0.0001343981623963,0.2944259643554687
