namespace,pod,container,timestamp,cpu-average,mem-average
free5gc,free5gc-amf-8745675cb-scvkr,amf,1731790740000,1.0011663673668416,0.7743187500000001
free5gc,free5gc-amf-8745675cb-scvkr,amf,1731790800000,1.0013096815138285,0.7915208333333333
free5gc,free5gc-amf-8745675cb-scvkr,amf,1731790860000,0.9987331746337196,0.73458203125
free5gc,free5gc-amf-8745675cb-scvkr,amf,1731790920000,0.9982442063099914,0.6041328125
free5gc,free5gc-amf-8745675cb-scvkr,amf,1731790980000,0.0585454132943893,0.237578125
free5gc,free5gc-amf-8745675cb-scvkr,amf,1731791040000,0.0001584477061857,0.182921875
free5gc,free5gc-amf-8745675cb-scvkr,amf,1731791100000,0.0006440461584917,0.1767890625
free5gc,free5gc-amf-8745675cb-scvkr,amf,1731791160000,0.0,0.1678645833333333
free5gc,free5gc-amf-8745675cb-scvkr,amf,1731791220000,0.0005423962742137,0.1664583333333333
free5gc,free5gc-amf-8745675cb-scvkr,amf,1731791280000,0.0001673740694031,0.16534375
free5gc,free5gc-amf-8745675cb-scvkr,amf,1731791340000,0.0006106271327335,0.16529296875
free5gc,free5gc-amf-8745675cb-scvkr,amf,1731791400000,0.0,0.165140625
free5gc,free5gc-amf-8745675cb-scvkr,amf,1731791460000,0.0005861632699228,0.158234375
free5gc,free5gc-amf-8745675cb-scvkr,amf,1731791520000,0.0,0.1535625
free5gc,free5gc-amf-8745675cb-scvkr,amf,1731791580000,0.0005618183859766,0.15359765625
free5gc,free5gc-amf-8745675cb-scvkr,amf,1731791640000,0.0,0.1518177083333333
free5gc,free5gc-amf-8745675cb-scvkr,amf,1731791700000,0.000457961649365,0.14494921875
free5gc,free5gc-amf-8745675cb-scvkr,amf,1731791760000,0.0001414032165211,0.144578125
free5gc,free5gc-amf-8745675cb-scvkr,amf,1731791820000,0.000653620009321,0.1443854166666666
free5gc,free5gc-amf-8745675cb-scvkr,amf,1731791880000,0.0,0.14446875
free5gc,free5gc-amf-8745675cb-scvkr,amf,1731791940000,0.0005554884338098,0.1445416666666666
free5gc,free5gc-amf-8745675cb-scvkr,amf,1731792000000,0.0,0.14315625
free5gc,free5gc-amf-8745675cb-scvkr,amf,1731792060000,0.000450663272183,0.1243125
free5gc,free5gc-amf-8745675cb-scvkr,amf,1731792120000,0.0001983941704395,0.1230234375
free5gc,free5gc-amf-8745675cb-scvkr,amf,1731792180000,0.0,0.123015625
free5gc,free5gc-amf-8745675cb-scvkr,amf,1731792240000,0.0003384291540207,0.12305859375
free5gc,free5gc-amf-8745675cb-scvkr,amf,1731792300000,0.0,0.123140625
free5gc,free5gc-amf-8745675cb-scvkr,amf,1731792360000,0.0002466353751206,0.1231484375
free5gc,free5gc-amf-8745675cb-scvkr,amf,1731792420000,0.0,0.123171875
free5gc,free5gc-amf-8745675cb-scvkr,amf,1731792480000,8.718610960387767e-05,0.122328125
free5gc,free5gc-amf-8745675cb-scvkr,amf,1731792540000,0.0,0.11975
free5gc,free5gc-amf-8745675cb-scvkr,amf,1731792600000,7.962626958096195e-06,0.119578125
free5gc,free5gc-amf-8745675cb-scvkr,amf,1731792660000,0.0003800415466664,0.1192687499999999
free5gc,free5gc-amf-8745675cb-scvkr,amf,1731792720000,1.4214548852944055e-05,0.1188125
free5gc,free5gc-amf-8745675cb-scvkr,amf,1731792780000,0.0,0.118796875
free5gc,free5gc-amf-8745675cb-scvkr,amf,1731792840000,8.541775867099947e-06,0.118578125
free5gc,free5gc-amf-8745675cb-scvkr,amf,1731792900000,0.0,0.118578125
free5gc,free5gc-amf-8745675cb-scvkr,amf,1731792960000,0.0,0.118578125
free5gc,free5gc-amf-8745675cb-scvkr,amf,1731793020000,0.0,0.118578125
free5gc,free5gc-amf-8745675cb-scvkr,amf,1731793080000,0.0,0.118703125
free5gc,free5gc-amf-8745675cb-scvkr,amf,1731793140000,0.0001426643527161,0.1187265625
free5gc,free5gc-amf-8745675cb-scvkr,amf,1731793200000,0.0005358618656331,0.118828125
free5gc,free5gc-amf-8745675cb-scvkr,amf,1731793260000,0.0001356739825611,0.118875
free5gc,free5gc-amf-8745675cb-scvkr,amf,1731793320000,0.0004685194080663,0.118875
free5gc,free5gc-amf-8745675cb-scvkr,amf,1731793380000,0.000122804326908,0.1188854166666666
free5gc,free5gc-amf-8745675cb-scvkr,amf,1731793440000,0.0005587404041528,0.1189322916666666
free5gc,free5gc-amf-8745675cb-scvkr,amf,1731793500000,0.0001999606080566,0.118953125
free5gc,free5gc-amf-8745675cb-scvkr,amf,1731793560000,0.0003883065171976,0.118953125
free5gc,free5gc-amf-8745675cb-scvkr,amf,1731793620000,9.898207445896702e-05,0.118953125
free5gc,free5gc-amf-8745675cb-scvkr,amf,1731793680000,0.0004825896972086,0.118953125
free5gc,free5gc-amf-8745675cb-scvkr,amf,1731793740000,0.0001096538691506,0.118953125
free5gc,free5gc-amf-8745675cb-scvkr,amf,1731793800000,0.0008198873988169,0.118953125
free5gc,free5gc-amf-8745675cb-scvkr,amf,1731793860000,0.0002572481821061,0.1189583333333333
free5gc,free5gc-amf-8745675cb-scvkr,amf,1731793920000,0.0006644891799839,0.1189739583333333
free5gc,free5gc-amf-8745675cb-scvkr,amf,1731793980000,0.0001168744190165,0.118953125
free5gc,free5gc-amf-8745675cb-scvkr,amf,1731794040000,0.0003684856518049,0.118953125
free5gc,free5gc-amf-8745675cb-scvkr,amf,1731794100000,0.0002734137194388,0.118953125
free5gc,free5gc-amf-8745675cb-scvkr,amf,1731794160000,0.0005590113851129,0.117890625
free5gc,free5gc-amf-8745675cb-scvkr,amf,1731794220000,0.0001674972687451,0.115765625
free5gc,free5gc-amf-8745675cb-scvkr,amf,1731794280000,0.0005994172310789,0.115765625
free5gc,free5gc-amf-8745675cb-scvkr,amf,1731794340000,0.0001332427892075,0.115765625
free5gc,free5gc-amf-8745675cb-scvkr,amf,1731794400000,0.0003270132155169,0.1157734375
free5gc,free5gc-amf-8745675cb-scvkr,amf,1731794460000,0.0001747515829115,0.1157916666666666
free5gc,free5gc-amf-8745675cb-scvkr,amf,1731794520000,0.0004800067457545,0.115796875
free5gc,free5gc-amf-8745675cb-scvkr,amf,1731794580000,0.0001515936338335,0.115796875
free5gc,free5gc-amf-8745675cb-scvkr,amf,1731794640000,0.0006366007839212,0.115796875
free5gc,free5gc-amf-8745675cb-scvkr,amf,1731794700000,0.0001404391956901,0.115796875
free5gc,free5gc-amf-8745675cb-scvkr,amf,1731794760000,0.0004176913485161,0.11578125
free5gc,free5gc-amf-8745675cb-scvkr,amf,1731794820000,0.000108525204498,0.1157916666666666
free5gc,free5gc-amf-8745675cb-scvkr,amf,1731794880000,0.0004863675197232,0.1156927083333333
free5gc,free5gc-amf-8745675cb-scvkr,amf,1731794940000,0.0002069915520786,0.1156354166666666
free5gc,free5gc-amf-8745675cb-scvkr,amf,1731795000000,0.000408838109046,0.115625
free5gc,free5gc-amf-8745675cb-scvkr,amf,1731795060000,0.0002017511803986,0.115625
free5gc,free5gc-amf-8745675cb-scvkr,amf,1731795120000,0.0004204422051245,0.1137578125
free5gc,free5gc-amf-8745675cb-scvkr,amf,1731795180000,0.0001945363103403,0.113328125
free5gc,free5gc-amf-8745675cb-scvkr,amf,1731795240000,0.0004743159947035,0.113328125
free5gc,free5gc-amf-8745675cb-scvkr,amf,1731795300000,0.0001208695896695,0.113328125
free5gc,free5gc-amf-8745675cb-scvkr,amf,1731795360000,0.0004788056235269,0.113328125
free5gc,free5gc-amf-8745675cb-scvkr,amf,1731795420000,0.0001320070011667,0.113328125
free5gc,free5gc-amf-8745675cb-scvkr,amf,1731795480000,0.0004360648439932,0.113328125
free5gc,free5gc-amf-8745675cb-scvkr,amf,1731795540000,0.0001081287792723,0.113328125
free5gc,free5gc-amf-8745675cb-scvkr,amf,1731795600000,0.0005022245229642,0.1126770833333333
free5gc,free5gc-amf-8745675cb-scvkr,amf,1731795660000,6.945162263295206e-05,0.1126875
free5gc,free5gc-amf-8745675cb-scvkr,amf,1731795720000,0.0004478075475317,0.1126927083333333
free5gc,free5gc-amf-8745675cb-scvkr,amf,1731795780000,0.0001546298579928,0.112703125
free5gc,free5gc-amf-8745675cb-scvkr,amf,1731795840000,0.0005925262460585,0.112703125
free5gc,free5gc-amf-8745675cb-scvkr,amf,1731795900000,9.470703967904251e-06,0.112703125
free5gc,free5gc-amf-8745675cb-scvkr,amf,1731795960000,0.0004057283714525,0.112703125
free5gc,free5gc-amf-8745675cb-scvkr,amf,1731796020000,0.0,0.112703125
free5gc,free5gc-amf-8745675cb-scvkr,amf,1731796080000,0.0004235920452468,0.112703125
free5gc,free5gc-amf-8745675cb-scvkr,amf,1731796140000,0.0,0.112703125
free5gc,free5gc-amf-8745675cb-scvkr,amf,1731796200000,0.0,0.112703125
free5gc,free5gc-amf-8745675cb-scvkr,amf,1731796260000,0.0,0.1128125
free5gc,free5gc-amf-8745675cb-scvkr,amf,1731796320000,0.0,0.1128125
free5gc,free5gc-amf-8745675cb-scvkr,amf,1731796380000,0.0,0.112890625
free5gc,free5gc-amf-8745675cb-scvkr,amf,1731796440000,0.0,0.11290625
free5gc,free5gc-amf-8745675cb-scvkr,amf,1731796500000,0.0001217697591158,0.11290625
free5gc,free5gc-amf-8745675cb-scvkr,amf,1731796560000,0.0001492532009609,0.11289453125
free5gc,free5gc-amf-8745675cb-scvkr,amf,1731796620000,0.0,0.112890625
free5gc,free5gc-amf-8745675cb-scvkr,amf,1731796680000,0.0,0.112890625
free5gc,free5gc-amf-8745675cb-scvkr,amf,1731796740000,0.0004893335786953,0.112890625
free5gc,free5gc-amf-8745675cb-scvkr,amf,1731796800000,0.0001714920372677,0.112890625
free5gc,free5gc-amf-8745675cb-scvkr,amf,1731796860000,0.0004857341522349,0.112875
free5gc,free5gc-amf-8745675cb-scvkr,amf,1731796920000,0.0001159891290872,0.11240234375
free5gc,free5gc-amf-8745675cb-scvkr,amf,1731796980000,0.000508007847197,0.1058645833333333
free5gc,free5gc-amf-8745675cb-scvkr,amf,1731797040000,0.0002187527277247,0.10465625
free5gc,free5gc-amf-8745675cb-scvkr,amf,1731797100000,0.0003080203146608,0.10465625
free5gc,free5gc-amf-8745675cb-scvkr,amf,1731797160000,0.0001329163853023,0.10465625
free5gc,free5gc-amf-8745675cb-scvkr,amf,1731797220000,0.0004106148809654,0.10465625
free5gc,free5gc-amf-8745675cb-scvkr,amf,1731797280000,0.0,0.10465625
free5gc,free5gc-amf-8745675cb-scvkr,amf,1731797340000,0.0003247241537538,0.10465625
free5gc,free5gc-amf-8745675cb-scvkr,amf,1731797400000,0.0001770828547992,0.10465625
free5gc,free5gc-amf-8745675cb-scvkr,amf,1731797460000,0.0003828682163688,0.10465625
free5gc,free5gc-amf-8745675cb-scvkr,amf,1731797520000,0.0001333929353381,0.10465625
free5gc,free5gc-amf-8745675cb-scvkr,amf,1731797580000,0.0005524701932039,0.10465625
free5gc,free5gc-amf-8745675cb-scvkr,amf,1731797640000,0.0002353560877584,0.10465625
free5gc,free5gc-amf-8745675cb-scvkr,amf,1731797700000,0.0,0.10465625
free5gc,free5gc-amf-8745675cb-scvkr,amf,1731797760000,8.63001287541473e-06,0.10465625
free5gc,free5gc-amf-8745675cb-scvkr,amf,1731797820000,0.0001959188718007,0.104703125
free5gc,free5gc-amf-8745675cb-scvkr,amf,1731797880000,0.0,0.10471875
free5gc,free5gc-amf-8745675cb-scvkr,amf,1731797940000,0.0001338477265011,0.10471875
free5gc,free5gc-amf-8745675cb-scvkr,amf,1731798000000,0.0006518884837854,0.10471875
free5gc,free5gc-amf-8745675cb-scvkr,amf,1731798060000,0.0002770597824543,0.10471875
free5gc,free5gc-amf-8745675cb-scvkr,amf,1731798120000,0.0005100646806642,0.10471875
free5gc,free5gc-amf-8745675cb-scvkr,amf,1731798180000,5.592794555513833e-05,0.10471875
free5gc,free5gc-amf-8745675cb-scvkr,amf,1731798240000,0.0,0.10471875
free5gc,free5gc-amf-8745675cb-scvkr,amf,1731798300000,0.0001465646551729,0.10471875
free5gc,free5gc-amf-8745675cb-scvkr,amf,1731798360000,0.0005838738772926,0.104453125
free5gc,free5gc-amf-8745675cb-scvkr,amf,1731798420000,0.0001611984966991,0.10446484375
free5gc,free5gc-amf-8745675cb-scvkr,amf,1731798480000,0.0,0.1025572916666666
free5gc,free5gc-amf-8745675cb-scvkr,amf,1731798540000,7.806833522307488e-05,0.102078125
free5gc,free5gc-amf-8745675cb-scvkr,amf,1731798600000,0.0004048541666659,0.0979114583333333
free5gc,free5gc-amf-8745675cb-scvkr,amf,1731798660000,6.751336633168372e-06,0.097921875
free5gc,free5gc-amf-8745675cb-scvkr,amf,1731798720000,0.0,0.097921875
free5gc,free5gc-amf-8745675cb-scvkr,amf,1731798780000,0.0,0.09692578125
free5gc,free5gc-amf-8745675cb-scvkr,amf,1731798840000,0.0001579144062151,0.09659375
free5gc,free5gc-amf-8745675cb-scvkr,amf,1731798900000,0.0003357282913168,0.09659375
free5gc,free5gc-amf-8745675cb-scvkr,amf,1731798960000,0.00021662765854,0.09659375
free5gc,free5gc-amf-8745675cb-scvkr,amf,1731799020000,0.0004276300297833,0.09659375
free5gc,free5gc-amf-8745675cb-scvkr,amf,1731799080000,0.0001927666449646,0.09659375
free5gc,free5gc-amf-8745675cb-scvkr,amf,1731799140000,0.0005163523500961,0.09342578125
free5gc,free5gc-amf-8745675cb-scvkr,amf,1731799200000,0.0001564280271493,0.092234375
free5gc,free5gc-amf-8745675cb-scvkr,amf,1731799260000,0.0004690128419872,0.092234375
free5gc,free5gc-amf-8745675cb-scvkr,amf,1731799320000,6.855017037488237e-05,0.092234375
free5gc,free5gc-amf-8745675cb-scvkr,amf,1731799380000,0.0004861294427503,0.092234375
free5gc,free5gc-amf-8745675cb-scvkr,amf,1731799440000,5.2382597095009227e-05,0.0922421875
free5gc,free5gc-amf-8745675cb-scvkr,amf,1731799500000,0.000402418226855,0.09225
free5gc,free5gc-amf-8745675cb-scvkr,amf,1731799560000,0.0001201148115448,0.09225
free5gc,free5gc-amf-8745675cb-scvkr,amf,1731799620000,0.0,0.09225
free5gc,free5gc-amf-8745675cb-scvkr,amf,1731799680000,0.0,0.09225
free5gc,free5gc-amf-8745675cb-scvkr,amf,1731799740000,0.0003010516155653,0.0921484375
free5gc,free5gc-amf-8745675cb-scvkr,amf,1731799800000,0.0,0.09184375
free5gc,free5gc-amf-8745675cb-scvkr,amf,1731799860000,0.0,0.0915572916666666
free5gc,free5gc-amf-8745675cb-scvkr,amf,1731799920000,0.0004131372132633,0.09023046875
free5gc,free5gc-amf-8745675cb-scvkr,amf,1731799980000,0.0001043902318087,0.0899791666666666
free5gc,free5gc-amf-8745675cb-scvkr,amf,1731800040000,0.0,0.0880625
free5gc,free5gc-amf-8745675cb-scvkr,amf,1731800100000,0.000150640918214,0.0880625
free5gc,free5gc-amf-8745675cb-scvkr,amf,1731800160000,0.0005043266510069,0.0880625
free5gc,free5gc-amf-8745675cb-scvkr,amf,1731800220000,7.583000000010997e-06,0.0880625
free5gc,free5gc-amf-8745675cb-scvkr,amf,1731800280000,0.000339645555123,0.0880625
free5gc,free5gc-amf-8745675cb-scvkr,amf,1731800340000,9.08139641747122e-06,0.0880625
free5gc,free5gc-amf-8745675cb-scvkr,amf,1731800400000,0.0002334550771075,0.0880625
free5gc,free5gc-amf-8745675cb-scvkr,amf,1731800460000,0.0,0.087890625
free5gc,free5gc-amf-8745675cb-scvkr,amf,1731800520000,8.542424492293141e-05,0.087890625
free5gc,free5gc-amf-8745675cb-scvkr,amf,1731800580000,0.0003932577764546,0.087890625
free5gc,free5gc-amf-8745675cb-scvkr,amf,1731800640000,0.0001495910345947,0.087890625
free5gc,free5gc-amf-8745675cb-scvkr,amf,1731800700000,0.0,0.087890625
free5gc,free5gc-amf-8745675cb-scvkr,amf,1731800760000,0.0001723066768811,0.087890625
free5gc,free5gc-amf-8745675cb-scvkr,amf,1731800820000,0.0004630025120584,0.087890625
free5gc,free5gc-amf-8745675cb-scvkr,amf,1731800880000,9.269413204136594e-06,0.087890625
free5gc,free5gc-amf-8745675cb-scvkr,amf,1731800940000,0.000374695645895,0.08737890625
free5gc,free5gc-amf-8745675cb-scvkr,amf,1731801000000,1.2370555734856188e-05,0.087390625
free5gc,free5gc-amf-8745675cb-scvkr,amf,1731801060000,0.0,0.0874375
free5gc,free5gc-amf-8745675cb-scvkr,amf,1731801120000,0.0,0.08724609375
free5gc,free5gc-amf-8745675cb-scvkr,amf,1731801180000,0.0,0.087046875
free5gc,free5gc-amf-8745675cb-scvkr,amf,1731801240000,0.0,0.0870625
free5gc,free5gc-amf-8745675cb-scvkr,amf,1731801300000,0.0,0.0870625
free5gc,free5gc-amf-8745675cb-scvkr,amf,1731801360000,0.0,0.0870625
free5gc,free5gc-amf-8745675cb-scvkr,amf,1731801420000,0.0,0.0858697916666666
free5gc,free5gc-amf-8745675cb-scvkr,amf,1731801480000,0.0,0.08421875
free5gc,free5gc-amf-8745675cb-scvkr,amf,1731801540000,0.0,0.0834609375
free5gc,free5gc-amf-8745675cb-scvkr,amf,1731801600000,0.0,0.082765625
free5gc,free5gc-amf-8745675cb-scvkr,amf,1731801660000,0.0,0.082765625
free5gc,free5gc-amf-8745675cb-scvkr,amf,1731801720000,0.0,0.082359375
free5gc,free5gc-amf-8745675cb-scvkr,amf,1731801780000,0.0,0.08215625
free5gc,free5gc-amf-8745675cb-scvkr,amf,1731801840000,0.0003280525099193,0.0818125
free5gc,free5gc-amf-8745675cb-scvkr,amf,1731801900000,7.644654561110151e-05,0.0818125
free5gc,free5gc-amf-8745675cb-scvkr,amf,1731801960000,0.0003455046415614,0.0811796875
free5gc,free5gc-amf-8745675cb-scvkr,amf,1731802020000,0.0001514236622246,0.0809921875
free5gc,free5gc-amf-8745675cb-scvkr,amf,1731802080000,0.0004863645207441,0.0810234375
free5gc,free5gc-amf-8745675cb-scvkr,amf,1731802140000,0.0001880992283607,0.08103125
free5gc,free5gc-amf-8745675cb-scvkr,amf,1731802200000,0.000183685623236,0.0809453125
free5gc,free5gc-amf-8745675cb-scvkr,amf,1731802260000,0.0001080990019204,0.0804791666666666
free5gc,free5gc-amf-8745675cb-scvkr,amf,1731802320000,0.0004477821207331,0.07865625
free5gc,free5gc-amf-8745675cb-scvkr,amf,1731802380000,0.0,0.07865625
free5gc,free5gc-amf-8745675cb-scvkr,amf,1731802440000,0.0003948076932847,0.0784583333333333
free5gc,free5gc-amf-8745675cb-scvkr,amf,1731802500000,0.0001486214511041,0.07783203125
free5gc,free5gc-amf-8745675cb-scvkr,amf,1731802560000,0.0003811141757181,0.07784375
free5gc,free5gc-amf-8745675cb-scvkr,amf,1731802620000,0.0,0.07784375
free5gc,free5gc-amf-8745675cb-scvkr,amf,1731802680000,0.0,0.07784375
free5gc,free5gc-amf-8745675cb-scvkr,amf,1731802740000,0.0,0.07784375
free5gc,free5gc-amf-8745675cb-scvkr,amf,1731802800000,0.0,0.07784375
free5gc,free5gc-amf-8745675cb-scvkr,amf,1731802860000,0.0,0.07784375
free5gc,free5gc-amf-8745675cb-scvkr,amf,1731802920000,0.0,0.07784375
free5gc,free5gc-amf-8745675cb-scvkr,amf,1731802980000,0.0,0.07784375
free5gc,free5gc-amf-8745675cb-scvkr,amf,1731803040000,0.0,0.07784375
free5gc,free5gc-amf-8745675cb-scvkr,amf,1731803100000,0.0,0.07784375
free5gc,free5gc-amf-8745675cb-scvkr,amf,1731803160000,0.0,0.077078125
free5gc,free5gc-amf-8745675cb-scvkr,amf,1731803220000,0.0001216568518721,0.076796875
free5gc,free5gc-amf-8745675cb-scvkr,amf,1731803280000,0.0001376587291894,0.076796875
free5gc,free5gc-amf-8745675cb-scvkr,amf,1731803340000,0.0003936497339969,0.0766614583333333
free5gc,free5gc-amf-8745675cb-scvkr,amf,1731803400000,0.0001165267999994,0.07659375
free5gc,free5gc-amf-8745675cb-scvkr,amf,1731803460000,0.0003722215637111,0.07659375
free5gc,free5gc-amf-8745675cb-scvkr,amf,1731803520000,0.0,0.07659375
free5gc,free5gc-amf-8745675cb-scvkr,amf,1731803580000,0.0,0.07659375
free5gc,free5gc-amf-8745675cb-scvkr,amf,1731803640000,0.0,0.07659375
free5gc,free5gc-amf-8745675cb-scvkr,amf,1731803700000,0.0001121306055848,0.07659375
free5gc,free5gc-amf-8745675cb-scvkr,amf,1731803760000,0.0006061733304934,0.07659375
free5gc,free5gc-amf-8745675cb-scvkr,amf,1731803820000,6.600598449112706e-05,0.07659375
free5gc,free5gc-amf-8745675cb-scvkr,amf,1731803880000,0.0002892110845021,0.07659375
free5gc,free5gc-amf-8745675cb-scvkr,amf,1731803940000,0.0,0.07659375
free5gc,free5gc-amf-8745675cb-scvkr,amf,1731804000000,0.0001141277834869,0.07659375
free5gc,free5gc-amf-8745675cb-scvkr,amf,1731804060000,0.0003312750523351,0.0763125
free5gc,free5gc-amf-8745675cb-scvkr,amf,1731804120000,0.0002792660675965,0.0760208333333333
free5gc,free5gc-amf-8745675cb-scvkr,amf,1731804180000,0.000340805142628,0.07572265625
free5gc,free5gc-amf-8745675cb-scvkr,amf,1731804240000,8.755317533721117e-06,0.075734375
free5gc,free5gc-amf-8745675cb-scvkr,amf,1731804300000,0.0,0.075734375
free5gc,free5gc-amf-8745675cb-scvkr,amf,1731804360000,0.0,0.0744140625
free5gc,free5gc-amf-8745675cb-scvkr,amf,1731804420000,0.0,0.07309375
free5gc,free5gc-amf-8745675cb-scvkr,amf,1731804480000,0.0,0.07309375
free5gc,free5gc-amf-8745675cb-scvkr,amf,1731804540000,5.568417493733602e-05,0.07309375
free5gc,free5gc-amf-8745675cb-scvkr,amf,1731804600000,0.0004636899123731,0.07309375
free5gc,free5gc-amf-8745675cb-scvkr,amf,1731804660000,0.0001458912454788,0.07309375
free5gc,free5gc-amf-8745675cb-scvkr,amf,1731804720000,0.0006458210274716,0.0731145833333333
free5gc,free5gc-amf-8745675cb-scvkr,amf,1731804780000,0.0001563582302658,0.073125
free5gc,free5gc-amf-8745675cb-scvkr,amf,1731804840000,0.0004619686181717,0.073125
free5gc,free5gc-amf-8745675cb-scvkr,amf,1731804900000,0.0001922269936902,0.073125
free5gc,free5gc-amf-8745675cb-scvkr,amf,1731804960000,0.0004373294959733,0.07312890625
free5gc,free5gc-amf-8745675cb-scvkr,amf,1731805020000,0.0001688578935039,0.073140625
free5gc,free5gc-amf-8745675cb-scvkr,amf,1731805080000,0.0,0.073140625
free5gc,free5gc-amf-8745675cb-scvkr,amf,1731805140000,0.0,0.073140625
free5gc,free5gc-amf-8745675cb-scvkr,amf,1731805200000,0.0,0.073140625
free5gc,free5gc-amf-8745675cb-scvkr,amf,1731805260000,0.0,0.0715989583333333
free5gc,free5gc-amf-8745675cb-scvkr,amf,1731805320000,0.0,0.071171875
free5gc,free5gc-amf-8745675cb-scvkr,amf,1731805380000,0.0,0.071171875
free5gc,free5gc-amf-8745675cb-scvkr,amf,1731805440000,0.0001134938691498,0.0713828125
free5gc,free5gc-amf-8745675cb-scvkr,amf,1731805500000,0.0002310461999996,0.07159375
free5gc,free5gc-amf-8745675cb-scvkr,amf,1731805560000,9.359059015672724e-05,0.07159375
free5gc,free5gc-amf-8745675cb-scvkr,amf,1731805620000,0.0004128623642543,0.07159375
free5gc,free5gc-amf-8745675cb-scvkr,amf,1731805680000,0.0,0.07159375
free5gc,free5gc-amf-8745675cb-scvkr,amf,1731805740000,0.0,0.07159375
free5gc,free5gc-amf-8745675cb-scvkr,amf,1731805800000,0.0,0.0708229166666666
free5gc,free5gc-amf-8745675cb-scvkr,amf,1731805860000,0.0001493396448807,0.06925
free5gc,free5gc-amf-8745675cb-scvkr,amf,1731805920000,0.000379661338661,0.06925
free5gc,free5gc-amf-8745675cb-scvkr,amf,1731805980000,0.0001257511635832,0.06925
free5gc,free5gc-amf-8745675cb-scvkr,amf,1731806040000,0.0003796489333627,0.06871875
free5gc,free5gc-amf-8745675cb-scvkr,amf,1731806100000,0.000152393348817,0.06871875
free5gc,free5gc-amf-8745675cb-scvkr,amf,1731806160000,0.0002631857575439,0.06871875
free5gc,free5gc-amf-8745675cb-scvkr,amf,1731806220000,6.981478066098835e-05,0.06871875
free5gc,free5gc-amf-8745675cb-scvkr,amf,1731806280000,0.0003148427172308,0.0687395833333333
free5gc,free5gc-amf-8745675cb-scvkr,amf,1731806340000,0.0,0.06878125
free5gc,free5gc-amf-8745675cb-scvkr,amf,1731806400000,0.0,0.06878125
free5gc,free5gc-amf-8745675cb-scvkr,amf,1731806460000,0.0,0.06878125
free5gc,free5gc-amf-8745675cb-scvkr,amf,1731806520000,0.0,0.06878125
free5gc,free5gc-amf-8745675cb-scvkr,amf,1731806580000,0.0003475328718373,0.06879296875
free5gc,free5gc-amf-8745675cb-scvkr,amf,1731806640000,0.0001144348192511,0.0687864583333333
free5gc,free5gc-amf-8745675cb-scvkr,amf,1731806700000,0.0003835555463444,0.06878125
free5gc,free5gc-amf-8745675cb-scvkr,amf,1731806760000,9.389961277721362e-05,0.06878125
free5gc,free5gc-amf-8745675cb-scvkr,amf,1731806820000,0.0005296753323142,0.06878125
free5gc,free5gc-amf-8745675cb-scvkr,amf,1731806880000,0.0001860089698537,0.06878125
free5gc,free5gc-amf-8745675cb-scvkr,amf,1731806940000,0.0003975818604509,0.068703125
free5gc,free5gc-amf-8745675cb-scvkr,amf,1731807000000,0.0002097128998347,0.068671875
free5gc,free5gc-amf-8745675cb-scvkr,amf,1731807060000,0.0004721326573726,0.068671875
free5gc,free5gc-amf-8745675cb-scvkr,amf,1731807120000,0.0,0.068671875
free5gc,free5gc-amf-8745675cb-scvkr,amf,1731807180000,0.0002895368150387,0.06730625
free5gc,free5gc-amf-8745675cb-scvkr,amf,1731807240000,0.0001848286560434,0.066265625
free5gc,free5gc-amf-8745675cb-scvkr,amf,1731807300000,0.0003532983718927,0.0662708333333333
free5gc,free5gc-amf-8745675cb-scvkr,amf,1731807360000,0.0,0.06628125
free5gc,free5gc-amf-8745675cb-scvkr,amf,1731807420000,0.0,0.06628125
free5gc,free5gc-amf-8745675cb-scvkr,amf,1731807480000,0.0001058540269341,0.06628125
free5gc,free5gc-amf-8745675cb-scvkr,amf,1731807540000,0.0001539799101718,0.06628125
free5gc,free5gc-amf-8745675cb-scvkr,amf,1731807600000,0.0004257823574957,0.0662890625
free5gc,free5gc-amf-8745675cb-scvkr,amf,1731807660000,9.663778301751816e-05,0.066296875
free5gc,free5gc-amf-8745675cb-scvkr,amf,1731807720000,0.0003158319567565,0.066296875
free5gc,free5gc-amf-8745675cb-scvkr,amf,1731807780000,0.0001493603108173,0.066296875
free5gc,free5gc-amf-8745675cb-scvkr,amf,1731807840000,0.0,0.066296875
free5gc,free5gc-amf-8745675cb-scvkr,amf,1731807900000,0.0,0.0663125
free5gc,free5gc-amf-8745675cb-scvkr,amf,1731807960000,0.0,0.0663125
free5gc,free5gc-amf-8745675cb-scvkr,amf,1731808020000,0.0,0.06634375
free5gc,free5gc-amf-8745675cb-scvkr,amf,1731808080000,0.0001910370602671,0.06642578125
free5gc,free5gc-amf-8745675cb-scvkr,amf,1731808140000,0.0,0.066453125
free5gc,free5gc-amf-8745675cb-scvkr,amf,1731808200000,0.000116707592331,0.066453125
free5gc,free5gc-amf-8745675cb-scvkr,amf,1731808260000,0.0001773191129347,0.0664739583333333
free5gc,free5gc-amf-8745675cb-scvkr,amf,1731808320000,0.0001440156174638,0.066484375
free5gc,free5gc-amf-8745675cb-scvkr,amf,1731808380000,0.0005561024028477,0.066484375
free5gc,free5gc-amf-8745675cb-scvkr,amf,1731808440000,0.0001032078319166,0.0664895833333333
free5gc,free5gc-amf-8745675cb-scvkr,amf,1731808500000,0.0003814001292016,0.0665
free5gc,free5gc-amf-8745675cb-scvkr,amf,1731808560000,0.0001854212692446,0.0665
free5gc,free5gc-amf-8745675cb-scvkr,amf,1731808620000,0.0002892527082785,0.0665
free5gc,free5gc-amf-8745675cb-scvkr,amf,1731808680000,0.0001637665185188,0.0665
free5gc,free5gc-amf-8745675cb-scvkr,amf,1731808740000,0.0005472084103751,0.0665
free5gc,free5gc-amf-8745675cb-scvkr,amf,1731808800000,8.65005197600287e-05,0.0665
free5gc,free5gc-amf-8745675cb-scvkr,amf,1731808860000,0.0,0.0665
free5gc,free5gc-amf-8745675cb-scvkr,amf,1731808920000,0.0,0.0665
free5gc,free5gc-amf-8745675cb-scvkr,amf,1731808980000,0.0,0.06653125
free5gc,free5gc-amf-8745675cb-scvkr,amf,1731809040000,0.0,0.06653125
free5gc,free5gc-amf-8745675cb-scvkr,amf,1731809100000,0.0,0.06653125
free5gc,free5gc-amf-8745675cb-scvkr,amf,1731809160000,0.0,0.06653125
free5gc,free5gc-amf-8745675cb-scvkr,amf,1731809220000,0.0,0.06653125
free5gc,free5gc-amf-8745675cb-scvkr,amf,1731809280000,0.0001202844405408,0.06653125
free5gc,free5gc-amf-8745675cb-scvkr,amf,1731809340000,0.0,0.06653125
free5gc,free5gc-amf-8745675cb-scvkr,amf,1731809400000,0.0,0.06653125
free5gc,free5gc-amf-8745675cb-scvkr,amf,1731809460000,0.0,0.0665625
free5gc,free5gc-amf-8745675cb-scvkr,amf,1731809520000,0.0,0.0665625
free5gc,free5gc-amf-8745675cb-scvkr,amf,1731809580000,0.0001119990100445,0.0665625
free5gc,free5gc-amf-8745675cb-scvkr,amf,1731809640000,0.000122793530738,0.06659765625
free5gc,free5gc-amf-8745675cb-scvkr,amf,1731809700000,8.83054573997627e-05,0.066609375
free5gc,free5gc-amf-8745675cb-scvkr,amf,1731809760000,0.0006307747806615,0.066609375
free5gc,free5gc-amf-8745675cb-scvkr,amf,1731809820000,0.0001246132288805,0.066609375
free5gc,free5gc-amf-8745675cb-scvkr,amf,1731809880000,0.0,0.066609375
free5gc,free5gc-amf-8745675cb-scvkr,amf,1731809940000,0.0001285346172508,0.066609375
free5gc,free5gc-amf-8745675cb-scvkr,amf,1731810000000,0.0,0.066609375
free5gc,free5gc-amf-8745675cb-scvkr,amf,1731810060000,0.0,0.066609375
free5gc,free5gc-amf-8745675cb-scvkr,amf,1731810120000,0.0,0.066609375
free5gc,free5gc-amf-8745675cb-scvkr,amf,1731810180000,0.0,0.066609375
free5gc,free5gc-amf-8745675cb-scvkr,amf,1731810240000,0.0,0.066625
free5gc,free5gc-amf-8745675cb-scvkr,amf,1731810300000,0.0,0.066625
free5gc,free5gc-amf-8745675cb-scvkr,amf,1731810360000,0.0,0.0659010416666666
free5gc,free5gc-amf-8745675cb-scvkr,amf,1731810420000,0.0,0.06278125
free5gc,free5gc-amf-8745675cb-scvkr,amf,1731810480000,0.0,0.062796875
free5gc,free5gc-amf-8745675cb-scvkr,amf,1731810540000,0.0,0.062796875
free5gc,free5gc-amf-8745675cb-scvkr,amf,1731810600000,0.0,0.062796875
free5gc,free5gc-amf-8745675cb-scvkr,amf,1731810660000,0.0,0.062796875
free5gc,free5gc-amf-8745675cb-scvkr,amf,1731810720000,0.0,0.062796875
free5gc,free5gc-amf-8745675cb-scvkr,amf,1731810780000,0.0003958417630933,0.062796875
free5gc,free5gc-amf-8745675cb-scvkr,amf,1731810840000,0.0,0.062796875
free5gc,free5gc-amf-8745675cb-scvkr,amf,1731810900000,0.0004881670981404,0.062796875
free5gc,free5gc-amf-8745675cb-scvkr,amf,1731810960000,0.0001703869271776,0.062796875
free5gc,free5gc-amf-8745675cb-scvkr,amf,1731811020000,0.0003168304914001,0.062796875
free5gc,free5gc-amf-8745675cb-scvkr,amf,1731811080000,7.008261979447989e-06,0.062796875
free5gc,free5gc-amf-8745675cb-scvkr,amf,1731811140000,0.0,0.062796875
free5gc,free5gc-amf-8745675cb-scvkr,amf,1731811200000,0.0,0.062796875
free5gc,free5gc-amf-8745675cb-scvkr,amf,1731811260000,7.337781536585594e-05,0.062796875
free5gc,free5gc-amf-8745675cb-scvkr,amf,1731811320000,0.0004157724560864,0.062796875
free5gc,free5gc-amf-8745675cb-scvkr,amf,1731811380000,0.0001136431646622,0.062796875
free5gc,free5gc-amf-8745675cb-scvkr,amf,1731811440000,0.0002372918412575,0.062796875
free5gc,free5gc-amf-8745675cb-scvkr,amf,1731811500000,0.0001055614157924,0.062640625
free5gc,free5gc-amf-8745675cb-scvkr,amf,1731811560000,0.0,0.062328125
free5gc,free5gc-amf-8745675cb-scvkr,amf,1731811620000,0.0001421689293847,0.062328125
free5gc,free5gc-amf-8745675cb-scvkr,amf,1731811680000,0.0,0.062328125
free5gc,free5gc-amf-8745675cb-scvkr,amf,1731811740000,0.0,0.062328125
free5gc,free5gc-amf-8745675cb-scvkr,amf,1731811800000,0.0,0.06234375
free5gc,free5gc-amf-8745675cb-scvkr,amf,1731811860000,0.0004152060309619,0.06234375
free5gc,free5gc-amf-8745675cb-scvkr,amf,1731811920000,6.719324978012718e-05,0.06234375
free5gc,free5gc-amf-8745675cb-scvkr,amf,1731811980000,0.0001350045637553,0.06234375
free5gc,free5gc-amf-8745675cb-scvkr,amf,1731812040000,0.0001221709874098,0.06234375
free5gc,free5gc-amf-8745675cb-scvkr,amf,1731812100000,0.000454078291814,0.062328125
free5gc,free5gc-amf-8745675cb-scvkr,amf,1731812160000,0.0001417468284259,0.0623125
free5gc,free5gc-amf-8745675cb-scvkr,amf,1731812220000,0.0006047317350299,0.062140625
free5gc,free5gc-amf-8745675cb-scvkr,amf,1731812280000,6.809676930078996e-05,0.062140625
free5gc,free5gc-amf-8745675cb-scvkr,amf,1731812340000,0.0004905610971936,0.062140625
free5gc,free5gc-amf-8745675cb-scvkr,amf,1731812400000,0.0001547345837329,0.060875
free5gc,free5gc-amf-8745675cb-scvkr,amf,1731812460000,0.0003867843804755,0.060859375
free5gc,free5gc-amf-8745675cb-scvkr,amf,1731812520000,0.0,0.060859375
free5gc,free5gc-amf-8745675cb-scvkr,amf,1731812580000,0.0,0.060859375
free5gc,free5gc-amf-8745675cb-scvkr,amf,1731812640000,8.757950872626537e-05,0.060859375
free5gc,free5gc-amf-8745675cb-scvkr,amf,1731812700000,9.43492450815413e-05,0.060859375
free5gc,free5gc-amf-8745675cb-scvkr,amf,1731812760000,0.0004990846984782,0.060859375
free5gc,free5gc-amf-8745675cb-scvkr,amf,1731812820000,0.0001050954422683,0.060859375
free5gc,free5gc-amf-8745675cb-scvkr,amf,1731812880000,0.0004440617605191,0.060859375
free5gc,free5gc-amf-8745675cb-scvkr,amf,1731812940000,0.0001188887309478,0.060859375
free5gc,free5gc-amf-8745675cb-scvkr,amf,1731813000000,0.0005860436517835,0.060859375
free5gc,free5gc-amf-8745675cb-scvkr,amf,1731813060000,8.227295955653083e-05,0.060859375
free5gc,free5gc-amf-8745675cb-scvkr,amf,1731813120000,0.0003549201116933,0.060859375
free5gc,free5gc-amf-8745675cb-scvkr,amf,1731813180000,7.737923649715018e-06,0.060875
free5gc,free5gc-amf-8745675cb-scvkr,amf,1731813240000,0.0,0.0605729166666666
free5gc,free5gc-amf-8745675cb-scvkr,amf,1731813300000,0.000105936969566,0.0599375
free5gc,free5gc-amf-8745675cb-scvkr,amf,1731813360000,6.034843067056122e-05,0.0599375
free5gc,free5gc-amf-8745675cb-scvkr,amf,1731813420000,0.0,0.0599375
free5gc,free5gc-amf-8745675cb-scvkr,amf,1731813480000,0.0001223549905037,0.0599375
free5gc,free5gc-amf-8745675cb-scvkr,amf,1731813540000,0.0004158352013966,0.0599375
free5gc,free5gc-amf-8745675cb-scvkr,amf,1731813600000,0.0,0.0599375
free5gc,free5gc-amf-8745675cb-scvkr,amf,1731813660000,0.0001117511829196,0.0599583333333333
free5gc,free5gc-amf-8745675cb-scvkr,amf,1731813720000,0.0001388453361617,0.059921875
free5gc,free5gc-amf-8745675cb-scvkr,amf,1731813780000,0.0003623191754032,0.059921875
free5gc,free5gc-amf-8745675cb-scvkr,amf,1731813840000,0.0001668572880075,0.059875
free5gc,free5gc-amf-8745675cb-scvkr,amf,1731813900000,0.0004501455127293,0.059875
free5gc,free5gc-amf-8745675cb-scvkr,amf,1731813960000,0.000121143395871,0.059875
free5gc,free5gc-amf-8745675cb-scvkr,amf,1731814020000,0.0009465529604753,0.059875
free5gc,free5gc-amf-8745675cb-scvkr,amf,1731814080000,0.0001168738782963,0.059875
free5gc,free5gc-amf-8745675cb-scvkr,amf,1731814140000,0.0005358732348421,0.0598802083333333
free5gc,free5gc-amf-8745675cb-scvkr,amf,1731814200000,9.989749987984816e-05,0.059890625
free5gc,free5gc-amf-8745675cb-scvkr,amf,1731814260000,0.0002402115888107,0.059890625
free5gc,free5gc-amf-8745675cb-scvkr,amf,1731814320000,9.219800587691353e-05,0.0598958333333333
free5gc,free5gc-amf-8745675cb-scvkr,amf,1731814380000,0.0,0.05990625
free5gc,free5gc-amf-8745675cb-scvkr,amf,1731814440000,1.1024792290495516e-05,0.059890625
free5gc,free5gc-amf-8745675cb-scvkr,amf,1731814500000,0.0,0.059890625
free5gc,free5gc-amf-8745675cb-scvkr,amf,1731814560000,0.0,0.059890625
free5gc,free5gc-amf-8745675cb-scvkr,amf,1731814620000,0.0001450401081926,0.05963671875
free5gc,free5gc-amf-8745675cb-scvkr,amf,1731814680000,0.0,0.059359375
free5gc,free5gc-amf-8745675cb-scvkr,amf,1731814740000,0.0001454619158569,0.059359375
free5gc,free5gc-amf-8745675cb-scvkr,amf,1731814800000,0.0,0.059359375
free5gc,free5gc-amf-8745675cb-scvkr,amf,1731814860000,0.000168119643346,0.0593203125
free5gc,free5gc-amf-8745675cb-scvkr,amf,1731814920000,0.0,0.059078125
free5gc,free5gc-amf-8745675cb-scvkr,amf,1731814980000,0.0,0.0582916666666666
free5gc,free5gc-amf-8745675cb-scvkr,amf,1731815040000,0.0001715698999987,0.0575520833333333
free5gc,free5gc-amf-8745675cb-scvkr,amf,1731815100000,0.0001323249056917,0.057234375
free5gc,free5gc-amf-8745675cb-scvkr,amf,1731815160000,0.0004441317925516,0.05725
free5gc,free5gc-amf-8745675cb-scvkr,amf,1731815220000,0.0002158096304589,0.057265625
free5gc,free5gc-amf-8745675cb-scvkr,amf,1731815280000,0.0003596731067826,0.057265625
free5gc,free5gc-amf-8745675cb-scvkr,amf,1731815340000,1.0156584548785802e-05,0.057265625
free5gc,free5gc-amf-8745675cb-scvkr,amf,1731815400000,0.0,0.057265625
free5gc,free5gc-amf-8745675cb-scvkr,amf,1731815460000,0.0,0.057265625
free5gc,free5gc-amf-8745675cb-scvkr,amf,1731815520000,0.0002299274888586,0.057265625
free5gc,free5gc-amf-8745675cb-scvkr,amf,1731815580000,0.0004457810423537,0.057265625
free5gc,free5gc-amf-8745675cb-scvkr,amf,1731815640000,0.0001096961957187,0.057265625
free5gc,free5gc-amf-8745675cb-scvkr,amf,1731815700000,0.0001935051428851,0.057265625
free5gc,free5gc-amf-8745675cb-scvkr,amf,1731815760000,0.0,0.057265625
free5gc,free5gc-amf-8745675cb-scvkr,amf,1731815820000,0.0001470647335019,0.057265625
free5gc,free5gc-amf-8745675cb-scvkr,amf,1731815880000,0.0003959270729271,0.057265625
free5gc,free5gc-amf-8745675cb-scvkr,amf,1731815940000,0.0001629392237622,0.057265625
free5gc,free5gc-amf-8745675cb-scvkr,amf,1731816000000,0.0004360110891486,0.057265625
free5gc,free5gc-amf-8745675cb-scvkr,amf,1731816060000,0.0001132512324358,0.057265625
free5gc,free5gc-amf-8745675cb-scvkr,amf,1731816120000,0.0004460078458521,0.057265625
free5gc,free5gc-amf-8745675cb-scvkr,amf,1731816180000,7.438522799967228e-05,0.056921875
free5gc,free5gc-amf-8745675cb-scvkr,amf,1731816240000,0.0005383399320101,0.056578125
free5gc,free5gc-amf-8745675cb-scvkr,amf,1731816300000,0.0001789919095364,0.0564947916666666
free5gc,free5gc-amf-8745675cb-scvkr,amf,1731816360000,0.0002975774611682,0.056265625
free5gc,free5gc-amf-8745675cb-scvkr,amf,1731816420000,0.0001936456744589,0.05569921875
free5gc,free5gc-amf-8745675cb-scvkr,amf,1731816480000,0.0003683899821878,0.055453125
free5gc,free5gc-amf-8745675cb-scvkr,amf,1731816540000,0.0002205797950406,0.0554739583333333
free5gc,free5gc-amf-8745675cb-scvkr,amf,1731816600000,0.0003966182279253,0.0554921875
free5gc,free5gc-amf-8745675cb-scvkr,amf,1731816660000,0.0001179326000013,0.0554895833333333
free5gc,free5gc-amf-8745675cb-scvkr,amf,1731816720000,0.0003480703898142,0.055484375
free5gc,free5gc-amf-8745675cb-scvkr,amf,1731816780000,9.727647757288724e-05,0.0554947916666666
free5gc,free5gc-amf-8745675cb-scvkr,amf,1731816840000,0.0004906603368513,0.0555
free5gc,free5gc-amf-8745675cb-scvkr,amf,1731816900000,0.0001781207682053,0.0555
free5gc,free5gc-amf-8745675cb-scvkr,amf,1731816960000,0.0005968684438786,0.0555
free5gc,free5gc-amf-8745675cb-scvkr,amf,1731817020000,0.0001654993901269,0.0555
free5gc,free5gc-amf-8745675cb-scvkr,amf,1731817080000,0.0002843207661234,0.0555
free5gc,free5gc-amf-8745675cb-scvkr,amf,1731817140000,0.0001184527013741,0.0555
free5gc,free5gc-amf-8745675cb-scvkr,amf,1731817200000,0.0005177405000011,0.0555208333333333
free5gc,free5gc-amf-8745675cb-scvkr,amf,1731817260000,0.0001005029147105,0.0555390625
free5gc,free5gc-amf-8745675cb-scvkr,amf,1731817320000,0.0004149117249852,0.055546875
free5gc,free5gc-amf-8745675cb-scvkr,amf,1731817380000,0.0001621315621002,0.055546875
free5gc,free5gc-amf-8745675cb-scvkr,amf,1731817440000,0.0004351937559671,0.055546875
free5gc,free5gc-amf-8745675cb-scvkr,amf,1731817500000,0.0001729618459145,0.055546875
free5gc,free5gc-amf-8745675cb-scvkr,amf,1731817560000,0.000644703381229,0.055546875
free5gc,free5gc-amf-8745675cb-scvkr,amf,1731817620000,0.0001721027215143,0.055546875
free5gc,free5gc-amf-8745675cb-scvkr,amf,1731817680000,0.0005241041743906,0.055546875
free5gc,free5gc-amf-8745675cb-scvkr,amf,1731817740000,0.0001638893138355,0.055546875
free5gc,free5gc-amf-8745675cb-scvkr,amf,1731817800000,0.0004962104406337,0.055546875
free5gc,free5gc-amf-8745675cb-scvkr,amf,1731817860000,0.0001064228416729,0.055546875
free5gc,free5gc-amf-8745675cb-scvkr,amf,1731817920000,0.0004598497074219,0.055546875
free5gc,free5gc-amf-8745675cb-scvkr,amf,1731817980000,0.0001396281870461,0.055546875
free5gc,free5gc-amf-8745675cb-scvkr,amf,1731818040000,0.0006025378092094,0.055546875
free5gc,free5gc-amf-8745675cb-scvkr,amf,1731818100000,8.108101101795321e-05,0.055546875
free5gc,free5gc-amf-8745675cb-scvkr,amf,1731818160000,0.000382623951229,0.055546875
free5gc,free5gc-amf-8745675cb-scvkr,amf,1731818220000,0.0001728433199749,0.0555520833333333
free5gc,free5gc-amf-8745675cb-scvkr,amf,1731818280000,0.000338519152322,0.0555625
free5gc,free5gc-amf-8745675cb-scvkr,amf,1731818340000,8.563058818502145e-05,0.0555625
free5gc,free5gc-amf-8745675cb-scvkr,amf,1731818400000,0.0006808983621017,0.0555625
free5gc,free5gc-amf-8745675cb-scvkr,amf,1731818460000,6.232015563119383e-05,0.0555625
free5gc,free5gc-amf-8745675cb-scvkr,amf,1731818520000,0.0,0.0555625
free5gc,free5gc-amf-8745675cb-scvkr,amf,1731818580000,0.0001685506050607,0.0555625
free5gc,free5gc-amf-8745675cb-scvkr,amf,1731818640000,0.0004317683497653,0.0555625
free5gc,free5gc-amf-8745675cb-scvkr,amf,1731818700000,0.0001184479725163,0.0555625
free5gc,free5gc-amf-8745675cb-scvkr,amf,1731818760000,0.0004102511250353,0.0555625
free5gc,free5gc-amf-8745675cb-scvkr,amf,1731818820000,0.0,0.0555625
free5gc,free5gc-amf-8745675cb-scvkr,amf,1731818880000,9.265134235492158e-05,0.0555703125
free5gc,free5gc-amf-8745675cb-scvkr,amf,1731818940000,0.0001834083637664,0.0555729166666666
free5gc,free5gc-amf-8745675cb-scvkr,amf,1731819000000,0.0002270076566136,0.0555625
free5gc,free5gc-amf-8745675cb-scvkr,amf,1731819060000,0.0003302737306844,0.0555625
free5gc,free5gc-amf-8745675cb-scvkr,amf,1731819120000,0.0001720715873883,0.05556640625
free5gc,free5gc-amf-8745675cb-scvkr,amf,1731819180000,0.0,0.055578125
free5gc,free5gc-amf-8745675cb-scvkr,amf,1731819240000,0.0,0.055578125
free5gc,free5gc-amf-8745675cb-scvkr,amf,1731819300000,0.0004574304739863,0.055578125
free5gc,free5gc-amf-8745675cb-scvkr,amf,1731819360000,0.0002093570752031,0.0554947916666666
free5gc,free5gc-amf-8745675cb-scvkr,amf,1731819420000,0.0,0.0552135416666666
free5gc,free5gc-amf-8745675cb-scvkr,amf,1731819480000,0.0,0.05509375
free5gc,free5gc-amf-8745675cb-scvkr,amf,1731819540000,0.0004040877605736,0.05510546875
free5gc,free5gc-amf-8745675cb-scvkr,amf,1731819600000,0.0,0.055140625
free5gc,free5gc-amf-8745675cb-scvkr,amf,1731819660000,0.0,0.05478125
free5gc,free5gc-amf-8745675cb-scvkr,amf,1731819720000,0.0,0.05478125
free5gc,free5gc-amf-8745675cb-scvkr,amf,1731819780000,0.0003544524247882,0.054796875
free5gc,free5gc-amf-8745675cb-scvkr,amf,1731819840000,0.0,0.054796875
free5gc,free5gc-amf-8745675cb-scvkr,amf,1731819900000,0.0,0.054796875
free5gc,free5gc-amf-8745675cb-scvkr,amf,1731819960000,0.0,0.054828125
free5gc,free5gc-amf-8745675cb-scvkr,amf,1731820020000,0.0,0.054828125
free5gc,free5gc-amf-8745675cb-scvkr,amf,1731820080000,0.0,0.054828125
free5gc,free5gc-amf-8745675cb-scvkr,amf,1731820140000,0.0005063118931552,0.054828125
free5gc,free5gc-amf-8745675cb-scvkr,amf,1731820200000,0.0,0.054828125
free5gc,free5gc-amf-8745675cb-scvkr,amf,1731820260000,0.0,0.0548125
free5gc,free5gc-amf-8745675cb-scvkr,amf,1731820320000,0.0,0.0548125
free5gc,free5gc-amf-8745675cb-scvkr,amf,1731820380000,0.0,0.0548125
free5gc,free5gc-amf-8745675cb-scvkr,amf,1731820440000,8.915419289636412e-05,0.0548125
free5gc,free5gc-amf-8745675cb-scvkr,amf,1731820500000,0.0,0.0548125
free5gc,free5gc-amf-8745675cb-scvkr,amf,1731820560000,0.0001463682901305,0.0548125
free5gc,free5gc-amf-8745675cb-scvkr,amf,1731820620000,0.0004625403704996,0.05480078125
free5gc,free5gc-amf-8745675cb-scvkr,amf,1731820680000,0.0,0.054796875
free5gc,free5gc-amf-8745675cb-scvkr,amf,1731820740000,0.0,0.054796875
free5gc,free5gc-amf-8745675cb-scvkr,amf,1731820800000,0.0,0.054796875
free5gc,free5gc-amf-8745675cb-scvkr,amf,1731820860000,0.0,0.054796875
free5gc,free5gc-amf-8745675cb-scvkr,amf,1731820920000,0.0,0.054796875
free5gc,free5gc-amf-8745675cb-scvkr,amf,1731820980000,0.0,0.054796875
free5gc,free5gc-amf-8745675cb-scvkr,amf,1731821040000,0.0,0.054796875
free5gc,free5gc-amf-8745675cb-scvkr,amf,1731821100000,0.0,0.054796875
free5gc,free5gc-amf-8745675cb-scvkr,amf,1731821160000,0.0,0.0549375
free5gc,free5gc-amf-8745675cb-scvkr,amf,1731821220000,0.0,0.0549375
free5gc,free5gc-amf-8745675cb-scvkr,amf,1731821280000,0.0,0.054953125
free5gc,free5gc-amf-8745675cb-scvkr,amf,1731821340000,0.0,0.0548046875
free5gc,free5gc-amf-8745675cb-scvkr,amf,1731821400000,0.0,0.05465625
free5gc,free5gc-amf-8745675cb-scvkr,amf,1731821460000,8.25243858015001e-05,0.05465625
free5gc,free5gc-amf-8745675cb-scvkr,amf,1731821520000,0.0003083809105549,0.05465625
free5gc,free5gc-amf-8745675cb-scvkr,amf,1731821580000,0.0,0.05465625
free5gc,free5gc-amf-8745675cb-scvkr,amf,1731821640000,0.0,0.05465625
free5gc,free5gc-amf-8745675cb-scvkr,amf,1731821700000,0.0,0.05465625
free5gc,free5gc-amf-8745675cb-scvkr,amf,1731821760000,0.0,0.05465625
free5gc,free5gc-amf-8745675cb-scvkr,amf,1731821820000,0.0,0.05465625
free5gc,free5gc-amf-8745675cb-scvkr,amf,1731821880000,0.000367518847461,0.05459375
free5gc,free5gc-amf-8745675cb-scvkr,amf,1731821940000,0.0,0.0543671875
free5gc,free5gc-amf-8745675cb-scvkr,amf,1731822000000,0.0,0.054265625
free5gc,free5gc-amf-8745675cb-scvkr,amf,1731822060000,0.0,0.054265625
free5gc,free5gc-amf-8745675cb-scvkr,amf,1731822120000,0.0004252408067594,0.054265625
free5gc,free5gc-amf-8745675cb-scvkr,amf,1731822180000,0.0,0.054265625
free5gc,free5gc-amf-8745675cb-scvkr,amf,1731822240000,0.0,0.054265625
free5gc,free5gc-amf-8745675cb-scvkr,amf,1731822300000,8.720549509311107e-05,0.054265625
free5gc,free5gc-amf-8745675cb-scvkr,amf,1731822360000,0.0,0.054265625
free5gc,free5gc-amf-8745675cb-scvkr,amf,1731822420000,0.0,0.054265625
free5gc,free5gc-amf-8745675cb-scvkr,amf,1731822480000,0.0003188861368464,0.05425
free5gc,free5gc-amf-8745675cb-scvkr,amf,1731822540000,0.0,0.054234375
free5gc,free5gc-amf-8745675cb-scvkr,amf,1731822600000,0.0,0.058296875
free5gc,free5gc-amf-8745675cb-scvkr,amf,1731822660000,0.0,0.0583125
free5gc,free5gc-amf-8745675cb-scvkr,amf,1731822720000,0.0003084267210009,0.05834765625
free5gc,free5gc-amf-8745675cb-scvkr,amf,1731822780000,0.0001793348193384,0.058359375
free5gc,free5gc-amf-8745675cb-scvkr,amf,1731822840000,0.0,0.058359375
free5gc,free5gc-amf-8745675cb-scvkr,amf,1731822900000,0.0,0.058359375
free5gc,free5gc-amf-8745675cb-scvkr,amf,1731822960000,0.0,0.058359375
free5gc,free5gc-amf-8745675cb-scvkr,amf,1731823020000,0.0,0.05835546875
free5gc,free5gc-amf-8745675cb-scvkr,amf,1731823080000,0.0,0.058328125
free5gc,free5gc-amf-8745675cb-scvkr,amf,1731823140000,0.0,0.058328125
free5gc,free5gc-amf-8745675cb-scvkr,amf,1731823200000,0.0,0.058328125
free5gc,free5gc-amf-8745675cb-scvkr,amf,1731823260000,0.0,0.058328125
free5gc,free5gc-amf-8745675cb-scvkr,amf,1731823320000,0.0,0.058328125
free5gc,free5gc-amf-8745675cb-scvkr,amf,1731823380000,0.0,0.058328125
free5gc,free5gc-amf-8745675cb-scvkr,amf,1731823440000,0.0,0.058328125
free5gc,free5gc-amf-8745675cb-scvkr,amf,1731823500000,0.0,0.058328125
free5gc,free5gc-amf-8745675cb-scvkr,amf,1731823560000,0.0,0.058328125
free5gc,free5gc-amf-8745675cb-scvkr,amf,1731823620000,0.0,0.058328125
free5gc,free5gc-amf-8745675cb-scvkr,amf,1731823680000,0.0,0.058328125
free5gc,free5gc-amf-8745675cb-scvkr,amf,1731823740000,0.0001721888349604,0.058328125
free5gc,free5gc-amf-8745675cb-scvkr,amf,1731823800000,0.0,0.05834375
free5gc,free5gc-amf-8745675cb-scvkr,amf,1731823860000,0.0,0.05834375
free5gc,free5gc-amf-8745675cb-scvkr,amf,1731823920000,0.0,0.05834375
free5gc,free5gc-amf-8745675cb-scvkr,amf,1731823980000,0.0,0.05834375
free5gc,free5gc-amf-8745675cb-scvkr,amf,1731824040000,0.0,0.05834375
free5gc,free5gc-amf-8745675cb-scvkr,amf,1731824100000,0.0,0.05834375
free5gc,free5gc-amf-8745675cb-scvkr,amf,1731824160000,0.0003216755715533,0.05834375
free5gc,free5gc-amf-8745675cb-scvkr,amf,1731824220000,0.0,0.058359375
free5gc,free5gc-amf-8745675cb-scvkr,amf,1731824280000,0.0,0.058359375
free5gc,free5gc-amf-8745675cb-scvkr,amf,1731824340000,0.0001415686742469,0.058359375
free5gc,free5gc-amf-8745675cb-scvkr,amf,1731824400000,0.0,0.058359375
free5gc,free5gc-amf-8745675cb-scvkr,amf,1731824460000,0.0,0.05840625
free5gc,free5gc-amf-8745675cb-scvkr,amf,1731824520000,0.0,0.05840625
free5gc,free5gc-amf-8745675cb-scvkr,amf,1731824580000,0.0,0.05840625
free5gc,free5gc-amf-8745675cb-scvkr,amf,1731824640000,0.0,0.05840625
free5gc,free5gc-amf-8745675cb-scvkr,amf,1731824700000,0.0,0.05840625
free5gc,free5gc-amf-8745675cb-scvkr,amf,1731824760000,0.0,0.05840625
free5gc,free5gc-amf-8745675cb-scvkr,amf,1731824820000,0.0,0.05840625
free5gc,free5gc-amf-8745675cb-scvkr,amf,1731824880000,0.0004843742984412,0.05840625
free5gc,free5gc-amf-8745675cb-scvkr,amf,1731824940000,0.0,0.0583697916666666
free5gc,free5gc-amf-8745675cb-scvkr,amf,1731825000000,0.0,0.058296875
free5gc,free5gc-amf-8745675cb-scvkr,amf,1731825060000,0.0,0.058296875
free5gc,free5gc-amf-8745675cb-scvkr,amf,1731825120000,0.0003790690274802,0.0583072916666666
free5gc,free5gc-amf-8745675cb-scvkr,amf,1731825180000,0.0,0.058328125
free5gc,free5gc-amf-8745675cb-scvkr,amf,1731825240000,0.0,0.0583125
free5gc,free5gc-amf-8745675cb-scvkr,amf,1731825300000,0.0,0.0581875
free5gc,free5gc-amf-8745675cb-scvkr,amf,1731825360000,0.0,0.0579375
